sample_id,family,function_name,optimization,label
buffer_copy_bad_O0,buffer_copy,buffer_copy_bad,O0,1
buffer_copy_bad_O1,buffer_copy,buffer_copy_bad,O1,1
buffer_copy_bad_O2,buffer_copy,buffer_copy_bad,O2,1
buffer_copy_bad_O3,buffer_copy,buffer_copy_bad,O3,1
buffer_copy_good_O0,buffer_copy,buffer_copy_good,O0,0
buffer_copy_good_O1,buffer_copy,buffer_copy_good,O1,0
buffer_copy_good_O2,buffer_copy,buffer_copy_good,O2,0
buffer_copy_good_O3,buffer_copy,buffer_copy_good,O3,0
buffer_index_bad_O0,buffer_index,buffer_index_bad,O0,1
buffer_index_bad_O1,buffer_index,buffer_index_bad,O1,1
buffer_index_bad_O2,buffer_index,buffer_index_bad,O2,1
buffer_index_bad_O3,buffer_index,buffer_index_bad,O3,1
buffer_index_good_O0,buffer_index,buffer_index_good,O0,0
buffer_index_good_O1,buffer_index,buffer_index_good,O1,0
buffer_index_good_O2,buffer_index,buffer_index_good,O2,0
buffer_index_good_O3,buffer_index,buffer_index_good,O3,0
integer_overflow_bad_O0,integer_overflow,integer_overflow_bad,O0,1
integer_overflow_bad_O1,integer_overflow,integer_overflow_bad,O1,1
integer_overflow_bad_O2,integer_overflow,integer_overflow_bad,O2,1
integer_overflow_bad_O3,integer_overflow,integer_overflow_bad,O3,1
integer_overflow_good_O0,integer_overflow,integer_overflow_good,O0,0
integer_overflow_good_O1,integer_overflow,integer_overflow_good,O1,0
integer_overflow_good_O2,integer_overflow,integer_overflow_good,O2,0
integer_overflow_good_O3,integer_overflow,integer_overflow_good,O3,0
null_pointer_bad_O0,null_pointer,null_pointer_bad,O0,1
null_pointer_bad_O1,null_pointer,null_pointer_bad,O1,1
null_pointer_bad_O2,null_pointer,null_pointer_bad,O2,1
null_pointer_bad_O3,null_pointer,null_pointer_bad,O3,1
null_pointer_good_O0,null_pointer,null_pointer_good,O0,0
null_pointer_good_O1,null_pointer,null_pointer_good,O1,0
null_pointer_good_O2,null_pointer,null_pointer_good,O2,0
null_pointer_good_O3,null_pointer,null_pointer_good,O3,0
division_bad_O0,division,division_bad,O0,1
division_bad_O1,division,division_bad,O1,1
division_bad_O2,division,division_bad,O2,1
division_bad_O3,division,division_bad,O3,1
division_good_O0,division,division_good,O0,0
division_good_O1,division,division_good,O1,0
division_good_O2,division,division_good,O2,0
division_good_O3,division,division_good,O3,0
format_bad_O0,format,format_bad,O0,1
format_bad_O1,format,format_bad,O1,1
format_bad_O2,format,format_bad,O2,1
format_bad_O3,format,format_bad,O3,1
format_good_O0,format,format_good,O0,0
format_good_O1,format,format_good,O1,0
format_good_O2,format,format_good,O2,0
format_good_O3,format,format_good,O3,0
signed_range_bad_O0,signed_range,signed_range_bad,O0,1
signed_range_bad_O1,signed_range,signed_range_bad,O1,1
signed_range_bad_O2,signed_range,signed_range_bad,O2,1
signed_range_bad_O3,signed_range,signed_range_bad,O3,1
signed_range_good_O0,signed_range,signed_range_good,O0,0
signed_range_good_O1,signed_range,signed_range_good,O1,0
signed_range_good_O2,signed_range,signed_range_good,O2,0
signed_range_good_O3,signed_range,signed_range_good,O3,0
array_bounds_bad_O0,array_bounds,array_bounds_bad,O0,1
array_bounds_bad_O1,array_bounds,array_bounds_bad,O1,1
array_bounds_bad_O2,array_bounds,array_bounds_bad,O2,1
array_bounds_bad_O3,array_bounds,array_bounds_bad,O3,1
array_bounds_good_O0,array_bounds,array_bounds_good,O0,0
array_bounds_good_O1,array_bounds,array_bounds_good,O1,0
array_bounds_good_O2,array_bounds,array_bounds_good,O2,0
array_bounds_good_O3,array_bounds,array_bounds_good,O3,0
text_copy_bad_O0,text_copy,text_copy_bad,O0,1
text_copy_bad_O1,text_copy,text_copy_bad,O1,1
text_copy_bad_O2,text_copy,text_copy_bad,O2,1
text_copy_bad_O3,text_copy,text_copy_bad,O3,1
text_copy_good_O0,text_copy,text_copy_good,O0,0
text_copy_good_O1,text_copy,text_copy_good,O1,0
text_copy_good_O2,text_copy,text_copy_good,O2,0
text_copy_good_O3,text_copy,text_copy_good,O3,0
