seed,sample_id,family,optimization,true_label,probability,prediction,error_type
42,buffer_copy_bad_O0,buffer_copy,O0,1,0.005133999045938253,0,FN
42,buffer_copy_bad_O1,buffer_copy,O1,1,0.0009904262842610478,0,FN
42,buffer_copy_bad_O2,buffer_copy,O2,1,0.0009904262842610478,0,FN
42,buffer_copy_bad_O3,buffer_copy,O3,1,0.0009904262842610478,0,FN
42,buffer_copy_good_O0,buffer_copy,O0,0,1.5348630027535448e-13,0,TN
42,buffer_copy_good_O1,buffer_copy,O1,0,1.3807781307217937e-11,0,TN
42,buffer_copy_good_O2,buffer_copy,O2,0,1.3807781307217937e-11,0,TN
42,buffer_copy_good_O3,buffer_copy,O3,0,1.3807781307217937e-11,0,TN
42,array_bounds_bad_O0,array_bounds,O0,1,0.9999982118606567,1,TP
42,array_bounds_bad_O1,array_bounds,O1,1,0.9999996423721313,1,TP
42,array_bounds_bad_O2,array_bounds,O2,1,0.9999996423721313,1,TP
42,array_bounds_bad_O3,array_bounds,O3,1,0.9999996423721313,1,TP
42,array_bounds_good_O0,array_bounds,O0,0,5.082235787767786e-08,0,TN
42,array_bounds_good_O1,array_bounds,O1,0,9.273564138823076e-10,0,TN
42,array_bounds_good_O2,array_bounds,O2,0,9.273564138823076e-10,0,TN
42,array_bounds_good_O3,array_bounds,O3,0,9.273564138823076e-10,0,TN
123,buffer_copy_bad_O0,buffer_copy,O0,1,0.00044527591671794653,0,FN
123,buffer_copy_bad_O1,buffer_copy,O1,1,0.002864663489162922,0,FN
123,buffer_copy_bad_O2,buffer_copy,O2,1,0.002864663489162922,0,FN
123,buffer_copy_bad_O3,buffer_copy,O3,1,0.002864663489162922,0,FN
123,buffer_copy_good_O0,buffer_copy,O0,0,3.1113019062153913e-13,0,TN
123,buffer_copy_good_O1,buffer_copy,O1,0,2.720914314170708e-13,0,TN
123,buffer_copy_good_O2,buffer_copy,O2,0,2.720914314170708e-13,0,TN
123,buffer_copy_good_O3,buffer_copy,O3,0,2.720914314170708e-13,0,TN
123,array_bounds_bad_O0,array_bounds,O0,1,0.9999967813491821,1,TP
123,array_bounds_bad_O1,array_bounds,O1,1,0.9999986886978149,1,TP
123,array_bounds_bad_O2,array_bounds,O2,1,0.9999986886978149,1,TP
123,array_bounds_bad_O3,array_bounds,O3,1,0.9999986886978149,1,TP
123,array_bounds_good_O0,array_bounds,O0,0,1.8207299490313744e-07,0,TN
123,array_bounds_good_O1,array_bounds,O1,0,3.751891158865206e-11,0,TN
123,array_bounds_good_O2,array_bounds,O2,0,3.751891158865206e-11,0,TN
123,array_bounds_good_O3,array_bounds,O3,0,3.751891158865206e-11,0,TN
2026,buffer_copy_bad_O0,buffer_copy,O0,1,6.321840919554234e-05,0,FN
2026,buffer_copy_bad_O1,buffer_copy,O1,1,0.0032446803525090218,0,FN
2026,buffer_copy_bad_O2,buffer_copy,O2,1,0.0032446803525090218,0,FN
2026,buffer_copy_bad_O3,buffer_copy,O3,1,0.0032446803525090218,0,FN
2026,buffer_copy_good_O0,buffer_copy,O0,0,4.5714279583997097e-10,0,TN
2026,buffer_copy_good_O1,buffer_copy,O1,0,1.2745090316457208e-08,0,TN
2026,buffer_copy_good_O2,buffer_copy,O2,0,1.2745090316457208e-08,0,TN
2026,buffer_copy_good_O3,buffer_copy,O3,0,1.2745090316457208e-08,0,TN
2026,array_bounds_bad_O0,array_bounds,O0,1,0.9999792575836182,1,TP
2026,array_bounds_bad_O1,array_bounds,O1,1,0.9999996423721313,1,TP
2026,array_bounds_bad_O2,array_bounds,O2,1,0.9999996423721313,1,TP
2026,array_bounds_bad_O3,array_bounds,O3,1,0.9999996423721313,1,TP
2026,array_bounds_good_O0,array_bounds,O0,0,5.002573743695393e-06,0,TN
2026,array_bounds_good_O1,array_bounds,O1,0,1.1273151301338658e-07,0,TN
2026,array_bounds_good_O2,array_bounds,O2,0,1.1273151301338658e-07,0,TN
2026,array_bounds_good_O3,array_bounds,O3,0,1.1273151301338658e-07,0,TN
7,buffer_copy_bad_O0,buffer_copy,O0,1,0.025707144290208817,0,FN
7,buffer_copy_bad_O1,buffer_copy,O1,1,0.005592897068709135,0,FN
7,buffer_copy_bad_O2,buffer_copy,O2,1,0.005592897068709135,0,FN
7,buffer_copy_bad_O3,buffer_copy,O3,1,0.005592897068709135,0,FN
7,buffer_copy_good_O0,buffer_copy,O0,0,2.388076847381626e-09,0,TN
7,buffer_copy_good_O1,buffer_copy,O1,0,2.919343877749725e-09,0,TN
7,buffer_copy_good_O2,buffer_copy,O2,0,2.919343877749725e-09,0,TN
7,buffer_copy_good_O3,buffer_copy,O3,0,2.919343877749725e-09,0,TN
7,array_bounds_bad_O0,array_bounds,O0,1,0.9999830722808838,1,TP
7,array_bounds_bad_O1,array_bounds,O1,1,0.9999995231628418,1,TP
7,array_bounds_bad_O2,array_bounds,O2,1,0.9999995231628418,1,TP
7,array_bounds_bad_O3,array_bounds,O3,1,0.9999995231628418,1,TP
7,array_bounds_good_O0,array_bounds,O0,0,1.0127595487574581e-05,0,TN
7,array_bounds_good_O1,array_bounds,O1,0,2.853149716486314e-08,0,TN
7,array_bounds_good_O2,array_bounds,O2,0,2.853149716486314e-08,0,TN
7,array_bounds_good_O3,array_bounds,O3,0,2.853149716486314e-08,0,TN
99,buffer_copy_bad_O0,buffer_copy,O0,1,0.015500438399612904,0,FN
99,buffer_copy_bad_O1,buffer_copy,O1,1,0.003405885072425008,0,FN
99,buffer_copy_bad_O2,buffer_copy,O2,1,0.003405885072425008,0,FN
99,buffer_copy_bad_O3,buffer_copy,O3,1,0.003405885072425008,0,FN
99,buffer_copy_good_O0,buffer_copy,O0,0,9.516408494558704e-11,0,TN
99,buffer_copy_good_O1,buffer_copy,O1,0,2.347159577809066e-09,0,TN
99,buffer_copy_good_O2,buffer_copy,O2,0,2.347159577809066e-09,0,TN
99,buffer_copy_good_O3,buffer_copy,O3,0,2.347159577809066e-09,0,TN
99,array_bounds_bad_O0,array_bounds,O0,1,0.99998939037323,1,TP
99,array_bounds_bad_O1,array_bounds,O1,1,0.9999995231628418,1,TP
99,array_bounds_bad_O2,array_bounds,O2,1,0.9999995231628418,1,TP
99,array_bounds_bad_O3,array_bounds,O3,1,0.9999995231628418,1,TP
99,array_bounds_good_O0,array_bounds,O0,0,1.8370706129644532e-06,0,TN
99,array_bounds_good_O1,array_bounds,O1,0,4.422836763495752e-09,0,TN
99,array_bounds_good_O2,array_bounds,O2,0,4.422836763495752e-09,0,TN
99,array_bounds_good_O3,array_bounds,O3,0,4.422836763495752e-09,0,TN
