model,seed,accuracy,precision,recall,f1,roc_auc,positive_mean_probability,negative_mean_probability,probability_separation,tp,fp,fn,tn
Security10_LogReg,42,0.875,0.8,1.0,0.8888888888888888,0.9375,0.659491907678926,0.3664138373755675,0.2930780703033585,24,6,0,18
Security10_LogReg,123,0.875,0.8,1.0,0.8888888888888888,0.9375,0.659491907678926,0.3664138373755675,0.2930780703033585,24,6,0,18
Security10_LogReg,2026,0.875,0.8,1.0,0.8888888888888888,0.9375,0.659491907678926,0.3664138373755675,0.2930780703033585,24,6,0,18
Security10_LogReg,7,0.875,0.8,1.0,0.8888888888888888,0.9375,0.659491907678926,0.3664138373755675,0.2930780703033585,24,6,0,18
Security10_LogReg,99,0.875,0.8,1.0,0.8888888888888888,0.9375,0.659491907678926,0.3664138373755675,0.2930780703033585,24,6,0,18
Pooled39_Linear,42,1.0,1.0,1.0,1.0,1.0,0.96914774676164,0.04147511282987656,0.9276726339317634,24,0,0,24
Pooled39_Linear,123,1.0,1.0,1.0,1.0,1.0,0.9660140797495842,0.04137204843965492,0.9246420313099293,24,0,0,24
Pooled39_Linear,2026,1.0,1.0,1.0,1.0,1.0,0.9665581534306208,0.04038354528573981,0.926174608144881,24,0,0,24
Pooled39_Linear,7,1.0,1.0,1.0,1.0,1.0,0.9629058788220087,0.03875556226739718,0.9241503165546116,24,0,0,24
Pooled39_Linear,99,1.0,1.0,1.0,1.0,1.0,0.9718281899889311,0.04180309502169166,0.9300250949672394,24,0,0,24
Pooled39_MLP,42,1.0,1.0,1.0,1.0,0.9999999999999999,0.999954010049502,0.0005857165970929483,0.9993682934524091,24,0,0,24
Pooled39_MLP,123,1.0,1.0,1.0,1.0,1.0,0.9987150480349859,0.0003945911576788555,0.9983204568773071,24,0,0,24
Pooled39_MLP,2026,1.0,1.0,1.0,1.0,1.0,0.9998766034841537,0.0020405188845868515,0.9978360845995669,24,0,0,24
Pooled39_MLP,7,1.0,1.0,1.0,1.0,0.9999999999999999,0.9998741447925568,0.000319269216530239,0.9995548755760265,24,0,0,24
Pooled39_MLP,99,1.0,1.0,1.0,1.0,1.0,0.9999413788318634,0.0006451157545216396,0.9992962630773418,24,0,0,24
GCN39,42,1.0,1.0,1.0,1.0,1.0,0.9997355863451958,1.907698750345524e-06,0.9997336786464455,24,0,0,24
GCN39,123,1.0,1.0,1.0,1.0,1.0,0.9983084226648012,1.3590582120905326e-06,0.9983070636065892,24,0,0,24
GCN39,2026,0.9791666666666666,1.0,0.9583333333333334,0.9787234042553191,1.0,0.9644431670506796,5.221518473740391e-07,0.9644426448988321,23,0,1,24
GCN39,7,1.0,1.0,1.0,1.0,1.0,0.9999210983514786,1.0881815295886117e-06,0.999920010169949,24,0,0,24
GCN39,99,0.9791666666666666,1.0,0.9583333333333334,0.9787234042553191,1.0,0.9744021768371264,2.849193616328363e-07,0.9744018919177647,23,0,1,24
