function_a,function_b,label,raw_similarity,weighted_similarity
add,add_similar,1,1.0,1.0
add,subtract,0,0.9286,0.5147
add,subtract_similar,0,0.9286,0.5147
add,multiply,0,0.9286,0.4483
add,multiply_similar,0,0.9286,0.4483
add,maximum,0,0.8142,0.4775
add,maximum_similar,0,0.8142,0.4775
add,minimum,0,0.8142,0.4775
add,minimum_similar,0,0.8142,0.4775
add,is_positive,0,0.72,0.2904
add,is_positive_similar,0,0.7606,0.2027
add,is_negative,0,0.7319,0.3057
add,is_negative_similar,0,0.7606,0.2027
add,identity,0,0.9091,0.6317
add,identity_similar,0,0.9091,0.6317
add_similar,subtract,0,0.9286,0.5147
add_similar,subtract_similar,0,0.9286,0.5147
add_similar,multiply,0,0.9286,0.4483
add_similar,multiply_similar,0,0.9286,0.4483
add_similar,maximum,0,0.8142,0.4775
add_similar,maximum_similar,0,0.8142,0.4775
add_similar,minimum,0,0.8142,0.4775
add_similar,minimum_similar,0,0.8142,0.4775
add_similar,is_positive,0,0.72,0.2904
add_similar,is_positive_similar,0,0.7606,0.2027
add_similar,is_negative,0,0.7319,0.3057
add_similar,is_negative_similar,0,0.7606,0.2027
add_similar,identity,0,0.9091,0.6317
add_similar,identity_similar,0,0.9091,0.6317
subtract,subtract_similar,1,1.0,1.0
subtract,multiply,0,0.9286,0.5147
subtract,multiply_similar,0,0.9286,0.5147
subtract,maximum,0,0.8496,0.7628
subtract,maximum_similar,0,0.8496,0.7628
subtract,minimum,0,0.8496,0.7628
subtract,minimum_similar,0,0.8496,0.7628
subtract,is_positive,0,0.768,0.5335
subtract,is_positive_similar,0,0.8452,0.4654
subtract,is_negative,0,0.7319,0.351
subtract,is_negative_similar,0,0.8452,0.4654
subtract,identity,0,0.9091,0.7252
subtract,identity_similar,0,0.9091,0.7252
subtract_similar,multiply,0,0.9286,0.5147
subtract_similar,multiply_similar,0,0.9286,0.5147
subtract_similar,maximum,0,0.8496,0.7628
subtract_similar,maximum_similar,0,0.8496,0.7628
subtract_similar,minimum,0,0.8496,0.7628
subtract_similar,minimum_similar,0,0.8496,0.7628
subtract_similar,is_positive,0,0.768,0.5335
subtract_similar,is_positive_similar,0,0.8452,0.4654
subtract_similar,is_negative,0,0.7319,0.351
subtract_similar,is_negative_similar,0,0.8452,0.4654
subtract_similar,identity,0,0.9091,0.7252
subtract_similar,identity_similar,0,0.9091,0.7252
multiply,multiply_similar,1,1.0,1.0
multiply,maximum,0,0.8142,0.4775
multiply,maximum_similar,0,0.8142,0.4775
multiply,minimum,0,0.8142,0.4775
multiply,minimum_similar,0,0.8142,0.4775
multiply,is_positive,0,0.72,0.2904
multiply,is_positive_similar,0,0.7606,0.2027
multiply,is_negative,0,0.7319,0.3057
multiply,is_negative_similar,0,0.7606,0.2027
multiply,identity,0,0.9091,0.6317
multiply,identity_similar,0,0.9091,0.6317
multiply_similar,maximum,0,0.8142,0.4775
multiply_similar,maximum_similar,0,0.8142,0.4775
multiply_similar,minimum,0,0.8142,0.4775
multiply_similar,minimum_similar,0,0.8142,0.4775
multiply_similar,is_positive,0,0.72,0.2904
multiply_similar,is_positive_similar,0,0.7606,0.2027
multiply_similar,is_negative,0,0.7319,0.3057
multiply_similar,is_negative_similar,0,0.7606,0.2027
multiply_similar,identity,0,0.9091,0.6317
multiply_similar,identity_similar,0,0.9091,0.6317
maximum,maximum_similar,1,1.0,1.0
maximum,minimum,0,0.9825,0.8
maximum,minimum_similar,0,0.9825,0.8
maximum,is_positive,0,0.904,0.711
maximum,is_positive_similar,0,0.6283,0.3118
maximum,is_negative,0,0.8706,0.4418
maximum,is_negative_similar,0,0.6283,0.3118
maximum,identity,0,0.7009,0.5916
maximum,identity_similar,0,0.7009,0.5916
maximum_similar,minimum,0,0.9825,0.8
maximum_similar,minimum_similar,0,0.9825,0.8
maximum_similar,is_positive,0,0.904,0.711
maximum_similar,is_positive_similar,0,0.6283,0.3118
maximum_similar,is_negative,0,0.8706,0.4418
maximum_similar,is_negative_similar,0,0.6283,0.3118
maximum_similar,identity,0,0.7009,0.5916
maximum_similar,identity_similar,0,0.7009,0.5916
minimum,minimum_similar,1,1.0,1.0
minimum,is_positive,0,0.8802,0.5245
minimum,is_positive_similar,0,0.6283,0.3118
minimum,is_negative,0,0.8706,0.4418
minimum,is_negative_similar,0,0.6283,0.3118
minimum,identity,0,0.7009,0.5916
minimum,identity_similar,0,0.7009,0.5916
minimum_similar,is_positive,0,0.8802,0.5245
minimum_similar,is_positive_similar,0,0.6283,0.3118
minimum_similar,is_negative,0,0.8706,0.4418
minimum_similar,is_negative_similar,0,0.6283,0.3118
minimum_similar,identity,0,0.7009,0.5916
minimum_similar,identity_similar,0,0.7009,0.5916
is_positive,is_positive_similar,1,0.6816,0.6954
is_positive,is_negative,0,0.9182,0.3548
is_positive,is_negative_similar,0,0.6248,0.2402
is_positive,identity,0,0.6788,0.3941
is_positive,identity_similar,0,0.6788,0.3941
is_positive_similar,is_negative,0,0.5774,0.1331
is_positive_similar,is_negative_similar,0,0.8,0.2353
is_positive_similar,identity,0,0.8367,0.3208
is_positive_similar,identity_similar,0,0.8367,0.3208
is_negative,is_negative_similar,1,0.6351,0.6123
is_negative,identity,0,0.6901,0.4149
is_negative,identity_similar,0,0.6901,0.4149
is_negative_similar,identity,0,0.8367,0.3208
is_negative_similar,identity_similar,0,0.8367,0.3208
identity,identity_similar,1,1.0,1.0
