sample_a,sample_b,family_a,family_b,opt_a,opt_b,label,mean_similarity,std_similarity,error_count,error_rate
is_positive_O3,identity_O3,is_positive,identity,O3,O3,0,0.44561837781220676,0.5083525972215113,2,0.4
is_positive_O2,identity_O2,is_positive,identity,O2,O2,0,0.44561837781220676,0.5083525972215113,2,0.4
identity_O0,identity_O2,identity,identity,O0,O2,1,0.7878551483154297,0.4406568933927864,1,0.2
identity_O0,identity_O1,identity,identity,O0,O1,1,0.7878551483154297,0.4406568933927864,1,0.2
identity_O0,identity_O3,identity,identity,O0,O3,1,0.7878551483154297,0.4406568933927864,1,0.2
is_positive_O3,identity_O0,is_positive,identity,O3,O0,0,0.2158480029553175,0.4392435737866541,1,0.2
is_positive_O0,is_negative_O0,is_positive,is_negative,O0,O0,0,0.3049615740776062,0.19466273336803086,1,0.2
is_negative_O2,is_negative_O3,is_negative,is_negative,O2,O3,1,1.0000000476837159,6.529361695112779e-08,0,0.0
is_negative_O1,is_negative_O2,is_negative,is_negative,O1,O2,1,1.0000000476837159,6.529361695112779e-08,0,0.0
is_negative_O1,is_negative_O3,is_negative,is_negative,O1,O3,1,1.0000000476837159,6.529361695112779e-08,0,0.0
is_positive_O1,is_positive_O3,is_positive,is_positive,O1,O3,1,1.000000011920929,6.529361695112778e-08,0,0.0
is_positive_O1,is_positive_O2,is_positive,is_positive,O1,O2,1,1.000000011920929,6.529361695112778e-08,0,0.0
is_positive_O2,is_positive_O3,is_positive,is_positive,O2,O3,1,1.000000011920929,6.529361695112778e-08,0,0.0
identity_O2,identity_O3,identity,identity,O2,O3,1,0.9999999880790711,2.6656007498500224e-08,0,0.0
identity_O1,identity_O3,identity,identity,O1,O3,1,0.9999999880790711,2.6656007498500224e-08,0,0.0
identity_O1,identity_O2,identity,identity,O1,O2,1,0.9999999880790711,2.6656007498500224e-08,0,0.0
is_positive_O3,is_negative_O1,is_positive,is_negative,O3,O1,0,0.0014623962342739105,0.0032700173898761718,0,0.0
is_positive_O2,is_negative_O3,is_positive,is_negative,O2,O3,0,0.0014623962342739105,0.0032700173898761718,0,0.0
is_positive_O2,is_negative_O2,is_positive,is_negative,O2,O2,0,0.0014623962342739105,0.0032700173898761718,0,0.0
is_positive_O0,is_negative_O3,is_positive,is_negative,O0,O3,0,0.023860203102231026,0.020410310521135334,0,0.0
is_positive_O0,is_negative_O2,is_positive,is_negative,O0,O2,0,0.023860203102231026,0.020410310521135334,0,0.0
is_positive_O0,is_negative_O1,is_positive,is_negative,O0,O1,0,0.023860203102231026,0.020410310521135334,0,0.0
is_negative_O2,identity_O1,is_negative,identity,O2,O1,0,0.034713393449783324,0.05225947856989057,0,0.0
is_negative_O1,identity_O1,is_negative,identity,O1,O1,0,0.034713393449783324,0.05225947856989057,0,0.0
is_negative_O2,identity_O2,is_negative,identity,O2,O2,0,0.034713393449783324,0.05225947856989057,0,0.0
is_negative_O2,identity_O3,is_negative,identity,O2,O3,0,0.034713393449783324,0.05225947856989057,0,0.0
is_negative_O3,identity_O1,is_negative,identity,O3,O1,0,0.034713393449783324,0.05225947856989057,0,0.0
is_negative_O1,identity_O3,is_negative,identity,O1,O3,0,0.034713393449783324,0.05225947856989057,0,0.0
is_positive_O0,is_positive_O3,is_positive,is_positive,O0,O3,1,0.9616098284721375,0.028895994176474465,0,0.0
is_positive_O0,is_positive_O2,is_positive,is_positive,O0,O2,1,0.9616098284721375,0.028895994176474465,0,0.0
is_positive_O0,is_positive_O1,is_positive,is_positive,O0,O1,1,0.9616098284721375,0.028895994176474465,0,0.0
is_negative_O0,identity_O0,is_negative,identity,O0,O0,0,0.13616939596831798,0.1786885114081242,0,0.0
is_positive_O1,is_negative_O0,is_positive,is_negative,O1,O0,0,0.16155556142330169,0.16370664281124386,0,0.0
is_negative_O0,is_negative_O2,is_negative,is_negative,O0,O2,1,0.7561474800109863,0.08544123664954477,0,0.0
is_negative_O0,is_negative_O3,is_negative,is_negative,O0,O3,1,0.7561474800109863,0.08544123664954477,0,0.0
is_negative_O0,is_negative_O1,is_negative,is_negative,O0,O1,1,0.7561474800109863,0.08544123664954477,0,0.0
