sample_a,sample_b,family_a,family_b,label
min_three_O1,min_three_O3,min_three,min_three,1
max_three_O2,max_three_O3,max_three,max_three,1
absolute_value_O1,absolute_value_O3,absolute_value,absolute_value,1
sum_three_O1,sum_three_O2,sum_three,sum_three,1
in_range_O2,clamp_zero_hundred_O0,in_range,clamp_zero_hundred,0
is_odd_O0,min_three_O0,is_odd,min_three,0
average_two_O0,average_two_O3,average_two,average_two,1
absolute_value_O2,average_two_O2,absolute_value,average_two,0
square_O0,average_two_O1,square,average_two,0
is_even_O0,is_even_O1,is_even,is_even,1
is_odd_O2,is_odd_O3,is_odd,is_odd,1
absolute_value_O3,sum_three_O3,absolute_value,sum_three,0
absolute_value_O3,clamp_zero_hundred_O0,absolute_value,clamp_zero_hundred,0
is_odd_O3,max_three_O0,is_odd,max_three,0
sum_three_O0,sum_three_O3,sum_three,sum_three,1
is_odd_O0,is_odd_O1,is_odd,is_odd,1
square_O1,average_two_O0,square,average_two,0
min_three_O0,sum_three_O3,min_three,sum_three,0
square_O0,square_O2,square,square,1
absolute_value_O0,absolute_value_O3,absolute_value,absolute_value,1
square_O0,square_O1,square,square,1
is_even_O1,is_even_O3,is_even,is_even,1
absolute_value_O0,absolute_value_O1,absolute_value,absolute_value,1
in_range_O1,in_range_O2,in_range,in_range,1
clamp_zero_hundred_O1,clamp_zero_hundred_O3,clamp_zero_hundred,clamp_zero_hundred,1
max_three_O2,in_range_O3,max_three,in_range,0
square_O3,average_two_O2,square,average_two,0
in_range_O0,in_range_O1,in_range,in_range,1
square_O1,square_O3,square,square,1
is_odd_O0,min_three_O3,is_odd,min_three,0
max_three_O2,in_range_O0,max_three,in_range,0
max_three_O1,min_three_O3,max_three,min_three,0
is_even_O1,min_three_O3,is_even,min_three,0
square_O1,sum_three_O1,square,sum_three,0
square_O2,square_O3,square,square,1
absolute_value_O0,is_even_O0,absolute_value,is_even,0
max_three_O1,clamp_zero_hundred_O3,max_three,clamp_zero_hundred,0
average_two_O1,in_range_O2,average_two,in_range,0
absolute_value_O1,min_three_O2,absolute_value,min_three,0
average_two_O0,average_two_O1,average_two,average_two,1
in_range_O1,clamp_zero_hundred_O0,in_range,clamp_zero_hundred,0
min_three_O0,min_three_O1,min_three,min_three,1
is_odd_O0,sum_three_O3,is_odd,sum_three,0
square_O3,is_odd_O2,square,is_odd,0
average_two_O1,average_two_O3,average_two,average_two,1
absolute_value_O1,in_range_O0,absolute_value,in_range,0
is_even_O2,clamp_zero_hundred_O1,is_even,clamp_zero_hundred,0
is_odd_O1,min_three_O2,is_odd,min_three,0
square_O3,min_three_O2,square,min_three,0
max_three_O3,clamp_zero_hundred_O2,max_three,clamp_zero_hundred,0
min_three_O0,min_three_O2,min_three,min_three,1
clamp_zero_hundred_O1,sum_three_O1,clamp_zero_hundred,sum_three,0
min_three_O1,sum_three_O1,min_three,sum_three,0
average_two_O2,average_two_O3,average_two,average_two,1
max_three_O0,max_three_O1,max_three,max_three,1
clamp_zero_hundred_O0,clamp_zero_hundred_O2,clamp_zero_hundred,clamp_zero_hundred,1
max_three_O1,max_three_O3,max_three,max_three,1
clamp_zero_hundred_O1,clamp_zero_hundred_O2,clamp_zero_hundred,clamp_zero_hundred,1
square_O1,is_odd_O0,square,is_odd,0
is_even_O2,is_even_O3,is_even,is_even,1
min_three_O2,min_three_O3,min_three,min_three,1
max_three_O1,max_three_O2,max_three,max_three,1
min_three_O1,in_range_O0,min_three,in_range,0
is_odd_O1,is_odd_O3,is_odd,is_odd,1
absolute_value_O0,max_three_O0,absolute_value,max_three,0
is_odd_O0,is_odd_O2,is_odd,is_odd,1
sum_three_O1,sum_three_O3,sum_three,sum_three,1
in_range_O1,in_range_O3,in_range,in_range,1
sum_three_O0,sum_three_O2,sum_three,sum_three,1
absolute_value_O2,is_even_O0,absolute_value,is_even,0
absolute_value_O0,clamp_zero_hundred_O3,absolute_value,clamp_zero_hundred,0
clamp_zero_hundred_O2,clamp_zero_hundred_O3,clamp_zero_hundred,clamp_zero_hundred,1
absolute_value_O0,absolute_value_O2,absolute_value,absolute_value,1
in_range_O0,in_range_O2,in_range,in_range,1
is_even_O0,clamp_zero_hundred_O2,is_even,clamp_zero_hundred,0
square_O0,square_O3,square,square,1
absolute_value_O1,in_range_O1,absolute_value,in_range,0
sum_three_O0,sum_three_O1,sum_three,sum_three,1
is_odd_O0,clamp_zero_hundred_O2,is_odd,clamp_zero_hundred,0
in_range_O0,in_range_O3,in_range,in_range,1
absolute_value_O2,absolute_value_O3,absolute_value,absolute_value,1
is_odd_O0,average_two_O2,is_odd,average_two,0
is_even_O1,is_even_O2,is_even,is_even,1
is_odd_O1,sum_three_O0,is_odd,sum_three,0
min_three_O0,min_three_O3,min_three,min_three,1
absolute_value_O1,square_O1,absolute_value,square,0
max_three_O0,max_three_O2,max_three,max_three,1
absolute_value_O3,square_O3,absolute_value,square,0
square_O0,max_three_O0,square,max_three,0
clamp_zero_hundred_O1,sum_three_O3,clamp_zero_hundred,sum_three,0
square_O1,square_O2,square,square,1
average_two_O0,average_two_O2,average_two,average_two,1
square_O2,average_two_O3,square,average_two,0
clamp_zero_hundred_O0,clamp_zero_hundred_O3,clamp_zero_hundred,clamp_zero_hundred,1
clamp_zero_hundred_O0,clamp_zero_hundred_O1,clamp_zero_hundred,clamp_zero_hundred,1
min_three_O2,in_range_O0,min_three,in_range,0
square_O1,clamp_zero_hundred_O3,square,clamp_zero_hundred,0
square_O1,min_three_O3,square,min_three,0
absolute_value_O1,absolute_value_O2,absolute_value,absolute_value,1
average_two_O0,sum_three_O0,average_two,sum_three,0
is_even_O0,is_even_O2,is_even,is_even,1
min_three_O1,min_three_O2,min_three,min_three,1
is_odd_O0,is_odd_O3,is_odd,is_odd,1
average_two_O0,max_three_O0,average_two,max_three,0
square_O1,min_three_O0,square,min_three,0
absolute_value_O3,square_O1,absolute_value,square,0
max_three_O0,in_range_O2,max_three,in_range,0
absolute_value_O1,is_odd_O3,absolute_value,is_odd,0
is_odd_O3,average_two_O0,is_odd,average_two,0
is_odd_O1,is_odd_O2,is_odd,is_odd,1
in_range_O2,in_range_O3,in_range,in_range,1
min_three_O1,clamp_zero_hundred_O3,min_three,clamp_zero_hundred,0
max_three_O0,max_three_O3,max_three,max_three,1
is_odd_O2,sum_three_O2,is_odd,sum_three,0
sum_three_O2,sum_three_O3,sum_three,sum_three,1
average_two_O1,average_two_O2,average_two,average_two,1
absolute_value_O3,max_three_O2,absolute_value,max_three,0
is_even_O0,is_even_O3,is_even,is_even,1
is_odd_O1,max_three_O2,is_odd,max_three,0
max_three_O1,in_range_O1,max_three,in_range,0
