split,sample_a,sample_b,family_a,family_b,label
train,is_nonzero_O1,is_nonzero_O3,is_nonzero,is_nonzero,1
train,is_zero_O2,is_zero_O3,is_zero,is_zero,1
train,add_O1,add_O3,add,add,1
train,is_sum_positive_O1,is_sum_positive_O2,is_sum_positive,is_sum_positive,1
train,greater_than_ten_O2,sign_bit_O0,greater_than_ten,sign_bit,0
train,maximum_O0,is_nonzero_O0,maximum,is_nonzero,0
train,minimum_O0,minimum_O3,minimum,minimum,1
train,add_O2,minimum_O2,add,minimum,0
train,subtract_O0,minimum_O1,subtract,minimum,0
train,multiply_O0,multiply_O1,multiply,multiply,1
train,maximum_O2,maximum_O3,maximum,maximum,1
train,add_O3,is_sum_positive_O3,add,is_sum_positive,0
train,add_O3,sign_bit_O0,add,sign_bit,0
train,maximum_O3,is_zero_O0,maximum,is_zero,0
train,is_sum_positive_O0,is_sum_positive_O3,is_sum_positive,is_sum_positive,1
train,maximum_O0,maximum_O1,maximum,maximum,1
train,subtract_O1,minimum_O0,subtract,minimum,0
train,is_nonzero_O0,is_sum_positive_O3,is_nonzero,is_sum_positive,0
train,subtract_O0,subtract_O2,subtract,subtract,1
train,add_O0,add_O3,add,add,1
train,subtract_O0,subtract_O1,subtract,subtract,1
train,multiply_O1,multiply_O3,multiply,multiply,1
train,add_O0,add_O1,add,add,1
train,greater_than_ten_O1,greater_than_ten_O2,greater_than_ten,greater_than_ten,1
train,sign_bit_O1,sign_bit_O3,sign_bit,sign_bit,1
train,is_zero_O2,greater_than_ten_O3,is_zero,greater_than_ten,0
train,subtract_O3,minimum_O2,subtract,minimum,0
train,greater_than_ten_O0,greater_than_ten_O1,greater_than_ten,greater_than_ten,1
train,subtract_O1,subtract_O3,subtract,subtract,1
train,maximum_O0,is_nonzero_O3,maximum,is_nonzero,0
train,is_zero_O2,greater_than_ten_O0,is_zero,greater_than_ten,0
train,is_zero_O1,is_nonzero_O3,is_zero,is_nonzero,0
train,multiply_O1,is_nonzero_O3,multiply,is_nonzero,0
train,subtract_O1,is_sum_positive_O1,subtract,is_sum_positive,0
train,subtract_O2,subtract_O3,subtract,subtract,1
train,add_O0,multiply_O0,add,multiply,0
train,is_zero_O1,sign_bit_O3,is_zero,sign_bit,0
train,minimum_O1,greater_than_ten_O2,minimum,greater_than_ten,0
train,add_O1,is_nonzero_O2,add,is_nonzero,0
train,minimum_O0,minimum_O1,minimum,minimum,1
train,greater_than_ten_O1,sign_bit_O0,greater_than_ten,sign_bit,0
train,is_nonzero_O0,is_nonzero_O1,is_nonzero,is_nonzero,1
train,maximum_O0,is_sum_positive_O3,maximum,is_sum_positive,0
train,subtract_O3,maximum_O2,subtract,maximum,0
train,minimum_O1,minimum_O3,minimum,minimum,1
train,add_O1,greater_than_ten_O0,add,greater_than_ten,0
train,multiply_O2,sign_bit_O1,multiply,sign_bit,0
train,maximum_O1,is_nonzero_O2,maximum,is_nonzero,0
train,subtract_O3,is_nonzero_O2,subtract,is_nonzero,0
train,is_zero_O3,sign_bit_O2,is_zero,sign_bit,0
train,is_nonzero_O0,is_nonzero_O2,is_nonzero,is_nonzero,1
train,sign_bit_O1,is_sum_positive_O1,sign_bit,is_sum_positive,0
train,is_nonzero_O1,is_sum_positive_O1,is_nonzero,is_sum_positive,0
train,minimum_O2,minimum_O3,minimum,minimum,1
train,is_zero_O0,is_zero_O1,is_zero,is_zero,1
train,sign_bit_O0,sign_bit_O2,sign_bit,sign_bit,1
train,is_zero_O1,is_zero_O3,is_zero,is_zero,1
train,sign_bit_O1,sign_bit_O2,sign_bit,sign_bit,1
train,subtract_O1,maximum_O0,subtract,maximum,0
train,multiply_O2,multiply_O3,multiply,multiply,1
train,is_nonzero_O2,is_nonzero_O3,is_nonzero,is_nonzero,1
train,is_zero_O1,is_zero_O2,is_zero,is_zero,1
train,is_nonzero_O1,greater_than_ten_O0,is_nonzero,greater_than_ten,0
train,maximum_O1,maximum_O3,maximum,maximum,1
train,add_O0,is_zero_O0,add,is_zero,0
train,maximum_O0,maximum_O2,maximum,maximum,1
train,is_sum_positive_O1,is_sum_positive_O3,is_sum_positive,is_sum_positive,1
train,greater_than_ten_O1,greater_than_ten_O3,greater_than_ten,greater_than_ten,1
train,is_sum_positive_O0,is_sum_positive_O2,is_sum_positive,is_sum_positive,1
train,add_O2,multiply_O0,add,multiply,0
train,add_O0,sign_bit_O3,add,sign_bit,0
train,sign_bit_O2,sign_bit_O3,sign_bit,sign_bit,1
train,add_O0,add_O2,add,add,1
train,greater_than_ten_O0,greater_than_ten_O2,greater_than_ten,greater_than_ten,1
train,multiply_O0,sign_bit_O2,multiply,sign_bit,0
train,subtract_O0,subtract_O3,subtract,subtract,1
train,add_O1,greater_than_ten_O1,add,greater_than_ten,0
train,is_sum_positive_O0,is_sum_positive_O1,is_sum_positive,is_sum_positive,1
train,maximum_O0,sign_bit_O2,maximum,sign_bit,0
train,greater_than_ten_O0,greater_than_ten_O3,greater_than_ten,greater_than_ten,1
train,add_O2,add_O3,add,add,1
train,maximum_O0,minimum_O2,maximum,minimum,0
train,multiply_O1,multiply_O2,multiply,multiply,1
train,maximum_O1,is_sum_positive_O0,maximum,is_sum_positive,0
train,is_nonzero_O0,is_nonzero_O3,is_nonzero,is_nonzero,1
train,add_O1,subtract_O1,add,subtract,0
train,is_zero_O0,is_zero_O2,is_zero,is_zero,1
train,add_O3,subtract_O3,add,subtract,0
train,subtract_O0,is_zero_O0,subtract,is_zero,0
train,sign_bit_O1,is_sum_positive_O3,sign_bit,is_sum_positive,0
train,subtract_O1,subtract_O2,subtract,subtract,1
train,minimum_O0,minimum_O2,minimum,minimum,1
train,subtract_O2,minimum_O3,subtract,minimum,0
train,sign_bit_O0,sign_bit_O3,sign_bit,sign_bit,1
train,sign_bit_O0,sign_bit_O1,sign_bit,sign_bit,1
train,is_nonzero_O2,greater_than_ten_O0,is_nonzero,greater_than_ten,0
train,subtract_O1,sign_bit_O3,subtract,sign_bit,0
train,subtract_O1,is_nonzero_O3,subtract,is_nonzero,0
train,add_O1,add_O2,add,add,1
train,minimum_O0,is_sum_positive_O0,minimum,is_sum_positive,0
train,multiply_O0,multiply_O2,multiply,multiply,1
train,is_nonzero_O1,is_nonzero_O2,is_nonzero,is_nonzero,1
train,maximum_O0,maximum_O3,maximum,maximum,1
train,minimum_O0,is_zero_O0,minimum,is_zero,0
train,subtract_O1,is_nonzero_O0,subtract,is_nonzero,0
train,add_O3,subtract_O1,add,subtract,0
train,is_zero_O0,greater_than_ten_O2,is_zero,greater_than_ten,0
train,add_O1,maximum_O3,add,maximum,0
train,maximum_O3,minimum_O0,maximum,minimum,0
train,maximum_O1,maximum_O2,maximum,maximum,1
train,greater_than_ten_O2,greater_than_ten_O3,greater_than_ten,greater_than_ten,1
train,is_nonzero_O1,sign_bit_O3,is_nonzero,sign_bit,0
train,is_zero_O0,is_zero_O3,is_zero,is_zero,1
train,maximum_O2,is_sum_positive_O2,maximum,is_sum_positive,0
train,is_sum_positive_O2,is_sum_positive_O3,is_sum_positive,is_sum_positive,1
train,minimum_O1,minimum_O2,minimum,minimum,1
train,add_O3,is_zero_O2,add,is_zero,0
train,multiply_O0,multiply_O3,multiply,multiply,1
train,maximum_O1,is_zero_O2,maximum,is_zero,0
train,is_zero_O1,greater_than_ten_O1,is_zero,greater_than_ten,0
test,is_negative_O0,identity_O0,is_negative,identity,0
test,is_positive_O0,is_negative_O0,is_positive,is_negative,0
test,is_positive_O3,is_negative_O1,is_positive,is_negative,0
test,identity_O0,identity_O2,identity,identity,1
test,is_negative_O2,identity_O1,is_negative,identity,0
test,is_negative_O0,is_negative_O2,is_negative,is_negative,1
test,is_positive_O1,is_negative_O0,is_positive,is_negative,0
test,is_positive_O3,identity_O0,is_positive,identity,0
test,is_positive_O2,is_negative_O3,is_positive,is_negative,0
test,is_negative_O2,is_negative_O3,is_negative,is_negative,1
test,is_negative_O1,identity_O1,is_negative,identity,0
test,identity_O2,identity_O3,identity,identity,1
test,is_negative_O2,identity_O2,is_negative,identity,0
test,is_negative_O1,is_negative_O2,is_negative,is_negative,1
test,is_negative_O2,identity_O3,is_negative,identity,0
test,identity_O1,identity_O3,identity,identity,1
test,is_positive_O1,is_positive_O3,is_positive,is_positive,1
test,is_negative_O3,identity_O1,is_negative,identity,0
test,is_negative_O1,identity_O3,is_negative,identity,0
test,is_positive_O3,identity_O3,is_positive,identity,0
test,is_positive_O2,is_negative_O2,is_positive,is_negative,0
test,identity_O0,identity_O1,identity,identity,1
test,is_positive_O0,is_positive_O3,is_positive,is_positive,1
test,is_positive_O1,is_positive_O2,is_positive,is_positive,1
test,is_positive_O0,is_negative_O3,is_positive,is_negative,0
test,is_negative_O0,is_negative_O3,is_negative,is_negative,1
test,is_positive_O0,is_positive_O2,is_positive,is_positive,1
test,is_positive_O2,is_positive_O3,is_positive,is_positive,1
test,is_negative_O1,is_negative_O3,is_negative,is_negative,1
test,identity_O0,identity_O3,identity,identity,1
test,identity_O1,identity_O2,identity,identity,1
test,is_positive_O0,is_negative_O2,is_positive,is_negative,0
test,is_positive_O0,is_negative_O1,is_positive,is_negative,0
test,is_positive_O0,is_positive_O1,is_positive,is_positive,1
test,is_negative_O0,is_negative_O1,is_negative,is_negative,1
test,is_positive_O2,identity_O2,is_positive,identity,0
