program_id,split,compiler_path,compiler_version,target_triple,architecture,optimization,compile_flags,link_flags,source_sha256,binary_path,binary_sha256,test_exit_code,eligibility_rule_version
p01,train,/usr/bin/clang,Apple clang version 21.0.0 (clang-2100.1.1.101),arm64-apple-darwin25.6.0,ARM64,-O0,-O0 -Wall -Wextra,-lm,a775b1df5b3522e1726b11dfe399872d8c2f6867fdf578cd2278ee5e6e1574a3,data/v2/reference_builds/p01_crc_fletcher/p01_crc_fletcher_ref,e01f39049f07fd77b6f9573613419b24d869a0b020b1cbb86cc2e60c17a5cbe0,0,ARM64_BOUNDARY_V1
p02,train,/usr/bin/clang,Apple clang version 21.0.0 (clang-2100.1.1.101),arm64-apple-darwin25.6.0,ARM64,-O0,-O0 -Wall -Wextra,-lm,9f4c1d9a970c21cdbd6f590a219ea50602750aafb1dd51f08aaa5f55b13126b1,data/v2/reference_builds/p02_binary_heap/p02_binary_heap_ref,8cda051786fdf96e61f93edffd609a35580756f1f4ea800fd5d62e5107daaf47,0,ARM64_BOUNDARY_V1
p03,train,/usr/bin/clang,Apple clang version 21.0.0 (clang-2100.1.1.101),arm64-apple-darwin25.6.0,ARM64,-O0,-O0 -Wall -Wextra,-lm,efbed3182db22ff41bbd3df95ce124d16c9351bb31d167e9bd9311b751eed883,data/v2/reference_builds/p03_string_token/p03_string_token_ref,4b1f732269ee585c994feaba564a81c11d1551e0539f03d674d7179fa5d31548,0,ARM64_BOUNDARY_V1
p04,train,/usr/bin/clang,Apple clang version 21.0.0 (clang-2100.1.1.101),arm64-apple-darwin25.6.0,ARM64,-O0,-O0 -Wall -Wextra,-lm,1f19000c58527f4551c37efcef224cb3d48043fbbb103712fc2d45e174f5c960,data/v2/reference_builds/p04_matrix_linear/p04_matrix_linear_ref,4447c043347a078457cfa79abac202b534de4ae474ecb8f0b65410c91ee4925a,0,ARM64_BOUNDARY_V1
p05,train,/usr/bin/clang,Apple clang version 21.0.0 (clang-2100.1.1.101),arm64-apple-darwin25.6.0,ARM64,-O0,-O0 -Wall -Wextra,-lm,ea255f1b754eb5e1af3991edb745f922eab389f299b98c0d79d5504cd56bbb84,data/v2/reference_builds/p05_graph_traversal/p05_graph_traversal_ref,1c80f7cc5c543a165887727e9f9217e15bf0dbcf797f0fa57cd53a4eb0d0161a,0,ARM64_BOUNDARY_V1
p06,train,/usr/bin/clang,Apple clang version 21.0.0 (clang-2100.1.1.101),arm64-apple-darwin25.6.0,ARM64,-O0,-O0 -Wall -Wextra,-lm,b2500dcae8783f3732d0258093e2b754a3bf3f07fe386edf27c581230adaf24c,data/v2/reference_builds/p06_packet_tlv/p06_packet_tlv_ref,ae55b1600c7c7dc025d4678f679c3df34b24c2223bbaea17bf75fd847ace2b5c,0,ARM64_BOUNDARY_V1
p07,train,/usr/bin/clang,Apple clang version 21.0.0 (clang-2100.1.1.101),arm64-apple-darwin25.6.0,ARM64,-O0,-O0 -Wall -Wextra,-lm,bfdaa85331e24f399e66877afb6bba8d79de9dfc5564ab9f794b4a709401af7d,data/v2/reference_builds/p07_slab_allocator/p07_slab_allocator_ref,27a4c6ea78dc13640fc0a667ba5a10b004d02cc5eb13cb2c0987ca9702247be4,0,ARM64_BOUNDARY_V1
p08,dev,/usr/bin/clang,Apple clang version 21.0.0 (clang-2100.1.1.101),arm64-apple-darwin25.6.0,ARM64,-O0,-O0 -Wall -Wextra,-lm,4b6102a3edd824fd8677128e526c1d41215a3d5206089870af1ee502bd074b77,data/v2/reference_builds/p08_adler_siphash/p08_adler_siphash_ref,362c01cf999d7ebde756992f95f249e34a81d362acbb4269b65a9dc1a1c3de4e,0,ARM64_BOUNDARY_V1
p09,dev,/usr/bin/clang,Apple clang version 21.0.0 (clang-2100.1.1.101),arm64-apple-darwin25.6.0,ARM64,-O0,-O0 -Wall -Wextra,-lm,048dfeb729867533c3fc172517e118d7004b2f770421a95868b9ecb5223c6d97,data/v2/reference_builds/p09_avl_tree/p09_avl_tree_ref,3b264685b71a93bbf9a2ad21805b0c05ff008672279dc7cb3ab753a19307e7a3,0,ARM64_BOUNDARY_V1
p10,dev,/usr/bin/clang,Apple clang version 21.0.0 (clang-2100.1.1.101),arm64-apple-darwin25.6.0,ARM64,-O0,-O0 -Wall -Wextra,-lm,14038ebdb132899dddc9fce6e5453c697ec34798f4029afdece237254daacad4,data/v2/reference_builds/p10_regex_nfa/p10_regex_nfa_ref,d3ca36a2e8af3fcafc85ff820146308921e7f0013bf66ed127fb6ee26f69a480,0,ARM64_BOUNDARY_V1
p11,dev,/usr/bin/clang,Apple clang version 21.0.0 (clang-2100.1.1.101),arm64-apple-darwin25.6.0,ARM64,-O0,-O0 -Wall -Wextra,-lm,66db0232114d99d11db67026744f3c0651a5a3c01c88a8f4b62c002460e3bf57,data/v2/reference_builds/p11_fixed_point/p11_fixed_point_ref,f206567fab3fac96cd77f5b2e5370cb63303c34a7e9bcfcfe265d99182dc0d63,0,ARM64_BOUNDARY_V1
p12,dev,/usr/bin/clang,Apple clang version 21.0.0 (clang-2100.1.1.101),arm64-apple-darwin25.6.0,ARM64,-O0,-O0 -Wall -Wextra,-lm,edc061bdd734cb4d88280e5786a8c80dac9cff54e2832671129833f53e0a214f,data/v2/reference_builds/p12_topological_dag/p12_topological_dag_ref,ff8d62f014c4f883a4a92583d804419d28cd71f59c5ecd60063c31281f36b041,0,ARM64_BOUNDARY_V1
p13,dev,/usr/bin/clang,Apple clang version 21.0.0 (clang-2100.1.1.101),arm64-apple-darwin25.6.0,ARM64,-O0,-O0 -Wall -Wextra,-lm,18aabdcbd9a06e9a9d8d8b74f56c9336bf8b219837af7052a37db6bb563c6ddf,data/v2/reference_builds/p13_slip_framing/p13_slip_framing_ref,5575f2aa29c06959fdad5878c1f61eccd074a0d5f6ae3d11121564ec98492fe4,0,ARM64_BOUNDARY_V1
p14,dev,/usr/bin/clang,Apple clang version 21.0.0 (clang-2100.1.1.101),arm64-apple-darwin25.6.0,ARM64,-O0,-O0 -Wall -Wextra,-lm,a4eeeb24075c7725d9829061ad92e0c135971e81ffe25fde847169ad7a4b69a3,data/v2/reference_builds/p14_bitmap_index/p14_bitmap_index_ref,4380a98feb9f42d207248bd6e47034a5c1fdd82662e70d6584e3a282ea667e97,0,ARM64_BOUNDARY_V1
p15,sealed_test,/usr/bin/clang,Apple clang version 21.0.0 (clang-2100.1.1.101),arm64-apple-darwin25.6.0,ARM64,-O0,-O0 -Wall -Wextra,-lm,30830c313b7662d6c7a5eada0affe49b2062650316de3b7a88befdafda9010cf,data/v2/reference_builds/p15_fnv_murmur/p15_fnv_murmur_ref,c9387f3519b7c7010e0beb926766e34968ece1b4ae8357d36899aa170e8ce879,0,ARM64_BOUNDARY_V1
p16,sealed_test,/usr/bin/clang,Apple clang version 21.0.0 (clang-2100.1.1.101),arm64-apple-darwin25.6.0,ARM64,-O0,-O0 -Wall -Wextra,-lm,a33347cc798575a7269d3c2a6e6acc64807b47e89225086a9c63159476b38ae4,data/v2/reference_builds/p16_b_tree_node/p16_b_tree_node_ref,9f0c17e003f03c92e98a1f3f637604817b524e9ca0fa2d14cf93dc1099e8475d,0,ARM64_BOUNDARY_V1
p17,sealed_test,/usr/bin/clang,Apple clang version 21.0.0 (clang-2100.1.1.101),arm64-apple-darwin25.6.0,ARM64,-O0,-O0 -Wall -Wextra,-lm,ef858d779ed8d9b79aa0d5b8a266d106fc890dc8061f3c02ad964c7e335188a3,data/v2/reference_builds/p17_json_tokenizer/p17_json_tokenizer_ref,52b31150180c06eba57b21763e5517e01d0f274da0103d7f8403d6c174c4588f,0,ARM64_BOUNDARY_V1
p18,sealed_test,/usr/bin/clang,Apple clang version 21.0.0 (clang-2100.1.1.101),arm64-apple-darwin25.6.0,ARM64,-O0,-O0 -Wall -Wextra,-lm,5fad21a2c7196b5f7c937f72f5b10355b1ee912d702b156d46615d8ee1442b6a,data/v2/reference_builds/p18_stats_vector/p18_stats_vector_ref,6806573b8420ea3f0318cd5b1eb039d195086b4562faa1d55639de0a75b9e55e,0,ARM64_BOUNDARY_V1
p19,sealed_test,/usr/bin/clang,Apple clang version 21.0.0 (clang-2100.1.1.101),arm64-apple-darwin25.6.0,ARM64,-O0,-O0 -Wall -Wextra,-lm,ccd3505903c205d754eff5b33c9ef325787c13c7fd81eef69b1df5839820f586,data/v2/reference_builds/p19_shortest_path/p19_shortest_path_ref,507ed15c36b340c97cefd40a323287bfedf234ea3c8d8e280861c7ad56d7d592,0,ARM64_BOUNDARY_V1
p20,sealed_test,/usr/bin/clang,Apple clang version 21.0.0 (clang-2100.1.1.101),arm64-apple-darwin25.6.0,ARM64,-O0,-O0 -Wall -Wextra,-lm,f81169dacba95fb3c92d4ebc855abb90b8bf1fecbc1de9762c605bfcc12546e5,data/v2/reference_builds/p20_ring_frame/p20_ring_frame_ref,80cc6c8327ea6a8ae85009c2d6ca85e41989c01863c516c97b0176113645bac0,0,ARM64_BOUNDARY_V1
p21,sealed_test,/usr/bin/clang,Apple clang version 21.0.0 (clang-2100.1.1.101),arm64-apple-darwin25.6.0,ARM64,-O0,-O0 -Wall -Wextra,-lm,cc3b452e8b0d21170bbbf25366435af6c0e99f1708a0b8d6350b3c870e4b2195,data/v2/reference_builds/p21_circular_log/p21_circular_log_ref,d47bc79db762534954f8b1e726a8545543efea637f66bbad4b8f5fdcbcd768ab,0,ARM64_BOUNDARY_V1
