target_id,split,query_program_id,donor_program_id,nominal_reuse_level,reused_function_count,canonical_eligible_query_count,realized_reuse_ratio,selected_query_function_ids,selected_donor_function_ids,query_support_artifacts,donor_support_artifacts,support_only_function_ids,hidden_eligible_function_count,total_target_eligible_functions,source_directory,source_sha256_summary,clang_validation_build_status,clang_validation_test_status,gcc_validation_build_status,gcc_validation_test_status,construction_plan_digest,construction_status
p01_reuse000,train,p01,p05,0.00,0,16,0.00,,p05_f01_adj_init;p05_f02_adj_add_edge;p05_f03_adj_has_edge;p05_f04_adj_in_degree;p05_f05_adj_out_degree;p05_f06_graph_bfs;p05_f07_graph_dfs_iterative;p05_f08_graph_has_cycle_directed;p05_f09_graph_connected_components;p05_f10_graph_bipartite_check;p05_f11_graph_transitive_closure;p05_f12_graph_density;p05_f13_graph_isolate_count;p05_f14_graph_eulerian_path_check;p05_f15_graph_subgraph_induced;p05_f16_graph_vertex_eccentricity,NONE,P05_MAX_V;P05_NOINLINE;p05_graph_t,NONE,0,16,data/v2/partial_reuse/train/p01_reuse000/source,94a858df87927cda8da98a2adfcc3ea3e5f672a0d9356f2da83c7200241953f8,PASS,PASS,PASS,PASS,cea42eccd2d962ee833b0dec7d31e42b1a53c9764146b30418bf52a917950a0a,validated
p01_reuse025,train,p01,p05,0.25,4,16,0.25,p01_f06_crc32_table_driven;p01_f11_luhn_validate;p01_f15_pearson_hash8;p01_f16_checksum_combine,p05_f01_adj_init;p05_f02_adj_add_edge;p05_f03_adj_has_edge;p05_f04_adj_in_degree;p05_f05_adj_out_degree;p05_f06_graph_bfs;p05_f08_graph_has_cycle_directed;p05_f10_graph_bipartite_check;p05_f11_graph_transitive_closure;p05_f12_graph_density;p05_f13_graph_isolate_count;p05_f14_graph_eulerian_path_check,P01_CRC_FLETCHER_H;P01_NOINLINE,P05_MAX_V;P05_NOINLINE;p05_graph_t,NONE,0,16,data/v2/partial_reuse/train/p01_reuse025/source,a02bd8f835363c5b55e791a23ac48bc97a7933df45e063d344f755e7a6212241,PASS,PASS,PASS,PASS,d9eaaaaedc48b50da5b63d3ed524fb2e578a13b466d41fc9f51efcae67fa752b,validated
p01_reuse050,train,p01,p05,0.50,8,16,0.50,p01_f01_crc8_smbus;p01_f03_crc16_ccitt;p01_f04_crc16_modbus;p01_f07_fletcher16;p01_f08_fletcher32;p01_f11_luhn_validate;p01_f13_internet_checksum;p01_f15_pearson_hash8,p05_f01_adj_init;p05_f04_adj_in_degree;p05_f05_adj_out_degree;p05_f06_graph_bfs;p05_f11_graph_transitive_closure;p05_f13_graph_isolate_count;p05_f14_graph_eulerian_path_check;p05_f16_graph_vertex_eccentricity,P01_CRC_FLETCHER_H;P01_NOINLINE,P05_MAX_V;P05_NOINLINE;p05_graph_t,NONE,0,16,data/v2/partial_reuse/train/p01_reuse050/source,595a12f0581d80dd7b4e8cf4437ed53f1bd19c74fff4d79084c8deda93b77726,PASS,PASS,PASS,PASS,3d5781d754267b7f8a4ea60a228debd46bcaf7e2ba98a70118e532a32a922638,validated
p01_reuse075,train,p01,p05,0.75,12,16,0.75,p01_f02_crc8_cdma;p01_f04_crc16_modbus;p01_f05_crc32_ieee;p01_f06_crc32_table_driven;p01_f07_fletcher16;p01_f09_bsd_checksum;p01_f11_luhn_validate;p01_f12_xor8_block;p01_f13_internet_checksum;p01_f14_adler16_simple;p01_f15_pearson_hash8;p01_f16_checksum_combine,p05_f01_adj_init;p05_f02_adj_add_edge;p05_f12_graph_density;p05_f16_graph_vertex_eccentricity,P01_CRC_FLETCHER_H;P01_NOINLINE,P05_MAX_V;P05_NOINLINE;p05_graph_t,NONE,0,16,data/v2/partial_reuse/train/p01_reuse075/source,f62f6277a455e0cf7760a32608a266935f2e7f59dd09907d742a73b55c4808d6,PASS,PASS,PASS,PASS,2c64fb9b0886194a45794904f1ffa6d7d079fa99623d606dbc3c66cf684a67c1,validated
p01_reuse100,train,p01,p05,1.00,16,16,1.00,p01_f01_crc8_smbus;p01_f02_crc8_cdma;p01_f03_crc16_ccitt;p01_f04_crc16_modbus;p01_f05_crc32_ieee;p01_f06_crc32_table_driven;p01_f07_fletcher16;p01_f08_fletcher32;p01_f09_bsd_checksum;p01_f10_sysv_checksum;p01_f11_luhn_validate;p01_f12_xor8_block;p01_f13_internet_checksum;p01_f14_adler16_simple;p01_f15_pearson_hash8;p01_f16_checksum_combine,,P01_CRC_FLETCHER_H;P01_NOINLINE,NONE,NONE,0,16,data/v2/partial_reuse/train/p01_reuse100/source,b76f8302328f427a213d8a5d305940f754d4d0a2bc97707da269b11bc416e62d,PASS,PASS,PASS,PASS,c532764cf00ad3c5e372cfe0e5f0b423e1fe283f3983ac8f907cf7d58aa99855,validated
p02_reuse000,train,p02,p06,0.00,0,16,0.00,,p06_f01_tlv_encode_uint8;p06_f02_tlv_encode_uint16;p06_f03_tlv_encode_uint32;p06_f04_tlv_encode_bytes;p06_f05_tlv_decode_header;p06_f06_tlv_decode_uint8;p06_f07_tlv_decode_uint16;p06_f08_tlv_decode_uint32;p06_f09_tlv_find_tag;p06_f10_tlv_count_tags;p06_f11_tlv_validate_buffer;p06_f12_packet_header_build;p06_f13_packet_header_parse;p06_f14_packet_payload_pad;p06_f15_packet_payload_unpad;p06_f16_packet_serialize,NONE,P06_MAX_BUF;P06_NOINLINE;p06_packet_t;p06_tlv_t,NONE,0,16,data/v2/partial_reuse/train/p02_reuse000/source,e2e5cc24a537844b7618abf27ba2349f1ad3c170f7cd0fe1a7d3e344465540d0,PASS,PASS,PASS,PASS,6bb673b38b8f2ef80d39725792b98f672a4d4b78d32bfa672486136b758c1c1a,validated
p02_reuse025,train,p02,p06,0.25,4,16,0.25,p02_f02_heap_sift_up;p02_f03_heap_sift_down;p02_f11_heap_increase_key;p02_f14_heap_is_valid,p06_f01_tlv_encode_uint8;p06_f02_tlv_encode_uint16;p06_f03_tlv_encode_uint32;p06_f04_tlv_encode_bytes;p06_f05_tlv_decode_header;p06_f06_tlv_decode_uint8;p06_f08_tlv_decode_uint32;p06_f10_tlv_count_tags;p06_f11_tlv_validate_buffer;p06_f12_packet_header_build;p06_f14_packet_payload_pad;p06_f15_packet_payload_unpad,P02_MAX_CAP;P02_NOINLINE;p02_heap_t,P06_MAX_BUF;P06_NOINLINE;p06_packet_t;p06_tlv_t,NONE,0,16,data/v2/partial_reuse/train/p02_reuse025/source,6b806b6076450a62440e0946d41d0dc2868b67fe7977f9ce0ae25b707d969fd6,PASS,PASS,PASS,PASS,9a8522f3482da6f413df66554a03cc1d60178410a1afd8f13010e9b9e5825ab4,validated
p02_reuse050,train,p02,p06,0.50,8,16,0.50,p02_f01_heap_init;p02_f02_heap_sift_up;p02_f03_heap_sift_down;p02_f04_heap_push;p02_f06_heap_peek;p02_f10_heap_delete_at;p02_f13_heap_merge;p02_f16_heap_clear,p06_f02_tlv_encode_uint16;p06_f04_tlv_encode_bytes;p06_f07_tlv_decode_uint16;p06_f08_tlv_decode_uint32;p06_f09_tlv_find_tag;p06_f10_tlv_count_tags;p06_f14_packet_payload_pad;p06_f15_packet_payload_unpad,P02_MAX_CAP;P02_NOINLINE;p02_heap_t,P06_MAX_BUF;P06_NOINLINE;p06_packet_t;p06_tlv_t,NONE,0,16,data/v2/partial_reuse/train/p02_reuse050/source,787fd962e533e7d9017665d480fae89fd48f9d4f915745b3bd87d3ced866bb8c,PASS,PASS,PASS,PASS,810060dfb5957b0431c260cd9eaea6b5a9051d4ee4de4ac8376de0bdd4bda587,validated
p02_reuse075,train,p02,p06,0.75,12,16,0.75,p02_f01_heap_init;p02_f02_heap_sift_up;p02_f03_heap_sift_down;p02_f04_heap_push;p02_f05_heap_pop_min;p02_f06_heap_peek;p02_f07_heapify_array;p02_f08_heapsort_asc;p02_f09_heap_replace;p02_f12_heap_decrease_key;p02_f13_heap_merge;p02_f14_heap_is_valid,p06_f08_tlv_decode_uint32;p06_f10_tlv_count_tags;p06_f12_packet_header_build;p06_f16_packet_serialize,P02_MAX_CAP;P02_NOINLINE;p02_heap_t,P06_MAX_BUF;P06_NOINLINE;p06_packet_t;p06_tlv_t,NONE,0,16,data/v2/partial_reuse/train/p02_reuse075/source,c898519bf3113a878dc49dbd451ac0814d9d5d3a196d428d23f1c11e17b780b8,PASS,PASS,PASS,PASS,437f5eb6953b2948d298be9eb81f2b52b7d3b573733c85612db49fb118befcea,validated
p02_reuse100,train,p02,p06,1.00,16,16,1.00,p02_f01_heap_init;p02_f02_heap_sift_up;p02_f03_heap_sift_down;p02_f04_heap_push;p02_f05_heap_pop_min;p02_f06_heap_peek;p02_f07_heapify_array;p02_f08_heapsort_asc;p02_f09_heap_replace;p02_f10_heap_delete_at;p02_f11_heap_increase_key;p02_f12_heap_decrease_key;p02_f13_heap_merge;p02_f14_heap_is_valid;p02_f15_heap_kth_smallest;p02_f16_heap_clear,,P02_MAX_CAP;P02_NOINLINE;p02_heap_t,NONE,NONE,0,16,data/v2/partial_reuse/train/p02_reuse100/source,66f84c30ffac36796202734b256a41d0be762c4b9395695aae6108ab1a23cb43,PASS,PASS,PASS,PASS,c514a86cbb988ea5339a9eb10bc613c52b2f447279134aa6118dc4432e3eea3f,validated
p03_reuse000,train,p03,p07,0.00,0,16,0.00,,p07_f01_slab_init;p07_f02_slab_alloc_block;p07_f03_slab_free_block;p07_f04_slab_available_count;p07_f05_slab_is_pointer_valid;p07_f06_slab_mark_busy;p07_f07_slab_mark_free;p07_f08_slab_find_first_free_bit;p07_f09_slab_defragment_check;p07_f10_slab_reset;p07_f11_slab_block_index;p07_f12_slab_index_to_pointer;p07_f13_slab_stats_utilization;p07_f14_slab_audit_integrity;p07_f15_slab_scrub_pattern;p07_f16_slab_compact_scan,NONE,P07_BLOCK_SZ;P07_NOINLINE;P07_NUM_BLOCKS;p07_slab_t,NONE,0,16,data/v2/partial_reuse/train/p03_reuse000/source,22835153c18db526d53f638b01a1298b4db864179ed678eee404e6bd1486084b,PASS,PASS,PASS,PASS,79a993db463ecd425f6c230039dbe10ae4caf22ab54017ed00acf58676cb609c,validated
p03_reuse025,train,p03,p07,0.25,4,16,0.25,p03_f01_str_trim;p03_f05_str_ends_with;p03_f08_str_to_lower_ascii;p03_f13_str_unescape_c,p07_f01_slab_init;p07_f04_slab_available_count;p07_f06_slab_mark_busy;p07_f07_slab_mark_free;p07_f08_slab_find_first_free_bit;p07_f09_slab_defragment_check;p07_f11_slab_block_index;p07_f12_slab_index_to_pointer;p07_f13_slab_stats_utilization;p07_f14_slab_audit_integrity;p07_f15_slab_scrub_pattern;p07_f16_slab_compact_scan,P03_NOINLINE;P03_STRING_TOKEN_H,P07_BLOCK_SZ;P07_NOINLINE;P07_NUM_BLOCKS;p07_slab_t,NONE,0,16,data/v2/partial_reuse/train/p03_reuse025/source,07e19b91b52236da6f5098fbaad8a33d0a818a22094ea9db8ec3597280e002dd,PASS,PASS,PASS,PASS,a3a9b0b1211c45a027a9f4acf2df03cc1378e0319465c8a5729fbcd7579209f2,validated
p03_reuse050,train,p03,p07,0.50,8,16,0.50,p03_f01_str_trim;p03_f02_str_split_delim;p03_f03_str_join;p03_f09_str_to_upper_ascii;p03_f10_str_reverse;p03_f11_str_levenshtein;p03_f14_str_parse_int;p03_f15_str_format_hex,p07_f07_slab_mark_free;p07_f08_slab_find_first_free_bit;p07_f09_slab_defragment_check;p07_f11_slab_block_index;p07_f12_slab_index_to_pointer;p07_f13_slab_stats_utilization;p07_f14_slab_audit_integrity;p07_f15_slab_scrub_pattern,P03_NOINLINE;P03_STRING_TOKEN_H,P07_BLOCK_SZ;P07_NOINLINE;P07_NUM_BLOCKS;p07_slab_t,NONE,0,16,data/v2/partial_reuse/train/p03_reuse050/source,2e857c9bc51d9f3b4046bc45047b5abb1cc0a52f9bd992ddc874fd9e2dffd911,PASS,PASS,PASS,PASS,eba0976e1726ccdc0c1ccd57e889031737a031328a4f47037193d8988047ba3f,validated
p03_reuse075,train,p03,p07,0.75,12,16,0.75,p03_f01_str_trim;p03_f02_str_split_delim;p03_f03_str_join;p03_f04_str_starts_with;p03_f05_str_ends_with;p03_f06_str_replace_char;p03_f07_str_count_substr;p03_f08_str_to_lower_ascii;p03_f09_str_to_upper_ascii;p03_f10_str_reverse;p03_f15_str_format_hex;p03_f16_str_parse_hex,p07_f06_slab_mark_busy;p07_f08_slab_find_first_free_bit;p07_f09_slab_defragment_check;p07_f12_slab_index_to_pointer,P03_NOINLINE;P03_STRING_TOKEN_H,P07_BLOCK_SZ;P07_NOINLINE;P07_NUM_BLOCKS;p07_slab_t,NONE,0,16,data/v2/partial_reuse/train/p03_reuse075/source,e31b7ffc4ec4b1bec60176f10779c586237c34d632bea1cc9792a5c964a9ab45,PASS,PASS,PASS,PASS,15bf80dc0b5999ed28d780ef8d2b2b591c83d8c8fa59b8282d06dd60e94c851c,validated
p03_reuse100,train,p03,p07,1.00,16,16,1.00,p03_f01_str_trim;p03_f02_str_split_delim;p03_f03_str_join;p03_f04_str_starts_with;p03_f05_str_ends_with;p03_f06_str_replace_char;p03_f07_str_count_substr;p03_f08_str_to_lower_ascii;p03_f09_str_to_upper_ascii;p03_f10_str_reverse;p03_f11_str_levenshtein;p03_f12_str_escape_c;p03_f13_str_unescape_c;p03_f14_str_parse_int;p03_f15_str_format_hex;p03_f16_str_parse_hex,,P03_NOINLINE;P03_STRING_TOKEN_H,NONE,NONE,0,16,data/v2/partial_reuse/train/p03_reuse100/source,8b00d890c038c3cf3fd352d1fa41f213a32b60e1056d8cc4d2ef69a8b3d1c5cb,PASS,PASS,PASS,PASS,4c656aa51a12d9219e6f60c641b980287de6e356b642d141017b92246a058417,validated
p04_reuse000,train,p04,p01,0.00,0,16,0.00,,p01_f01_crc8_smbus;p01_f02_crc8_cdma;p01_f03_crc16_ccitt;p01_f04_crc16_modbus;p01_f05_crc32_ieee;p01_f06_crc32_table_driven;p01_f07_fletcher16;p01_f08_fletcher32;p01_f09_bsd_checksum;p01_f10_sysv_checksum;p01_f11_luhn_validate;p01_f12_xor8_block;p01_f13_internet_checksum;p01_f14_adler16_simple;p01_f15_pearson_hash8;p01_f16_checksum_combine,NONE,P01_CRC_FLETCHER_H;P01_NOINLINE,NONE,0,16,data/v2/partial_reuse/train/p04_reuse000/source,a03c26c6cce73c55518d98d3de64d44e83b2cc214331254cbe7c2fbf6cedf016,PASS,PASS,PASS,PASS,7467fad07414e21631ccbec3029a83ee3c5dc73eeabaf798722eaafdd3dcad4f,validated
p04_reuse025,train,p04,p01,0.25,4,16,0.25,p04_f02_mat_init_identity;p04_f03_mat_add;p04_f07_mat_mul;p04_f10_mat_det_2x2,p01_f01_crc8_smbus;p01_f02_crc8_cdma;p01_f03_crc16_ccitt;p01_f04_crc16_modbus;p01_f05_crc32_ieee;p01_f06_crc32_table_driven;p01_f07_fletcher16;p01_f09_bsd_checksum;p01_f11_luhn_validate;p01_f14_adler16_simple;p01_f15_pearson_hash8;p01_f16_checksum_combine,P04_MATRIX_LINEAR_H;P04_NOINLINE;p04_mat4_t,P01_CRC_FLETCHER_H;P01_NOINLINE,NONE,0,16,data/v2/partial_reuse/train/p04_reuse025/source,f0c29cc39c48f4c084da1f934cf82f7a96245a326c2153d81be9772f8ec2c4f7,PASS,PASS,PASS,PASS,997df0ca1bdfc1ce525d244fb39b57c5affc459b8c6e046d7d5e8b7795d6ae68,validated
p04_reuse050,train,p04,p01,0.50,8,16,0.50,p04_f03_mat_add;p04_f05_mat_scale;p04_f06_mat_transpose;p04_f07_mat_mul;p04_f10_mat_det_2x2;p04_f11_mat_det_3x3;p04_f15_mat_solve_upper_tri;p04_f16_mat_hadamard_product,p01_f02_crc8_cdma;p01_f05_crc32_ieee;p01_f07_fletcher16;p01_f08_fletcher32;p01_f09_bsd_checksum;p01_f10_sysv_checksum;p01_f13_internet_checksum;p01_f14_adler16_simple,P04_MATRIX_LINEAR_H;P04_NOINLINE;p04_mat4_t,P01_CRC_FLETCHER_H;P01_NOINLINE,NONE,0,16,data/v2/partial_reuse/train/p04_reuse050/source,c8677b8a7c3a2171034fbc1f86d547f41d4803bc3412842ffe111c6164c52e93,PASS,PASS,PASS,PASS,87d724ec00521aa43636e01b4108b5624aabd01f9daf7865a674d58721cf5b03,validated
p04_reuse075,train,p04,p01,0.75,12,16,0.75,p04_f01_mat_init_zero;p04_f02_mat_init_identity;p04_f04_mat_sub;p04_f05_mat_scale;p04_f06_mat_transpose;p04_f07_mat_mul;p04_f08_mat_vec_mul;p04_f09_mat_trace;p04_f10_mat_det_2x2;p04_f11_mat_det_3x3;p04_f15_mat_solve_upper_tri;p04_f16_mat_hadamard_product,p01_f06_crc32_table_driven;p01_f07_fletcher16;p01_f10_sysv_checksum;p01_f13_internet_checksum,P04_MATRIX_LINEAR_H;P04_NOINLINE;p04_mat4_t,P01_CRC_FLETCHER_H;P01_NOINLINE,NONE,0,16,data/v2/partial_reuse/train/p04_reuse075/source,4ef2808dc9afedb135846face4f1b3df087b999ba23bd9628c123a55e3d2d3d2,PASS,PASS,PASS,PASS,da66986a8316de5c9b39433f7eae7ef100818780aa887f618320fd950c29490f,validated
p04_reuse100,train,p04,p01,1.00,16,16,1.00,p04_f01_mat_init_zero;p04_f02_mat_init_identity;p04_f03_mat_add;p04_f04_mat_sub;p04_f05_mat_scale;p04_f06_mat_transpose;p04_f07_mat_mul;p04_f08_mat_vec_mul;p04_f09_mat_trace;p04_f10_mat_det_2x2;p04_f11_mat_det_3x3;p04_f12_mat_frobenius_norm;p04_f13_mat_is_symmetric;p04_f14_mat_lu_decompose_3x3;p04_f15_mat_solve_upper_tri;p04_f16_mat_hadamard_product,,P04_MATRIX_LINEAR_H;P04_NOINLINE;p04_mat4_t,NONE,NONE,0,16,data/v2/partial_reuse/train/p04_reuse100/source,f458a57e434a10f4a88950f8aad3eb4c6312bb4f05b597c0a682f671c73f9d60,PASS,PASS,PASS,PASS,7794b9b8e58c6222031e773fdb163a6af6737a874a5b4733f4a3e5743436befe,validated
p05_reuse000,train,p05,p02,0.00,0,16,0.00,,p02_f01_heap_init;p02_f02_heap_sift_up;p02_f03_heap_sift_down;p02_f04_heap_push;p02_f05_heap_pop_min;p02_f06_heap_peek;p02_f07_heapify_array;p02_f08_heapsort_asc;p02_f09_heap_replace;p02_f10_heap_delete_at;p02_f11_heap_increase_key;p02_f12_heap_decrease_key;p02_f13_heap_merge;p02_f14_heap_is_valid;p02_f15_heap_kth_smallest;p02_f16_heap_clear,NONE,P02_MAX_CAP;P02_NOINLINE;p02_heap_t,NONE,0,16,data/v2/partial_reuse/train/p05_reuse000/source,b490111684770ef621701eaba282deb56ab84d3088549f774bae6ca4bbfd636f,PASS,PASS,PASS,PASS,cd679b5203ddc549f4ba59115526e41a92274ce1759312bf37a4e3fa41056100,validated
p05_reuse025,train,p05,p02,0.25,4,16,0.25,p05_f05_adj_out_degree;p05_f08_graph_has_cycle_directed;p05_f11_graph_transitive_closure;p05_f12_graph_density,p02_f01_heap_init;p02_f02_heap_sift_up;p02_f03_heap_sift_down;p02_f05_heap_pop_min;p02_f06_heap_peek;p02_f07_heapify_array;p02_f08_heapsort_asc;p02_f09_heap_replace;p02_f12_heap_decrease_key;p02_f13_heap_merge;p02_f14_heap_is_valid;p02_f15_heap_kth_smallest,P05_MAX_V;P05_NOINLINE;p05_graph_t,P02_MAX_CAP;P02_NOINLINE;p02_heap_t,NONE,0,16,data/v2/partial_reuse/train/p05_reuse025/source,f4b7ab351a7dc7468136bc647e385bbe79f6d214948660341b0cd0fec2fe4040,PASS,PASS,PASS,PASS,2045178a97ecae284c8e64befccb0a28e0347ec12357b61cf1cfd4b279374d33,validated
p05_reuse050,train,p05,p02,0.50,8,16,0.50,p05_f01_adj_init;p05_f02_adj_add_edge;p05_f03_adj_has_edge;p05_f04_adj_in_degree;p05_f06_graph_bfs;p05_f07_graph_dfs_iterative;p05_f10_graph_bipartite_check;p05_f15_graph_subgraph_induced,p02_f01_heap_init;p02_f02_heap_sift_up;p02_f03_heap_sift_down;p02_f07_heapify_array;p02_f10_heap_delete_at;p02_f13_heap_merge;p02_f14_heap_is_valid;p02_f16_heap_clear,P05_MAX_V;P05_NOINLINE;p05_graph_t,P02_MAX_CAP;P02_NOINLINE;p02_heap_t,NONE,0,16,data/v2/partial_reuse/train/p05_reuse050/source,cded07c3cbc471fee4ba42f5d618edb21c7e514b82b241127ed9a6dd9cc614e9,PASS,PASS,PASS,PASS,18a51b20634740aa870e6b4b058219debbd17a7b4f6d15c8cbef455f3f49bea4,validated
p05_reuse075,train,p05,p02,0.75,12,16,0.75,p05_f01_adj_init;p05_f02_adj_add_edge;p05_f03_adj_has_edge;p05_f04_adj_in_degree;p05_f05_adj_out_degree;p05_f06_graph_bfs;p05_f07_graph_dfs_iterative;p05_f10_graph_bipartite_check;p05_f12_graph_density;p05_f13_graph_isolate_count;p05_f14_graph_eulerian_path_check;p05_f16_graph_vertex_eccentricity,p02_f03_heap_sift_down;p02_f05_heap_pop_min;p02_f06_heap_peek;p02_f09_heap_replace,P05_MAX_V;P05_NOINLINE;p05_graph_t,P02_MAX_CAP;P02_NOINLINE;p02_heap_t,NONE,0,16,data/v2/partial_reuse/train/p05_reuse075/source,9c011ca5a53a6550a8a2ad1a8647b4ef4a1227cfd7b6788193cc653e8fa56b9a,PASS,PASS,PASS,PASS,97fbe2adf4ac0bff08d659f7fec5dab34ffceff0b3e483e7f9284ed04839fd75,validated
p05_reuse100,train,p05,p02,1.00,16,16,1.00,p05_f01_adj_init;p05_f02_adj_add_edge;p05_f03_adj_has_edge;p05_f04_adj_in_degree;p05_f05_adj_out_degree;p05_f06_graph_bfs;p05_f07_graph_dfs_iterative;p05_f08_graph_has_cycle_directed;p05_f09_graph_connected_components;p05_f10_graph_bipartite_check;p05_f11_graph_transitive_closure;p05_f12_graph_density;p05_f13_graph_isolate_count;p05_f14_graph_eulerian_path_check;p05_f15_graph_subgraph_induced;p05_f16_graph_vertex_eccentricity,,P05_MAX_V;P05_NOINLINE;p05_graph_t,NONE,NONE,0,16,data/v2/partial_reuse/train/p05_reuse100/source,61e4ec7c91564bcb8a1ab25158b1930178ce5415d0da1e20e7fecb44f13bb34d,PASS,PASS,PASS,PASS,c8092ad14004a687cfe469e42a3ba5e29e7977a02e34381f825250e36a5d3632,validated
p06_reuse000,train,p06,p03,0.00,0,16,0.00,,p03_f01_str_trim;p03_f02_str_split_delim;p03_f03_str_join;p03_f04_str_starts_with;p03_f05_str_ends_with;p03_f06_str_replace_char;p03_f07_str_count_substr;p03_f08_str_to_lower_ascii;p03_f09_str_to_upper_ascii;p03_f10_str_reverse;p03_f11_str_levenshtein;p03_f12_str_escape_c;p03_f13_str_unescape_c;p03_f14_str_parse_int;p03_f15_str_format_hex;p03_f16_str_parse_hex,NONE,P03_NOINLINE;P03_STRING_TOKEN_H,NONE,0,16,data/v2/partial_reuse/train/p06_reuse000/source,f1f9b4d8c531e00aff2d7054c31c179d4c50fa1aacfc827cd61dc5d43cde3f63,PASS,PASS,PASS,PASS,82fba3d24025b986b8f1b27b74c267f6a52cdffa2fce2e8445f6f85772f9a4f1,validated
p06_reuse025,train,p06,p03,0.25,4,16,0.25,p06_f02_tlv_encode_uint16;p06_f03_tlv_encode_uint32;p06_f05_tlv_decode_header;p06_f08_tlv_decode_uint32,p03_f01_str_trim;p03_f02_str_split_delim;p03_f03_str_join;p03_f06_str_replace_char;p03_f08_str_to_lower_ascii;p03_f09_str_to_upper_ascii;p03_f10_str_reverse;p03_f11_str_levenshtein;p03_f12_str_escape_c;p03_f13_str_unescape_c;p03_f14_str_parse_int;p03_f15_str_format_hex,P06_MAX_BUF;P06_NOINLINE;p06_packet_t;p06_tlv_t,P03_NOINLINE;P03_STRING_TOKEN_H,NONE,0,16,data/v2/partial_reuse/train/p06_reuse025/source,b47109db1c3ef9b740a56a8cc83feeea4d10a0f2828d114e41c1423d5b805d33,PASS,PASS,PASS,PASS,e1f5b714af55a6e47340c68e8adf47eab243ee5e96570597b972ade826653c9e,validated
p06_reuse050,train,p06,p03,0.50,8,16,0.50,p06_f02_tlv_encode_uint16;p06_f03_tlv_encode_uint32;p06_f05_tlv_decode_header;p06_f06_tlv_decode_uint8;p06_f12_packet_header_build;p06_f13_packet_header_parse;p06_f14_packet_payload_pad;p06_f15_packet_payload_unpad,p03_f01_str_trim;p03_f03_str_join;p03_f06_str_replace_char;p03_f07_str_count_substr;p03_f09_str_to_upper_ascii;p03_f10_str_reverse;p03_f11_str_levenshtein;p03_f14_str_parse_int,P06_MAX_BUF;P06_NOINLINE;p06_packet_t;p06_tlv_t,P03_NOINLINE;P03_STRING_TOKEN_H,NONE,0,16,data/v2/partial_reuse/train/p06_reuse050/source,ff05f615e0eed6c02618244a679775a2cd809eb30c0de9f7a7710d2e92b65435,PASS,PASS,PASS,PASS,daf10d220d17849bef1a2d372c770852980b9a5fa01101a1ecfbd0f63e6585b1,validated
p06_reuse075,train,p06,p03,0.75,12,16,0.75,p06_f01_tlv_encode_uint8;p06_f02_tlv_encode_uint16;p06_f03_tlv_encode_uint32;p06_f05_tlv_decode_header;p06_f08_tlv_decode_uint32;p06_f09_tlv_find_tag;p06_f10_tlv_count_tags;p06_f11_tlv_validate_buffer;p06_f12_packet_header_build;p06_f14_packet_payload_pad;p06_f15_packet_payload_unpad;p06_f16_packet_serialize,p03_f03_str_join;p03_f05_str_ends_with;p03_f12_str_escape_c;p03_f15_str_format_hex,P06_MAX_BUF;P06_NOINLINE;p06_packet_t;p06_tlv_t,P03_NOINLINE;P03_STRING_TOKEN_H,NONE,0,16,data/v2/partial_reuse/train/p06_reuse075/source,6dca0ac374ad3a17c4f0925b1060176239658fb48fa8477f217d0ac9a901d7f8,PASS,PASS,PASS,PASS,a9a0c54541ad884202c0fde9e7aa3d39bf310df7deff45311ce40da1b545f30c,validated
p06_reuse100,train,p06,p03,1.00,16,16,1.00,p06_f01_tlv_encode_uint8;p06_f02_tlv_encode_uint16;p06_f03_tlv_encode_uint32;p06_f04_tlv_encode_bytes;p06_f05_tlv_decode_header;p06_f06_tlv_decode_uint8;p06_f07_tlv_decode_uint16;p06_f08_tlv_decode_uint32;p06_f09_tlv_find_tag;p06_f10_tlv_count_tags;p06_f11_tlv_validate_buffer;p06_f12_packet_header_build;p06_f13_packet_header_parse;p06_f14_packet_payload_pad;p06_f15_packet_payload_unpad;p06_f16_packet_serialize,,P06_MAX_BUF;P06_NOINLINE;p06_packet_t;p06_tlv_t,NONE,NONE,0,16,data/v2/partial_reuse/train/p06_reuse100/source,276f55a9c71b6787e708ff9e8f03672172a50f334c4202e256eeb30822c799dd,PASS,PASS,PASS,PASS,d908bd852a4b4546743ec6a2660a3a75a609aa4631bdca5eb3425b30329db1c5,validated
p07_reuse000,train,p07,p04,0.00,0,16,0.00,,p04_f01_mat_init_zero;p04_f02_mat_init_identity;p04_f03_mat_add;p04_f04_mat_sub;p04_f05_mat_scale;p04_f06_mat_transpose;p04_f07_mat_mul;p04_f08_mat_vec_mul;p04_f09_mat_trace;p04_f10_mat_det_2x2;p04_f11_mat_det_3x3;p04_f12_mat_frobenius_norm;p04_f13_mat_is_symmetric;p04_f14_mat_lu_decompose_3x3;p04_f15_mat_solve_upper_tri;p04_f16_mat_hadamard_product,NONE,P04_MATRIX_LINEAR_H;P04_NOINLINE;p04_mat4_t,NONE,0,16,data/v2/partial_reuse/train/p07_reuse000/source,67aa3c890cb48557e94067d3fc4adc81d7936a3560e6f45a9bd8f55f880a9ca9,PASS,PASS,PASS,PASS,813f33305f3a2e354ba1cfed062495080c0185b7fa1dbc2757c338c723e60e3f,validated
p07_reuse025,train,p07,p04,0.25,4,16,0.25,p07_f01_slab_init;p07_f06_slab_mark_busy;p07_f13_slab_stats_utilization;p07_f16_slab_compact_scan,p04_f01_mat_init_zero;p04_f02_mat_init_identity;p04_f03_mat_add;p04_f04_mat_sub;p04_f05_mat_scale;p04_f06_mat_transpose;p04_f08_mat_vec_mul;p04_f10_mat_det_2x2;p04_f11_mat_det_3x3;p04_f12_mat_frobenius_norm;p04_f15_mat_solve_upper_tri;p04_f16_mat_hadamard_product,P07_BLOCK_SZ;P07_NOINLINE;P07_NUM_BLOCKS;p07_slab_t,P04_MATRIX_LINEAR_H;P04_NOINLINE;p04_mat4_t,NONE,0,16,data/v2/partial_reuse/train/p07_reuse025/source,9125fa8e12cd399766c574cbf9f431cb67e60d8d0401ed27b8069b558a90de2c,PASS,PASS,PASS,PASS,9f9ad0d73399ca35b1f7a3669d827c1b768082060b7141a1f245978a679f27f2,validated
p07_reuse050,train,p07,p04,0.50,8,16,0.50,p07_f01_slab_init;p07_f09_slab_defragment_check;p07_f11_slab_block_index;p07_f12_slab_index_to_pointer;p07_f13_slab_stats_utilization;p07_f14_slab_audit_integrity;p07_f15_slab_scrub_pattern;p07_f16_slab_compact_scan,p04_f04_mat_sub;p04_f05_mat_scale;p04_f06_mat_transpose;p04_f07_mat_mul;p04_f08_mat_vec_mul;p04_f09_mat_trace;p04_f10_mat_det_2x2;p04_f16_mat_hadamard_product,P07_BLOCK_SZ;P07_NOINLINE;P07_NUM_BLOCKS;p07_slab_t,P04_MATRIX_LINEAR_H;P04_NOINLINE;p04_mat4_t,NONE,0,16,data/v2/partial_reuse/train/p07_reuse050/source,18a39f2db85d4351d6029110dd82815e0c4caffb83a920bb0dc82609f41a1b35,PASS,PASS,PASS,PASS,8a9f978855bd256208adf9b0628c9771c434a8b512f36d416d105822a3395633,validated
p07_reuse075,train,p07,p04,0.75,12,16,0.75,p07_f01_slab_init;p07_f03_slab_free_block;p07_f06_slab_mark_busy;p07_f07_slab_mark_free;p07_f08_slab_find_first_free_bit;p07_f09_slab_defragment_check;p07_f10_slab_reset;p07_f11_slab_block_index;p07_f12_slab_index_to_pointer;p07_f14_slab_audit_integrity;p07_f15_slab_scrub_pattern;p07_f16_slab_compact_scan,p04_f01_mat_init_zero;p04_f09_mat_trace;p04_f12_mat_frobenius_norm;p04_f15_mat_solve_upper_tri,P07_BLOCK_SZ;P07_NOINLINE;P07_NUM_BLOCKS;p07_slab_t,P04_MATRIX_LINEAR_H;P04_NOINLINE;p04_mat4_t,NONE,0,16,data/v2/partial_reuse/train/p07_reuse075/source,288b6b9f2716a2ef6a0a01144ce65ce2550c14b96a27b46dfb0ec4b1e9fe83b7,PASS,PASS,PASS,PASS,5b65f6738453f37312f0c4d3df0fa27ac5971eb444bdfca67c016686c12ef403,validated
p07_reuse100,train,p07,p04,1.00,16,16,1.00,p07_f01_slab_init;p07_f02_slab_alloc_block;p07_f03_slab_free_block;p07_f04_slab_available_count;p07_f05_slab_is_pointer_valid;p07_f06_slab_mark_busy;p07_f07_slab_mark_free;p07_f08_slab_find_first_free_bit;p07_f09_slab_defragment_check;p07_f10_slab_reset;p07_f11_slab_block_index;p07_f12_slab_index_to_pointer;p07_f13_slab_stats_utilization;p07_f14_slab_audit_integrity;p07_f15_slab_scrub_pattern;p07_f16_slab_compact_scan,,P07_BLOCK_SZ;P07_NOINLINE;P07_NUM_BLOCKS;p07_slab_t,NONE,NONE,0,16,data/v2/partial_reuse/train/p07_reuse100/source,e53c1b4c07e8b3330244fa7dd79d45827947ee769b1813c3ae6ec74af8e66c09,PASS,PASS,PASS,PASS,a72cdfaca047f1701c842386a8682f251af5bc3c1e3f86f9591cfd982f05fbff,validated
p08_reuse000,dev,p08,p10,0.00,0,16,0.00,,p10_f01_nfa_init;p10_f02_nfa_add_state;p10_f03_nfa_set_transition;p10_f04_nfa_set_match;p10_f05_nfa_create_literal;p10_f06_nfa_concat;p10_f07_nfa_alternate;p10_f08_nfa_star;p10_f09_nfa_plus;p10_f10_nfa_optional;p10_f11_nfa_epsilon_closure;p10_f12_nfa_step;p10_f13_nfa_simulate;p10_f14_nfa_match_prefix;p10_f15_nfa_active_count;p10_f16_nfa_reset,NONE,P10_EPSILON;P10_MAX_STATES;P10_NOINLINE;p10_nfa_t,NONE,0,16,data/v2/partial_reuse/dev/p08_reuse000/source,2d652cb1967e40ede515fffda15bad0a4e4e9260445bdcca3965c6510e24ff0a,PASS,PASS,PASS,PASS,d7ab6a6571784758e10453e015bb7cd638ff4eb3522453307027a811cc68f79d,validated
p08_reuse025,dev,p08,p10,0.25,4,16,0.25,p08_f05_djb2_hash;p08_f10_rot13_cipher;p08_f13_poly1305_clamp;p08_f16_checksum_fold64_to_32,p10_f01_nfa_init;p10_f02_nfa_add_state;p10_f04_nfa_set_match;p10_f05_nfa_create_literal;p10_f06_nfa_concat;p10_f07_nfa_alternate;p10_f09_nfa_plus;p10_f10_nfa_optional;p10_f11_nfa_epsilon_closure;p10_f12_nfa_step;p10_f14_nfa_match_prefix;p10_f15_nfa_active_count,P08_ADLER_SIPHASH_H;P08_NOINLINE,P10_EPSILON;P10_MAX_STATES;P10_NOINLINE;p10_nfa_t,NONE,0,16,data/v2/partial_reuse/dev/p08_reuse025/source,6ad3aec250107241d9700e33c8eafc44c101bd77985ff3daa4aa01b50ade5b73,PASS,PASS,PASS,PASS,2cbb65251b8a0f22291486500a61ee859174945da72fa0814a8b36e2e09c6edd,validated
p08_reuse050,dev,p08,p10,0.50,8,16,0.50,p08_f01_adler32;p08_f02_siphash_round;p08_f04_half_siphash;p08_f06_sdbm_hash;p08_f07_rabin_karp_rolling;p08_f10_rot13_cipher;p08_f12_crc16_usb;p08_f14_chash_simple,p10_f01_nfa_init;p10_f02_nfa_add_state;p10_f04_nfa_set_match;p10_f05_nfa_create_literal;p10_f06_nfa_concat;p10_f11_nfa_epsilon_closure;p10_f12_nfa_step;p10_f16_nfa_reset,P08_ADLER_SIPHASH_H;P08_NOINLINE,P10_EPSILON;P10_MAX_STATES;P10_NOINLINE;p10_nfa_t,rotl32;rotl64,0,16,data/v2/partial_reuse/dev/p08_reuse050/source,fcacd421b38c4701660e42dc1fe4dc3e32906f051cacb4b40c53eb6b7cbc8977,PASS,PASS,PASS,PASS,fa163ff6e520c39422f36654ec0477426e32c83f29f12c39b6e6c2206323ddbd,validated
p08_reuse075,dev,p08,p10,0.75,12,16,0.75,p08_f02_siphash_round;p08_f03_siphash24;p08_f05_djb2_hash;p08_f06_sdbm_hash;p08_f08_jenkins_lookup2;p08_f09_knuth_multiplicative;p08_f10_rot13_cipher;p08_f11_rotate_mix32;p08_f12_crc16_usb;p08_f14_chash_simple;p08_f15_hash_mix32;p08_f16_checksum_fold64_to_32,p10_f02_nfa_add_state;p10_f07_nfa_alternate;p10_f08_nfa_star;p10_f11_nfa_epsilon_closure,P08_ADLER_SIPHASH_H;P08_NOINLINE,P10_EPSILON;P10_MAX_STATES;P10_NOINLINE;p10_nfa_t,rotl32;rotl64,0,16,data/v2/partial_reuse/dev/p08_reuse075/source,ac8b4229678f91379a2e16426199c181e242b97e2cecf7c3ecae942ff5f5efbc,PASS,PASS,PASS,PASS,bf49b8160ea55f94c13fbe8657fb6a83bbf8e37c470abdbd479a474482daebf9,validated
p08_reuse100,dev,p08,p10,1.00,16,16,1.00,p08_f01_adler32;p08_f02_siphash_round;p08_f03_siphash24;p08_f04_half_siphash;p08_f05_djb2_hash;p08_f06_sdbm_hash;p08_f07_rabin_karp_rolling;p08_f08_jenkins_lookup2;p08_f09_knuth_multiplicative;p08_f10_rot13_cipher;p08_f11_rotate_mix32;p08_f12_crc16_usb;p08_f13_poly1305_clamp;p08_f14_chash_simple;p08_f15_hash_mix32;p08_f16_checksum_fold64_to_32,,P08_ADLER_SIPHASH_H;P08_NOINLINE,NONE,rotl32;rotl64,0,16,data/v2/partial_reuse/dev/p08_reuse100/source,6d29ba95a64ef1921123257c2510bf35a1cfd443c44a7b783ad0298245d5354b,PASS,PASS,PASS,PASS,705e5ae81bc833e3597447f7dc1ad532eb2495a403e84d645f5e85a823ef92f8,validated
p09_reuse000,dev,p09,p11,0.00,0,16,0.00,,p11_f01_fp_from_int;p11_f02_fp_to_int;p11_f03_fp_add;p11_f04_fp_sub;p11_f05_fp_mul;p11_f06_fp_div;p11_f07_fp_abs;p11_f08_fp_sqrt;p11_f09_fp_exp_taylor;p11_f10_fp_ln_approx;p11_f11_fp_sin_cordic;p11_f12_fp_cos_cordic;p11_f13_fp_atan2_cordic;p11_f14_fp_lerp;p11_f15_fp_clamp;p11_f16_fp_poly_eval,NONE,P11_FP_ONE;P11_FP_SHIFT;P11_NOINLINE,cordic_kernel,0,16,data/v2/partial_reuse/dev/p09_reuse000/source,fb1286fe04fca96449e7ba77318155d52ad4562e2abf0d7f838aac0828bebf42,PASS,PASS,PASS,PASS,46dcbae9908707927faf907ce032dfb49d4f69d381024d114db6738ad5bfc8b0,validated
p09_reuse025,dev,p09,p11,0.25,4,16,0.25,p09_f02_avl_height;p09_f03_avl_balance_factor;p09_f04_avl_rotate_right;p09_f14_avl_count,p11_f02_fp_to_int;p11_f03_fp_add;p11_f04_fp_sub;p11_f05_fp_mul;p11_f06_fp_div;p11_f07_fp_abs;p11_f09_fp_exp_taylor;p11_f10_fp_ln_approx;p11_f12_fp_cos_cordic;p11_f14_fp_lerp;p11_f15_fp_clamp;p11_f16_fp_poly_eval,P09_MAX_NODES;P09_NOINLINE;p09_avl_tree_t;p09_node_t,P11_FP_ONE;P11_FP_SHIFT;P11_NOINLINE,cordic_kernel;max_i32,0,16,data/v2/partial_reuse/dev/p09_reuse025/source,a5f59c3410e1a753bb54ee72f1102014979fe17423e69a055a024f09e41933cc,PASS,PASS,PASS,PASS,043d59f03c314bfbcc454620ffabb4b9b92070fcb0a7205ac52a6be9ada6041b,validated
p09_reuse050,dev,p09,p11,0.50,8,16,0.50,p09_f02_avl_height;p09_f04_avl_rotate_right;p09_f05_avl_rotate_left;p09_f08_avl_min_node;p09_f11_avl_search;p09_f13_avl_preorder;p09_f14_avl_count;p09_f16_avl_clear,p11_f02_fp_to_int;p11_f03_fp_add;p11_f04_fp_sub;p11_f05_fp_mul;p11_f06_fp_div;p11_f07_fp_abs;p11_f11_fp_sin_cordic;p11_f15_fp_clamp,P09_MAX_NODES;P09_NOINLINE;p09_avl_tree_t;p09_node_t,P11_FP_ONE;P11_FP_SHIFT;P11_NOINLINE,cordic_kernel;max_i32;preorder_rec,0,16,data/v2/partial_reuse/dev/p09_reuse050/source,384336f2b1e881f7f9b53bde77b86ca8c6d2cfe8c97fea126d1a429bfd25e8e7,PASS,PASS,PASS,PASS,bfb60987be135aaa906cfa38be3a8327971d2d3cda58d3598b55d2597f957a99,validated
p09_reuse075,dev,p09,p11,0.75,12,16,0.75,p09_f02_avl_height;p09_f03_avl_balance_factor;p09_f04_avl_rotate_right;p09_f05_avl_rotate_left;p09_f06_avl_insert_internal;p09_f07_avl_insert;p09_f08_avl_min_node;p09_f09_avl_delete_internal;p09_f10_avl_delete;p09_f12_avl_inorder;p09_f13_avl_preorder;p09_f15_avl_is_balanced,p11_f06_fp_div;p11_f07_fp_abs;p11_f11_fp_sin_cordic;p11_f12_fp_cos_cordic,P09_MAX_NODES;P09_NOINLINE;p09_avl_tree_t;p09_node_t,P11_FP_ONE;P11_FP_SHIFT;P11_NOINLINE,cordic_kernel;inorder_rec;max_i32;preorder_rec,0,16,data/v2/partial_reuse/dev/p09_reuse075/source,535a99f7bbccf25410a4b9e38a09ff8739b13c1d3f720f76cd946ba21f6b05d1,PASS,PASS,PASS,PASS,78fdff49abb144069ff52a371308bc1f50bcf005523d8b73aa63ae5e6b5fb953,validated
p09_reuse100,dev,p09,p11,1.00,16,16,1.00,p09_f01_avl_init;p09_f02_avl_height;p09_f03_avl_balance_factor;p09_f04_avl_rotate_right;p09_f05_avl_rotate_left;p09_f06_avl_insert_internal;p09_f07_avl_insert;p09_f08_avl_min_node;p09_f09_avl_delete_internal;p09_f10_avl_delete;p09_f11_avl_search;p09_f12_avl_inorder;p09_f13_avl_preorder;p09_f14_avl_count;p09_f15_avl_is_balanced;p09_f16_avl_clear,,P09_MAX_NODES;P09_NOINLINE;p09_avl_tree_t;p09_node_t,NONE,inorder_rec;max_i32;preorder_rec,0,16,data/v2/partial_reuse/dev/p09_reuse100/source,6b4c55921c87ee30be6f605e2ff6c4839ccc8de53040b104fd05aff256e9a5be,PASS,PASS,PASS,PASS,716be44a3841981dd2618b75f15d729777f014f429507e8fb4aa9cc84f4b0804,validated
p10_reuse000,dev,p10,p12,0.00,0,16,0.00,,p12_f01_dag_init;p12_f02_dag_add_edge;p12_f03_dag_compute_indegrees;p12_f04_dag_compute_outdegrees;p12_f05_dag_kahn_toposort;p12_f06_dag_has_cycle;p12_f07_dag_longest_path;p12_f08_dag_shortest_path;p12_f09_dag_count_ancestors;p12_f10_dag_count_descendants;p12_f11_dag_assign_levels;p12_f12_dag_transitive_reduction;p12_f13_dag_find_sources;p12_f14_dag_find_sinks;p12_f15_dag_is_reachable;p12_f16_dag_clear,NONE,P12_MAX_VERTICES;P12_NOINLINE;p12_dag_t,NONE,0,16,data/v2/partial_reuse/dev/p10_reuse000/source,fdd2d84fe613d2d4ebb965bed45c4584f0ba78522bfa5a4dbfe873f3e3fca9c8,PASS,PASS,PASS,PASS,c46747128000d1f07c9945f8aa38fe5cdc38b3d46c4ab9248ed90b15a3206ee1,validated
p10_reuse025,dev,p10,p12,0.25,4,16,0.25,p10_f01_nfa_init;p10_f04_nfa_set_match;p10_f06_nfa_concat;p10_f11_nfa_epsilon_closure,p12_f01_dag_init;p12_f02_dag_add_edge;p12_f03_dag_compute_indegrees;p12_f04_dag_compute_outdegrees;p12_f05_dag_kahn_toposort;p12_f06_dag_has_cycle;p12_f07_dag_longest_path;p12_f09_dag_count_ancestors;p12_f13_dag_find_sources;p12_f14_dag_find_sinks;p12_f15_dag_is_reachable;p12_f16_dag_clear,P10_EPSILON;P10_MAX_STATES;P10_NOINLINE;p10_nfa_t,P12_MAX_VERTICES;P12_NOINLINE;p12_dag_t,NONE,0,16,data/v2/partial_reuse/dev/p10_reuse025/source,c32101cf2158926e94688a9800791e5a460ba3a8d314d6f6d3a4940cf009826d,PASS,PASS,PASS,PASS,5d630d5a5d7701eebd25135724f5622ae7c5e55aec91f006e1aee3ea65a6a8e3,validated
p10_reuse050,dev,p10,p12,0.50,8,16,0.50,p10_f01_nfa_init;p10_f02_nfa_add_state;p10_f03_nfa_set_transition;p10_f04_nfa_set_match;p10_f06_nfa_concat;p10_f07_nfa_alternate;p10_f15_nfa_active_count;p10_f16_nfa_reset,p12_f01_dag_init;p12_f02_dag_add_edge;p12_f03_dag_compute_indegrees;p12_f04_dag_compute_outdegrees;p12_f05_dag_kahn_toposort;p12_f08_dag_shortest_path;p12_f13_dag_find_sources;p12_f15_dag_is_reachable,P10_EPSILON;P10_MAX_STATES;P10_NOINLINE;p10_nfa_t,P12_MAX_VERTICES;P12_NOINLINE;p12_dag_t,NONE,0,16,data/v2/partial_reuse/dev/p10_reuse050/source,35c9769ef9ce4d1e7711ab4e555392193dd651dd47ca14bf3f31fbb70e889268,PASS,PASS,PASS,PASS,640304bf52ffc28eb8fe064fbf0ad6f599bd07c8e5584d6642ec256ce7a6e21c,validated
p10_reuse075,dev,p10,p12,0.75,12,16,0.75,p10_f01_nfa_init;p10_f02_nfa_add_state;p10_f03_nfa_set_transition;p10_f04_nfa_set_match;p10_f05_nfa_create_literal;p10_f06_nfa_concat;p10_f08_nfa_star;p10_f11_nfa_epsilon_closure;p10_f12_nfa_step;p10_f13_nfa_simulate;p10_f14_nfa_match_prefix;p10_f16_nfa_reset,p12_f01_dag_init;p12_f03_dag_compute_indegrees;p12_f05_dag_kahn_toposort;p12_f11_dag_assign_levels,P10_EPSILON;P10_MAX_STATES;P10_NOINLINE;p10_nfa_t,P12_MAX_VERTICES;P12_NOINLINE;p12_dag_t,NONE,0,16,data/v2/partial_reuse/dev/p10_reuse075/source,ea5887a74f4e9f173379ef0283b25a072faf0919a212e0d061db98458960be31,PASS,PASS,PASS,PASS,b01d2bb3933e94d254bd5784455e10f04292433d80c702bc3a1dfcf133256699,validated
p10_reuse100,dev,p10,p12,1.00,16,16,1.00,p10_f01_nfa_init;p10_f02_nfa_add_state;p10_f03_nfa_set_transition;p10_f04_nfa_set_match;p10_f05_nfa_create_literal;p10_f06_nfa_concat;p10_f07_nfa_alternate;p10_f08_nfa_star;p10_f09_nfa_plus;p10_f10_nfa_optional;p10_f11_nfa_epsilon_closure;p10_f12_nfa_step;p10_f13_nfa_simulate;p10_f14_nfa_match_prefix;p10_f15_nfa_active_count;p10_f16_nfa_reset,,P10_EPSILON;P10_MAX_STATES;P10_NOINLINE;p10_nfa_t,NONE,NONE,0,16,data/v2/partial_reuse/dev/p10_reuse100/source,3a6af0bc6565c63b31dbb9e1bd91271c0f4d641b411706675b24d2bc717dda03,PASS,PASS,PASS,PASS,8383ca0e046411a9671a8e4c18c022d25448fd60beeab0673cdf5ce8c00076db,validated
p11_reuse000,dev,p11,p13,0.00,0,16,0.00,,p13_f01_slip_encode;p13_f02_slip_decode;p13_f03_cobs_encode;p13_f04_cobs_decode;p13_f05_fcs16_compute;p13_f06_fcs16_verify;p13_f07_pack_header;p13_f08_unpack_header;p13_f09_bit_stuff_encode;p13_f10_bit_stuff_decode;p13_f11_frame_checksum_valid;p13_f12_byte_swap16;p13_f13_byte_swap32;p13_f14_parse_tlv_field;p13_f15_frame_buf_append;p13_f16_frame_buf_reset,NONE,P13_NOINLINE;P13_SLIP_END;P13_SLIP_ESC;p13_slip_t,NONE,0,16,data/v2/partial_reuse/dev/p11_reuse000/source,215664cb47c2cdcd5e306625943a8231fac8b39e89ade5daab53b69d465df723,PASS,PASS,PASS,PASS,0a37bda1041531edb9f88ef6d25f7e3173fe8eb3beedc776da490e739e57c28a,validated
p11_reuse025,dev,p11,p13,0.25,4,16,0.25,p11_f01_fp_from_int;p11_f04_fp_sub;p11_f12_fp_cos_cordic;p11_f15_fp_clamp,p13_f01_slip_encode;p13_f02_slip_decode;p13_f03_cobs_encode;p13_f04_cobs_decode;p13_f05_fcs16_compute;p13_f09_bit_stuff_encode;p13_f10_bit_stuff_decode;p13_f12_byte_swap16;p13_f13_byte_swap32;p13_f14_parse_tlv_field;p13_f15_frame_buf_append;p13_f16_frame_buf_reset,P11_FP_ONE;P11_FP_SHIFT;P11_NOINLINE,P13_NOINLINE;P13_SLIP_END;P13_SLIP_ESC;p13_slip_t,cordic_kernel,0,16,data/v2/partial_reuse/dev/p11_reuse025/source,649a8cf1bad9e74ab0dec346455649791c3f9bc9179eee05cb587aeb860cfdb3,PASS,PASS,PASS,PASS,c4d1cadd43416cdd8f490a5cc9ba152210783ae2e4de8ac58eb1ba4ed2c03d63,validated
p11_reuse050,dev,p11,p13,0.50,8,16,0.50,p11_f02_fp_to_int;p11_f03_fp_add;p11_f04_fp_sub;p11_f05_fp_mul;p11_f06_fp_div;p11_f07_fp_abs;p11_f08_fp_sqrt;p11_f14_fp_lerp,p13_f01_slip_encode;p13_f02_slip_decode;p13_f03_cobs_encode;p13_f05_fcs16_compute;p13_f10_bit_stuff_decode;p13_f12_byte_swap16;p13_f14_parse_tlv_field;p13_f15_frame_buf_append,P11_FP_ONE;P11_FP_SHIFT;P11_NOINLINE,P13_NOINLINE;P13_SLIP_END;P13_SLIP_ESC;p13_slip_t,NONE,0,16,data/v2/partial_reuse/dev/p11_reuse050/source,3d896b3feca8a085b8816309a90211df681e900b50a9d1ef568b756dcc1261ed,PASS,PASS,PASS,PASS,be9b14327078e01cfd07c255a5e2312c3ce3e79bcc147891cc002e229250d3aa,validated
p11_reuse075,dev,p11,p13,0.75,12,16,0.75,p11_f01_fp_from_int;p11_f03_fp_add;p11_f04_fp_sub;p11_f05_fp_mul;p11_f06_fp_div;p11_f07_fp_abs;p11_f09_fp_exp_taylor;p11_f11_fp_sin_cordic;p11_f13_fp_atan2_cordic;p11_f14_fp_lerp;p11_f15_fp_clamp;p11_f16_fp_poly_eval,p13_f02_slip_decode;p13_f03_cobs_encode;p13_f13_byte_swap32;p13_f14_parse_tlv_field,P11_FP_ONE;P11_FP_SHIFT;P11_NOINLINE,P13_NOINLINE;P13_SLIP_END;P13_SLIP_ESC;p13_slip_t,cordic_kernel,0,16,data/v2/partial_reuse/dev/p11_reuse075/source,25473273732daeeadf57041147a6318b79abc6d640dcca7bd3bed35647912ea6,PASS,PASS,PASS,PASS,3b31bddb71e2adb5b3462ae5d74446012e97329b523a6ae2147121f1ad9e6b05,validated
p11_reuse100,dev,p11,p13,1.00,16,16,1.00,p11_f01_fp_from_int;p11_f02_fp_to_int;p11_f03_fp_add;p11_f04_fp_sub;p11_f05_fp_mul;p11_f06_fp_div;p11_f07_fp_abs;p11_f08_fp_sqrt;p11_f09_fp_exp_taylor;p11_f10_fp_ln_approx;p11_f11_fp_sin_cordic;p11_f12_fp_cos_cordic;p11_f13_fp_atan2_cordic;p11_f14_fp_lerp;p11_f15_fp_clamp;p11_f16_fp_poly_eval,,P11_FP_ONE;P11_FP_SHIFT;P11_NOINLINE,NONE,cordic_kernel,0,16,data/v2/partial_reuse/dev/p11_reuse100/source,5268a5de087ae374acf7f340857a04a66581ae294bf851326e8bdbe32ce5342e,PASS,PASS,PASS,PASS,f36579d12dfdb689a167d8db7357900a6fe56dbf5c45adf00a002bb125697f6c,validated
p12_reuse000,dev,p12,p14,0.00,0,16,0.00,,p14_f01_bm_init;p14_f02_bm_set_bit;p14_f03_bm_clear_bit;p14_f04_bm_test_bit;p14_f05_bm_toggle_bit;p14_f06_bm_popcount;p14_f07_bm_find_first_set;p14_f08_bm_find_first_zero;p14_f09_bm_find_next_set;p14_f10_bm_bitwise_and;p14_f11_bm_bitwise_or;p14_f12_bm_bitwise_xor;p14_f13_bm_bitwise_not;p14_f14_bm_fill_range;p14_f15_bm_clear_range;p14_f16_bm_jaccard_similarity,NONE,P14_BM_WORDS;P14_NOINLINE;p14_bm_t,popcount64,0,16,data/v2/partial_reuse/dev/p12_reuse000/source,8f485bcd4e682fcbec7e674fd1810be01a46c77dceb00f15ba7253ab01b97493,PASS,PASS,PASS,PASS,131c52055ac04e9c6d551d3bdfa1c4f19016d9bb86c80e3c495eca49327d7a00,validated
p12_reuse025,dev,p12,p14,0.25,4,16,0.25,p12_f02_dag_add_edge;p12_f10_dag_count_descendants;p12_f12_dag_transitive_reduction;p12_f15_dag_is_reachable,p14_f02_bm_set_bit;p14_f03_bm_clear_bit;p14_f04_bm_test_bit;p14_f05_bm_toggle_bit;p14_f06_bm_popcount;p14_f09_bm_find_next_set;p14_f10_bm_bitwise_and;p14_f11_bm_bitwise_or;p14_f12_bm_bitwise_xor;p14_f13_bm_bitwise_not;p14_f14_bm_fill_range;p14_f16_bm_jaccard_similarity,P12_MAX_VERTICES;P12_NOINLINE;p12_dag_t,P14_BM_WORDS;P14_NOINLINE;p14_bm_t,popcount64,0,16,data/v2/partial_reuse/dev/p12_reuse025/source,7c526b9831796d2e345786d5bede0df5db05432992a42cda5985b8fd920f6080,PASS,PASS,PASS,PASS,6ec3c42ea0818ee6c04e6290a9209aceeb848ba1e9acf7a98152c9e8007517ff,validated
p12_reuse050,dev,p12,p14,0.50,8,16,0.50,p12_f03_dag_compute_indegrees;p12_f04_dag_compute_outdegrees;p12_f05_dag_kahn_toposort;p12_f07_dag_longest_path;p12_f08_dag_shortest_path;p12_f10_dag_count_descendants;p12_f11_dag_assign_levels;p12_f13_dag_find_sources,p14_f03_bm_clear_bit;p14_f04_bm_test_bit;p14_f05_bm_toggle_bit;p14_f06_bm_popcount;p14_f07_bm_find_first_set;p14_f10_bm_bitwise_and;p14_f11_bm_bitwise_or;p14_f15_bm_clear_range,P12_MAX_VERTICES;P12_NOINLINE;p12_dag_t,P14_BM_WORDS;P14_NOINLINE;p14_bm_t,popcount64,0,16,data/v2/partial_reuse/dev/p12_reuse050/source,523c71e51da7d4e2f9689d12774c0ea5171bcbd202c9214f6b4e29fd4867fcc5,PASS,PASS,PASS,PASS,f04b076d32dddf716e87db0a82aafd3edcf2dbfa18b56db69f33f6438b90b712,validated
p12_reuse075,dev,p12,p14,0.75,12,16,0.75,p12_f01_dag_init;p12_f02_dag_add_edge;p12_f03_dag_compute_indegrees;p12_f04_dag_compute_outdegrees;p12_f05_dag_kahn_toposort;p12_f07_dag_longest_path;p12_f08_dag_shortest_path;p12_f09_dag_count_ancestors;p12_f10_dag_count_descendants;p12_f12_dag_transitive_reduction;p12_f13_dag_find_sources;p12_f14_dag_find_sinks,p14_f01_bm_init;p14_f05_bm_toggle_bit;p14_f06_bm_popcount;p14_f12_bm_bitwise_xor,P12_MAX_VERTICES;P12_NOINLINE;p12_dag_t,P14_BM_WORDS;P14_NOINLINE;p14_bm_t,popcount64,0,16,data/v2/partial_reuse/dev/p12_reuse075/source,160ae2d44ae703d052003436ec3167f6fb64ea850731c35a47893bed6150b149,PASS,PASS,PASS,PASS,bb8be183f5da2b48157d322461c93107b4c3df482d8937ee2079d6f60909c39a,validated
p12_reuse100,dev,p12,p14,1.00,16,16,1.00,p12_f01_dag_init;p12_f02_dag_add_edge;p12_f03_dag_compute_indegrees;p12_f04_dag_compute_outdegrees;p12_f05_dag_kahn_toposort;p12_f06_dag_has_cycle;p12_f07_dag_longest_path;p12_f08_dag_shortest_path;p12_f09_dag_count_ancestors;p12_f10_dag_count_descendants;p12_f11_dag_assign_levels;p12_f12_dag_transitive_reduction;p12_f13_dag_find_sources;p12_f14_dag_find_sinks;p12_f15_dag_is_reachable;p12_f16_dag_clear,,P12_MAX_VERTICES;P12_NOINLINE;p12_dag_t,NONE,NONE,0,16,data/v2/partial_reuse/dev/p12_reuse100/source,b095fcb8419ae63ed3ec3bab2bd52b275987a5757233e6131e91c4ca2ee13324,PASS,PASS,PASS,PASS,27c4995130b2adf3123ffa3cfdf8280194bd6673489c900a6f7ad43e08acd5ed,validated
p13_reuse000,dev,p13,p08,0.00,0,16,0.00,,p08_f01_adler32;p08_f02_siphash_round;p08_f03_siphash24;p08_f04_half_siphash;p08_f05_djb2_hash;p08_f06_sdbm_hash;p08_f07_rabin_karp_rolling;p08_f08_jenkins_lookup2;p08_f09_knuth_multiplicative;p08_f10_rot13_cipher;p08_f11_rotate_mix32;p08_f12_crc16_usb;p08_f13_poly1305_clamp;p08_f14_chash_simple;p08_f15_hash_mix32;p08_f16_checksum_fold64_to_32,NONE,P08_ADLER_SIPHASH_H;P08_NOINLINE,rotl32;rotl64,0,16,data/v2/partial_reuse/dev/p13_reuse000/source,dd64dd341f6ee8b9dca91cca67f9dc04b36912d4e643c5bf9f64f0e7862bb30b,PASS,PASS,PASS,PASS,4f713c52897ae2e120b16976bcd7f338a8021b768e3960719f7e739a83488ad8,validated
p13_reuse025,dev,p13,p08,0.25,4,16,0.25,p13_f02_slip_decode;p13_f12_byte_swap16;p13_f13_byte_swap32;p13_f14_parse_tlv_field,p08_f01_adler32;p08_f02_siphash_round;p08_f03_siphash24;p08_f04_half_siphash;p08_f06_sdbm_hash;p08_f08_jenkins_lookup2;p08_f09_knuth_multiplicative;p08_f10_rot13_cipher;p08_f13_poly1305_clamp;p08_f14_chash_simple;p08_f15_hash_mix32;p08_f16_checksum_fold64_to_32,P13_NOINLINE;P13_SLIP_END;P13_SLIP_ESC;p13_slip_t,P08_ADLER_SIPHASH_H;P08_NOINLINE,rotl32;rotl64,0,16,data/v2/partial_reuse/dev/p13_reuse025/source,595a5f2e566e55ee1532ec67a0d2d0450c77341aaaec8511ac8190af51d4828f,PASS,PASS,PASS,PASS,d039dca27eb55fe69534bf596c3e24b81dfa04e5de804641f8d46197d224063b,validated
p13_reuse050,dev,p13,p08,0.50,8,16,0.50,p13_f01_slip_encode;p13_f03_cobs_encode;p13_f05_fcs16_compute;p13_f06_fcs16_verify;p13_f09_bit_stuff_encode;p13_f14_parse_tlv_field;p13_f15_frame_buf_append;p13_f16_frame_buf_reset,p08_f01_adler32;p08_f04_half_siphash;p08_f06_sdbm_hash;p08_f09_knuth_multiplicative;p08_f11_rotate_mix32;p08_f12_crc16_usb;p08_f15_hash_mix32;p08_f16_checksum_fold64_to_32,P13_NOINLINE;P13_SLIP_END;P13_SLIP_ESC;p13_slip_t,P08_ADLER_SIPHASH_H;P08_NOINLINE,rotl32,0,16,data/v2/partial_reuse/dev/p13_reuse050/source,ae8befa9d2bee98acd13bf7f6610cd51c81cc04f0e172e13897e6bc370bcf01f,PASS,PASS,PASS,PASS,d170106491ce345d5b81e8a2bb8fd3bbb79dafaed7d0024276a8b57438307524,validated
p13_reuse075,dev,p13,p08,0.75,12,16,0.75,p13_f03_cobs_encode;p13_f04_cobs_decode;p13_f05_fcs16_compute;p13_f06_fcs16_verify;p13_f07_pack_header;p13_f09_bit_stuff_encode;p13_f10_bit_stuff_decode;p13_f11_frame_checksum_valid;p13_f12_byte_swap16;p13_f13_byte_swap32;p13_f14_parse_tlv_field;p13_f16_frame_buf_reset,p08_f01_adler32;p08_f02_siphash_round;p08_f08_jenkins_lookup2;p08_f13_poly1305_clamp,P13_NOINLINE;P13_SLIP_END;P13_SLIP_ESC;p13_slip_t,P08_ADLER_SIPHASH_H;P08_NOINLINE,rotl64,0,16,data/v2/partial_reuse/dev/p13_reuse075/source,75e4c5c6ad9e51dc850bbbe3bac6ffe64e03ac7825c100a58aa9835fe2952597,PASS,PASS,PASS,PASS,4dfb4c447fd25e6cc8d4d1177558036165f5a894063756e00c177f39130f020f,validated
p13_reuse100,dev,p13,p08,1.00,16,16,1.00,p13_f01_slip_encode;p13_f02_slip_decode;p13_f03_cobs_encode;p13_f04_cobs_decode;p13_f05_fcs16_compute;p13_f06_fcs16_verify;p13_f07_pack_header;p13_f08_unpack_header;p13_f09_bit_stuff_encode;p13_f10_bit_stuff_decode;p13_f11_frame_checksum_valid;p13_f12_byte_swap16;p13_f13_byte_swap32;p13_f14_parse_tlv_field;p13_f15_frame_buf_append;p13_f16_frame_buf_reset,,P13_NOINLINE;P13_SLIP_END;P13_SLIP_ESC;p13_slip_t,NONE,NONE,0,16,data/v2/partial_reuse/dev/p13_reuse100/source,d4ff4f35a95eb2b737cf4a4e97904e9a6d96555ca472fc6bc4d85a9f51caced3,PASS,PASS,PASS,PASS,dc7a74721ea0f58bde90d7ec8948e8b4c6d9b60f65f2a75fad2a3f8c79dc2860,validated
p14_reuse000,dev,p14,p09,0.00,0,16,0.00,,p09_f01_avl_init;p09_f02_avl_height;p09_f03_avl_balance_factor;p09_f04_avl_rotate_right;p09_f05_avl_rotate_left;p09_f06_avl_insert_internal;p09_f07_avl_insert;p09_f08_avl_min_node;p09_f09_avl_delete_internal;p09_f10_avl_delete;p09_f11_avl_search;p09_f12_avl_inorder;p09_f13_avl_preorder;p09_f14_avl_count;p09_f15_avl_is_balanced;p09_f16_avl_clear,NONE,P09_MAX_NODES;P09_NOINLINE;p09_avl_tree_t;p09_node_t,inorder_rec;max_i32;preorder_rec,0,16,data/v2/partial_reuse/dev/p14_reuse000/source,d690b9ca3330d20ddc60d4f0d09a53b22615fa04a5b99a2bb9141c034b106489,PASS,PASS,PASS,PASS,fa0752afbfc56c3a935825591bbbdce0198f2ac49308a22e49173c05a332154c,validated
p14_reuse025,dev,p14,p09,0.25,4,16,0.25,p14_f05_bm_toggle_bit;p14_f06_bm_popcount;p14_f11_bm_bitwise_or;p14_f12_bm_bitwise_xor,p09_f01_avl_init;p09_f02_avl_height;p09_f03_avl_balance_factor;p09_f04_avl_rotate_right;p09_f05_avl_rotate_left;p09_f08_avl_min_node;p09_f09_avl_delete_internal;p09_f10_avl_delete;p09_f11_avl_search;p09_f14_avl_count;p09_f15_avl_is_balanced;p09_f16_avl_clear,P14_BM_WORDS;P14_NOINLINE;p14_bm_t,P09_MAX_NODES;P09_NOINLINE;p09_avl_tree_t;p09_node_t,max_i32;popcount64,0,16,data/v2/partial_reuse/dev/p14_reuse025/source,503b1f4cbd0e285129a4a24fffdd6b9f6335c727746330b8977842ad39821ed3,PASS,PASS,PASS,PASS,7273df016e15de1f0ecf2e77e9b324c674392b0fcdb08caced9f8b091620b62f,validated
p14_reuse050,dev,p14,p09,0.50,8,16,0.50,p14_f02_bm_set_bit;p14_f03_bm_clear_bit;p14_f04_bm_test_bit;p14_f08_bm_find_first_zero;p14_f09_bm_find_next_set;p14_f10_bm_bitwise_and;p14_f12_bm_bitwise_xor;p14_f14_bm_fill_range,p09_f01_avl_init;p09_f02_avl_height;p09_f04_avl_rotate_right;p09_f08_avl_min_node;p09_f11_avl_search;p09_f12_avl_inorder;p09_f13_avl_preorder;p09_f14_avl_count,P14_BM_WORDS;P14_NOINLINE;p14_bm_t,P09_MAX_NODES;P09_NOINLINE;p09_avl_tree_t;p09_node_t,inorder_rec;max_i32;preorder_rec,0,16,data/v2/partial_reuse/dev/p14_reuse050/source,fa3b54085b949ddb021faec30a1fd70b30e8d676ae73e3401c84fda6e72a953b,PASS,PASS,PASS,PASS,a05cd80c229aaf7484899cf6405ab25e0a94f309dc60109d6e69258644fcd079,validated
p14_reuse075,dev,p14,p09,0.75,12,16,0.75,p14_f01_bm_init;p14_f02_bm_set_bit;p14_f03_bm_clear_bit;p14_f04_bm_test_bit;p14_f06_bm_popcount;p14_f07_bm_find_first_set;p14_f08_bm_find_first_zero;p14_f09_bm_find_next_set;p14_f11_bm_bitwise_or;p14_f12_bm_bitwise_xor;p14_f13_bm_bitwise_not;p14_f14_bm_fill_range,p09_f01_avl_init;p09_f02_avl_height;p09_f11_avl_search;p09_f13_avl_preorder,P14_BM_WORDS;P14_NOINLINE;p14_bm_t,P09_MAX_NODES;P09_NOINLINE;p09_avl_tree_t;p09_node_t,popcount64;preorder_rec,0,16,data/v2/partial_reuse/dev/p14_reuse075/source,5cb9135a51d144d33bd0f4040d518581e96be8e4ad4845650704aa3ab8896153,PASS,PASS,PASS,PASS,55fa68cc138ba3da225039a4a6dc35a57580c6254302c1a11441d4af4d9fd6d2,validated
p14_reuse100,dev,p14,p09,1.00,16,16,1.00,p14_f01_bm_init;p14_f02_bm_set_bit;p14_f03_bm_clear_bit;p14_f04_bm_test_bit;p14_f05_bm_toggle_bit;p14_f06_bm_popcount;p14_f07_bm_find_first_set;p14_f08_bm_find_first_zero;p14_f09_bm_find_next_set;p14_f10_bm_bitwise_and;p14_f11_bm_bitwise_or;p14_f12_bm_bitwise_xor;p14_f13_bm_bitwise_not;p14_f14_bm_fill_range;p14_f15_bm_clear_range;p14_f16_bm_jaccard_similarity,,P14_BM_WORDS;P14_NOINLINE;p14_bm_t,NONE,popcount64,0,16,data/v2/partial_reuse/dev/p14_reuse100/source,e78185a1b4ac8addb148e19286a935ed8c72de9605e1b204add0a94d0e60570b,PASS,PASS,PASS,PASS,5cfef45717ba26b14d3da75b32689c8ed3c61c55ee971d1c246d04a73215817b,validated
p15_reuse000,sealed_test,p15,p21,0.00,0,16,0.00,,p21_f01_log_init;p21_f02_log_append;p21_f03_log_get_by_seq;p21_f04_log_get_latest;p21_f05_log_get_oldest;p21_f06_log_count;p21_f07_log_filter_level;p21_f08_log_search_substring;p21_f09_log_checksum;p21_f10_log_verify_checksum;p21_f11_rle_compress;p21_f12_rle_decompress;p21_f13_log_filter_timestamp;p21_f14_log_truncate_older;p21_f15_log_export_stats;p21_f16_log_clear,NONE,P21_MAX_ENTRIES;P21_NOINLINE;p21_entry_t;p21_log_t,NONE,0,16,data/v2/partial_reuse/sealed_test/p15_reuse000/source,ba2029a8097edce0593eae710ac709599409c0f77786bb5664c0c61ed35ba1a3,PASS,PASS,PASS,PASS,f34e0f908e9e91be038104a802d0e2273700e41262643429a00eabc7a3444da4,validated
p15_reuse025,sealed_test,p15,p21,0.25,4,16,0.25,p15_f03_fnv1_64;p15_f09_super_fast_hash;p15_f11_dek_hash;p15_f15_hash_combine64,p21_f02_log_append;p21_f03_log_get_by_seq;p21_f04_log_get_latest;p21_f05_log_get_oldest;p21_f06_log_count;p21_f07_log_filter_level;p21_f08_log_search_substring;p21_f09_log_checksum;p21_f10_log_verify_checksum;p21_f11_rle_compress;p21_f12_rle_decompress;p21_f15_log_export_stats,P15_FNV_MURMUR_H;P15_NOINLINE,P21_MAX_ENTRIES;P21_NOINLINE;p21_entry_t;p21_log_t,NONE,0,16,data/v2/partial_reuse/sealed_test/p15_reuse025/source,38f2a3e320810a98650d9b3fad41e963218920accc7bbb1faca1084c27493eb2,PASS,PASS,PASS,PASS,68768b1e918939e7bb3dcf2991f5ee1ba2887cdfef29e2903683d74b72b90fc7,validated
p15_reuse050,sealed_test,p15,p21,0.50,8,16,0.50,p15_f01_fnv1_32;p15_f02_fnv1a_32;p15_f03_fnv1_64;p15_f04_fnv1a_64;p15_f09_super_fast_hash;p15_f14_crc24_ble;p15_f15_hash_combine64;p15_f16_checksum_parity_byte,p21_f01_log_init;p21_f02_log_append;p21_f04_log_get_latest;p21_f07_log_filter_level;p21_f08_log_search_substring;p21_f13_log_filter_timestamp;p21_f15_log_export_stats;p21_f16_log_clear,P15_FNV_MURMUR_H;P15_NOINLINE,P21_MAX_ENTRIES;P21_NOINLINE;p21_entry_t;p21_log_t,NONE,0,16,data/v2/partial_reuse/sealed_test/p15_reuse050/source,0f949dc9cc0c448e8bfd1a281a9f45db00e13d1c2dff77b6fb6e04dc2d19ae48,PASS,PASS,PASS,PASS,ba2ca05ccb9d71437ea80a55e96693c5cde60be7e5a7e7becaa89d46a44690db,validated
p15_reuse075,sealed_test,p15,p21,0.75,12,16,0.75,p15_f01_fnv1_32;p15_f03_fnv1_64;p15_f04_fnv1a_64;p15_f06_murmur3_32_fmix;p15_f08_jenkins_one_at_a_time;p15_f09_super_fast_hash;p15_f10_elf_hash;p15_f11_dek_hash;p15_f13_ap_hash;p15_f14_crc24_ble;p15_f15_hash_combine64;p15_f16_checksum_parity_byte,p21_f01_log_init;p21_f06_log_count;p21_f09_log_checksum;p21_f12_rle_decompress,P15_FNV_MURMUR_H;P15_NOINLINE,P21_MAX_ENTRIES;P21_NOINLINE;p21_entry_t;p21_log_t,NONE,0,16,data/v2/partial_reuse/sealed_test/p15_reuse075/source,004d1a3fa58478047d42f54fc8930ef29f6d1b9b0f54314ef43ded123442760d,PASS,PASS,PASS,PASS,f9167a97a8794bbe619f1aa4b5ba368c664683a4e14736cca5a1505d7d98f45f,validated
p15_reuse100,sealed_test,p15,p21,1.00,16,16,1.00,p15_f01_fnv1_32;p15_f02_fnv1a_32;p15_f03_fnv1_64;p15_f04_fnv1a_64;p15_f05_murmur3_32_scramble;p15_f06_murmur3_32_fmix;p15_f07_murmur3_32;p15_f08_jenkins_one_at_a_time;p15_f09_super_fast_hash;p15_f10_elf_hash;p15_f11_dek_hash;p15_f12_bp_hash;p15_f13_ap_hash;p15_f14_crc24_ble;p15_f15_hash_combine64;p15_f16_checksum_parity_byte,,P15_FNV_MURMUR_H;P15_NOINLINE,NONE,rotl32,0,16,data/v2/partial_reuse/sealed_test/p15_reuse100/source,0f7936718ba10ca7113094e7a171cea04fea66b426bc23844b9617377814ad7f,PASS,PASS,PASS,PASS,42275e8096eebd8eee45b1f5913f82f0cca673f427aba5bd793eb7a382bf80b1,validated
p16_reuse000,sealed_test,p16,p15,0.00,0,16,0.00,,p15_f01_fnv1_32;p15_f02_fnv1a_32;p15_f03_fnv1_64;p15_f04_fnv1a_64;p15_f05_murmur3_32_scramble;p15_f06_murmur3_32_fmix;p15_f07_murmur3_32;p15_f08_jenkins_one_at_a_time;p15_f09_super_fast_hash;p15_f10_elf_hash;p15_f11_dek_hash;p15_f12_bp_hash;p15_f13_ap_hash;p15_f14_crc24_ble;p15_f15_hash_combine64;p15_f16_checksum_parity_byte,NONE,P15_FNV_MURMUR_H;P15_NOINLINE,rotl32,0,16,data/v2/partial_reuse/sealed_test/p16_reuse000/source,8172027ce292d392579accc20b16a18a8427319fad02d6f4a98a6f3eb7fc73bc,PASS,PASS,PASS,PASS,9fa8ecb53e4e1021a554f1d977a110c26bf52dc13a2727a1becd54b3e9785857,validated
p16_reuse025,sealed_test,p16,p15,0.25,4,16,0.25,p16_f01_btree_init;p16_f03_btree_node_is_full;p16_f11_btree_depth;p16_f13_btree_max_key,p15_f01_fnv1_32;p15_f02_fnv1a_32;p15_f03_fnv1_64;p15_f04_fnv1a_64;p15_f05_murmur3_32_scramble;p15_f06_murmur3_32_fmix;p15_f08_jenkins_one_at_a_time;p15_f09_super_fast_hash;p15_f10_elf_hash;p15_f13_ap_hash;p15_f15_hash_combine64;p15_f16_checksum_parity_byte,P16_BTREE_T;P16_MAX_KEYS;P16_NOINLINE;p16_btree_node_t,P15_FNV_MURMUR_H;P15_NOINLINE,rotl32,0,16,data/v2/partial_reuse/sealed_test/p16_reuse025/source,9217a1a2badfbfad7fcee8ad6a7e9f1afc52a52787de67b22e7a3d7a1758b350,PASS,PASS,PASS,PASS,fe6586decb7ddf9a8c2f4d994024d1e241debef7ed34a645cb01357a9b34c0e6,validated
p16_reuse050,sealed_test,p16,p15,0.50,8,16,0.50,p16_f01_btree_init;p16_f02_btree_alloc_node;p16_f03_btree_node_is_full;p16_f05_btree_split_child;p16_f06_btree_insert_nonfull;p16_f07_btree_insert;p16_f09_btree_traverse;p16_f11_btree_depth,p15_f02_fnv1a_32;p15_f04_fnv1a_64;p15_f05_murmur3_32_scramble;p15_f06_murmur3_32_fmix;p15_f08_jenkins_one_at_a_time;p15_f09_super_fast_hash;p15_f13_ap_hash;p15_f15_hash_combine64,P16_BTREE_T;P16_MAX_KEYS;P16_NOINLINE;p16_btree_node_t,P15_FNV_MURMUR_H;P15_NOINLINE,rotl32;traverse_rec,0,16,data/v2/partial_reuse/sealed_test/p16_reuse050/source,5c5d422b8e86cde21b9e6e5f4ca9bfc6b0bd62804cbd94b8331876d10b91e447,PASS,PASS,PASS,PASS,9a16e665f361ce33b1c726406881fea989c410eff7e2bd12ae58265eb41a0803,validated
p16_reuse075,sealed_test,p16,p15,0.75,12,16,0.75,p16_f02_btree_alloc_node;p16_f03_btree_node_is_full;p16_f04_btree_find_key_idx;p16_f05_btree_split_child;p16_f06_btree_insert_nonfull;p16_f09_btree_traverse;p16_f10_btree_count_keys;p16_f11_btree_depth;p16_f12_btree_min_key;p16_f13_btree_max_key;p16_f15_btree_is_valid_node;p16_f16_btree_clear,p15_f02_fnv1a_32;p15_f04_fnv1a_64;p15_f13_ap_hash;p15_f15_hash_combine64,P16_BTREE_T;P16_MAX_KEYS;P16_NOINLINE;p16_btree_node_t,P15_FNV_MURMUR_H;P15_NOINLINE,traverse_rec,0,16,data/v2/partial_reuse/sealed_test/p16_reuse075/source,c0b6d4472ad8ad7f77b32cfeadd6c2281f6cdeefb3f4985777d7185cf963e870,PASS,PASS,PASS,PASS,dd753a6fe19bc6ead7e3e1ec7976a88c95e28a9fc707b1df56748984a839f80f,validated
p16_reuse100,sealed_test,p16,p15,1.00,16,16,1.00,p16_f01_btree_init;p16_f02_btree_alloc_node;p16_f03_btree_node_is_full;p16_f04_btree_find_key_idx;p16_f05_btree_split_child;p16_f06_btree_insert_nonfull;p16_f07_btree_insert;p16_f08_btree_search;p16_f09_btree_traverse;p16_f10_btree_count_keys;p16_f11_btree_depth;p16_f12_btree_min_key;p16_f13_btree_max_key;p16_f14_btree_contains;p16_f15_btree_is_valid_node;p16_f16_btree_clear,,P16_BTREE_T;P16_MAX_KEYS;P16_NOINLINE;p16_btree_node_t,NONE,traverse_rec,0,16,data/v2/partial_reuse/sealed_test/p16_reuse100/source,10dc433fd3c8df13a6497f0fd5c0da118522c5f3f72af77e35a2b9bc2082c037,PASS,PASS,PASS,PASS,a465c66408ed6f8ae70fe3660b3029273a62559dd62cdee31eac54960a5b913c,validated
p17_reuse000,sealed_test,p17,p16,0.00,0,16,0.00,,p16_f01_btree_init;p16_f02_btree_alloc_node;p16_f03_btree_node_is_full;p16_f04_btree_find_key_idx;p16_f05_btree_split_child;p16_f06_btree_insert_nonfull;p16_f07_btree_insert;p16_f08_btree_search;p16_f09_btree_traverse;p16_f10_btree_count_keys;p16_f11_btree_depth;p16_f12_btree_min_key;p16_f13_btree_max_key;p16_f14_btree_contains;p16_f15_btree_is_valid_node;p16_f16_btree_clear,NONE,P16_BTREE_T;P16_MAX_KEYS;P16_NOINLINE;p16_btree_node_t,traverse_rec,0,16,data/v2/partial_reuse/sealed_test/p17_reuse000/source,a57148161bd6e6c07c76d9a177ae7f43b51388c4103a29177010eed2e835c44d,PASS,PASS,PASS,PASS,e55960b85af8e478ead4e1d5f4f64afb7892d83c2bdbf2e2b575baf7d51d1519,validated
p17_reuse025,sealed_test,p17,p16,0.25,4,16,0.25,p17_f01_tok_init;p17_f03_parse_string;p17_f04_parse_number;p17_f09_validate_brackets,p16_f01_btree_init;p16_f02_btree_alloc_node;p16_f03_btree_node_is_full;p16_f04_btree_find_key_idx;p16_f08_btree_search;p16_f09_btree_traverse;p16_f10_btree_count_keys;p16_f11_btree_depth;p16_f13_btree_max_key;p16_f14_btree_contains;p16_f15_btree_is_valid_node;p16_f16_btree_clear,P17_NOINLINE;p17_tok_t;p17_token_type_t,P16_BTREE_T;P16_MAX_KEYS;P16_NOINLINE;p16_btree_node_t,traverse_rec,0,16,data/v2/partial_reuse/sealed_test/p17_reuse025/source,a7b0c5f46befec35bb948c38fcd9b5b082121be5dead22012876ba36fff48bed,PASS,PASS,PASS,PASS,9b62b2f9bad01e4a3a1c2ed7b55e602beb467efb33997ddbf77368db02fd793e,validated
p17_reuse050,sealed_test,p17,p16,0.50,8,16,0.50,p17_f01_tok_init;p17_f02_skip_whitespace;p17_f05_parse_literal;p17_f09_validate_brackets;p17_f13_extract_string_value;p17_f14_is_valid_number;p17_f15_parse_integer;p17_f16_tok_reset,p16_f01_btree_init;p16_f02_btree_alloc_node;p16_f03_btree_node_is_full;p16_f04_btree_find_key_idx;p16_f05_btree_split_child;p16_f09_btree_traverse;p16_f13_btree_max_key;p16_f15_btree_is_valid_node,P17_NOINLINE;p17_tok_t;p17_token_type_t,P16_BTREE_T;P16_MAX_KEYS;P16_NOINLINE;p16_btree_node_t,traverse_rec,0,16,data/v2/partial_reuse/sealed_test/p17_reuse050/source,302b0011244d54c3a0f72a0658fd2c29c85c9934bdb212206efe4aa7f06bac47,PASS,PASS,PASS,PASS,0c3e11684bce0be3c215e1451ba9c935b561690aec105f195859c9e3942874cd,validated
p17_reuse075,sealed_test,p17,p16,0.75,12,16,0.75,p17_f01_tok_init;p17_f02_skip_whitespace;p17_f03_parse_string;p17_f04_parse_number;p17_f05_parse_literal;p17_f06_next_token;p17_f08_consume_expected;p17_f09_validate_brackets;p17_f10_minify_json;p17_f12_find_key_in_object;p17_f14_is_valid_number;p17_f16_tok_reset,p16_f01_btree_init;p16_f04_btree_find_key_idx;p16_f11_btree_depth;p16_f15_btree_is_valid_node,P17_NOINLINE;p17_tok_t;p17_token_type_t,P16_BTREE_T;P16_MAX_KEYS;P16_NOINLINE;p16_btree_node_t,NONE,0,16,data/v2/partial_reuse/sealed_test/p17_reuse075/source,3f1998a5f2ab9fe37a97b688f24642359fee385420776268a6eee383683e0e37,PASS,PASS,PASS,PASS,a4f5e1369e3b63c68cee26940b99b4dae9dcd3cef7d8e7200fe6cfc7ed073a93,validated
p17_reuse100,sealed_test,p17,p16,1.00,16,16,1.00,p17_f01_tok_init;p17_f02_skip_whitespace;p17_f03_parse_string;p17_f04_parse_number;p17_f05_parse_literal;p17_f06_next_token;p17_f07_peek_token;p17_f08_consume_expected;p17_f09_validate_brackets;p17_f10_minify_json;p17_f11_count_tokens_by_type;p17_f12_find_key_in_object;p17_f13_extract_string_value;p17_f14_is_valid_number;p17_f15_parse_integer;p17_f16_tok_reset,,P17_NOINLINE;p17_tok_t;p17_token_type_t,NONE,NONE,0,16,data/v2/partial_reuse/sealed_test/p17_reuse100/source,520ad3cbe46c559367338a8336fbdd032500bad7cd5516213e7e5db2ef9f944f,PASS,PASS,PASS,PASS,188bb0db75b9ba0d4902629d8dc0145ab5f22ff8e5f35e263d656b6545e0f843,validated
p18_reuse000,sealed_test,p18,p17,0.00,0,16,0.00,,p17_f01_tok_init;p17_f02_skip_whitespace;p17_f03_parse_string;p17_f04_parse_number;p17_f05_parse_literal;p17_f06_next_token;p17_f07_peek_token;p17_f08_consume_expected;p17_f09_validate_brackets;p17_f10_minify_json;p17_f11_count_tokens_by_type;p17_f12_find_key_in_object;p17_f13_extract_string_value;p17_f14_is_valid_number;p17_f15_parse_integer;p17_f16_tok_reset,NONE,P17_NOINLINE;p17_tok_t;p17_token_type_t,NONE,0,16,data/v2/partial_reuse/sealed_test/p18_reuse000/source,d77fb5234425ee67a702ca5e45c272ecac9c5586055bff0d753f6234fb194452,PASS,PASS,PASS,PASS,20c5d2bcea40441619559d7db23eecc372a9586e9d2b183ba8c427aa974d0921,validated
p18_reuse025,sealed_test,p18,p17,0.25,4,16,0.25,p18_f01_vec_mean;p18_f02_vec_variance;p18_f13_vec_median;p18_f14_vec_quantile,p17_f01_tok_init;p17_f02_skip_whitespace;p17_f03_parse_string;p17_f04_parse_number;p17_f05_parse_literal;p17_f06_next_token;p17_f08_consume_expected;p17_f09_validate_brackets;p17_f10_minify_json;p17_f11_count_tokens_by_type;p17_f14_is_valid_number;p17_f15_parse_integer,P18_NOINLINE;P18_STATS_VECTOR_H;p18_vec_t,P17_NOINLINE;p17_tok_t;p17_token_type_t,sort_double,0,16,data/v2/partial_reuse/sealed_test/p18_reuse025/source,33f763422620df6db71319782efc67aa65f37efd7cfd2291b5e4c2f3281d8ee6,PASS,PASS,PASS,PASS,6d1c5f0d4f902baf9a5ffa391ca689b24c1b87ae289e7876a6a8af7d6cba156a,validated
p18_reuse050,sealed_test,p18,p17,0.50,8,16,0.50,p18_f01_vec_mean;p18_f02_vec_variance;p18_f04_vec_min_max;p18_f05_vec_dot_product;p18_f07_vec_l2_norm;p18_f12_vec_histogram;p18_f14_vec_quantile;p18_f16_vec_scale_add,p17_f01_tok_init;p17_f02_skip_whitespace;p17_f03_parse_string;p17_f04_parse_number;p17_f05_parse_literal;p17_f10_minify_json;p17_f13_extract_string_value;p17_f15_parse_integer,P18_NOINLINE;P18_STATS_VECTOR_H;p18_vec_t,P17_NOINLINE;p17_tok_t;p17_token_type_t,sort_double,0,16,data/v2/partial_reuse/sealed_test/p18_reuse050/source,d0e0610fa7da150a2f40f488f1490e6ff285fd5bb40bbba09b1140528c593877,PASS,PASS,PASS,PASS,e7ee96ad3e6efbdd81633fa3461b4cb55362fdac6af7f7a463d672f40497d70e,validated
p18_reuse075,sealed_test,p18,p17,0.75,12,16,0.75,p18_f01_vec_mean;p18_f02_vec_variance;p18_f03_vec_stddev;p18_f05_vec_dot_product;p18_f07_vec_l2_norm;p18_f09_vec_normalize;p18_f10_vec_pearson_corr;p18_f11_vec_z_score;p18_f12_vec_histogram;p18_f13_vec_median;p18_f15_vec_covariance;p18_f16_vec_scale_add,p17_f01_tok_init;p17_f05_parse_literal;p17_f13_extract_string_value;p17_f15_parse_integer,P18_NOINLINE;P18_STATS_VECTOR_H;p18_vec_t,P17_NOINLINE;p17_tok_t;p17_token_type_t,sort_double,0,16,data/v2/partial_reuse/sealed_test/p18_reuse075/source,822452bb39ec1233ee25ff11fc1b1526c0138a381caf1a386ac02d9a6c40fb53,PASS,PASS,PASS,PASS,4048419a4dcd74369ed2f362f6f126aaba8c7ca86ed41bbae26245e53c00fa9e,validated
p18_reuse100,sealed_test,p18,p17,1.00,16,16,1.00,p18_f01_vec_mean;p18_f02_vec_variance;p18_f03_vec_stddev;p18_f04_vec_min_max;p18_f05_vec_dot_product;p18_f06_vec_l1_norm;p18_f07_vec_l2_norm;p18_f08_vec_cosine_similarity;p18_f09_vec_normalize;p18_f10_vec_pearson_corr;p18_f11_vec_z_score;p18_f12_vec_histogram;p18_f13_vec_median;p18_f14_vec_quantile;p18_f15_vec_covariance;p18_f16_vec_scale_add,,P18_NOINLINE;P18_STATS_VECTOR_H;p18_vec_t,NONE,sort_double,0,16,data/v2/partial_reuse/sealed_test/p18_reuse100/source,dc6cec6a6ececed9eb837b6e1e8c0706094a7a951374065effe6b2a3e25b40b7,PASS,PASS,PASS,PASS,a852c20a4e22f716438f25ed9960e5fc41549db45fd11f22b3c5c52f00f8090d,validated
p19_reuse000,sealed_test,p19,p18,0.00,0,16,0.00,,p18_f01_vec_mean;p18_f02_vec_variance;p18_f03_vec_stddev;p18_f04_vec_min_max;p18_f05_vec_dot_product;p18_f06_vec_l1_norm;p18_f07_vec_l2_norm;p18_f08_vec_cosine_similarity;p18_f09_vec_normalize;p18_f10_vec_pearson_corr;p18_f11_vec_z_score;p18_f12_vec_histogram;p18_f13_vec_median;p18_f14_vec_quantile;p18_f15_vec_covariance;p18_f16_vec_scale_add,NONE,P18_NOINLINE;P18_STATS_VECTOR_H;p18_vec_t,sort_double,0,16,data/v2/partial_reuse/sealed_test/p19_reuse000/source,c9ae820c42175db12146307cc8145066275a142909c7b5d66aa3f3375b8b8cd6,PASS,PASS,PASS,PASS,c051c249deeca95375b9d5d635812ff5f2bebf86f31b048673d405c005b09eaa,validated
p19_reuse025,sealed_test,p19,p18,0.25,4,16,0.25,p19_f01_sp_init;p19_f03_dijkstra;p19_f11_eccentricity;p19_f16_sp_clear,p18_f01_vec_mean;p18_f02_vec_variance;p18_f03_vec_stddev;p18_f05_vec_dot_product;p18_f07_vec_l2_norm;p18_f08_vec_cosine_similarity;p18_f09_vec_normalize;p18_f10_vec_pearson_corr;p18_f13_vec_median;p18_f14_vec_quantile;p18_f15_vec_covariance;p18_f16_vec_scale_add,P19_INF;P19_MAX_VERTICES;P19_NOINLINE;p19_sp_graph_t,P18_NOINLINE;P18_STATS_VECTOR_H;p18_vec_t,sort_double,0,16,data/v2/partial_reuse/sealed_test/p19_reuse025/source,f22e7a1941c9c86dfdb03ebfdbced0693434dfd4a7ac263311365e030243a621,PASS,PASS,PASS,PASS,b0c9c55a907c012cd339d4c0da1e5397dc8e95fb280300393ad722fa3f16ba30,validated
p19_reuse050,sealed_test,p19,p18,0.50,8,16,0.50,p19_f01_sp_init;p19_f03_dijkstra;p19_f04_bellman_ford;p19_f05_floyd_warshall;p19_f06_reconstruct_path;p19_f08_bidirectional_dijkstra;p19_f11_eccentricity;p19_f15_is_bipartite,p18_f01_vec_mean;p18_f04_vec_min_max;p18_f05_vec_dot_product;p18_f07_vec_l2_norm;p18_f09_vec_normalize;p18_f10_vec_pearson_corr;p18_f14_vec_quantile;p18_f16_vec_scale_add,P19_INF;P19_MAX_VERTICES;P19_NOINLINE;p19_sp_graph_t,P18_NOINLINE;P18_STATS_VECTOR_H;p18_vec_t,sort_double,0,16,data/v2/partial_reuse/sealed_test/p19_reuse050/source,b14a04c9abef3e488fde0e53d138b7de9fbe98d94d4d4c671ce32ad81134aec4,PASS,PASS,PASS,PASS,aa38dab2f80614981f13bfa40cd8113839c2ac045ddd931f9cb626a8362e2b58,validated
p19_reuse075,sealed_test,p19,p18,0.75,12,16,0.75,p19_f01_sp_init;p19_f02_sp_add_edge;p19_f03_dijkstra;p19_f04_bellman_ford;p19_f05_floyd_warshall;p19_f07_has_negative_cycle;p19_f09_prim_mst;p19_f10_kruskal_mst;p19_f11_eccentricity;p19_f12_graph_diameter;p19_f14_count_connected_components;p19_f16_sp_clear,p18_f01_vec_mean;p18_f02_vec_variance;p18_f06_vec_l1_norm;p18_f16_vec_scale_add,P19_INF;P19_MAX_VERTICES;P19_NOINLINE;p19_sp_graph_t,P18_NOINLINE;P18_STATS_VECTOR_H;p18_vec_t,NONE,0,16,data/v2/partial_reuse/sealed_test/p19_reuse075/source,c8fa397199f76e0fdf7125ced0a589f32d943c08df99787f1e9fe88bdfedf854,PASS,PASS,PASS,PASS,90ad9e402fd4ef1c8365b9f0ba48e3687dc3b05b5749634ed3180b38fb22ddf8,validated
p19_reuse100,sealed_test,p19,p18,1.00,16,16,1.00,p19_f01_sp_init;p19_f02_sp_add_edge;p19_f03_dijkstra;p19_f04_bellman_ford;p19_f05_floyd_warshall;p19_f06_reconstruct_path;p19_f07_has_negative_cycle;p19_f08_bidirectional_dijkstra;p19_f09_prim_mst;p19_f10_kruskal_mst;p19_f11_eccentricity;p19_f12_graph_diameter;p19_f13_graph_radius;p19_f14_count_connected_components;p19_f15_is_bipartite;p19_f16_sp_clear,,P19_INF;P19_MAX_VERTICES;P19_NOINLINE;p19_sp_graph_t,NONE,NONE,0,16,data/v2/partial_reuse/sealed_test/p19_reuse100/source,ce7ebe8f0fe34497ddd612ec9c109a958be738d72d473831597bfa67441d36b2,PASS,PASS,PASS,PASS,0c960fa162c580d8ba8d4a3d24939caed10fa8080f9576177e7a6c8621a8e40d,validated
p20_reuse000,sealed_test,p20,p19,0.00,0,16,0.00,,p19_f01_sp_init;p19_f02_sp_add_edge;p19_f03_dijkstra;p19_f04_bellman_ford;p19_f05_floyd_warshall;p19_f06_reconstruct_path;p19_f07_has_negative_cycle;p19_f08_bidirectional_dijkstra;p19_f09_prim_mst;p19_f10_kruskal_mst;p19_f11_eccentricity;p19_f12_graph_diameter;p19_f13_graph_radius;p19_f14_count_connected_components;p19_f15_is_bipartite;p19_f16_sp_clear,NONE,P19_INF;P19_MAX_VERTICES;P19_NOINLINE;p19_sp_graph_t,NONE,0,16,data/v2/partial_reuse/sealed_test/p20_reuse000/source,47c96b175180bde9ae15bda3d231f43851b07d7bb35717963734757901538215,PASS,PASS,PASS,PASS,7570b09c83d1b14c2cd429a9ba026601142f57b333f95ad730c0ea8f1a90b810,validated
p20_reuse025,sealed_test,p20,p19,0.25,4,16,0.25,p20_f03_ring_is_full;p20_f06_ring_write_byte;p20_f09_ring_read_slice;p20_f11_ring_discard,p19_f01_sp_init;p19_f02_sp_add_edge;p19_f03_dijkstra;p19_f04_bellman_ford;p19_f05_floyd_warshall;p19_f06_reconstruct_path;p19_f07_has_negative_cycle;p19_f09_prim_mst;p19_f11_eccentricity;p19_f14_count_connected_components;p19_f15_is_bipartite;p19_f16_sp_clear,P20_NOINLINE;P20_RING_CAP;p20_ring_t,P19_INF;P19_MAX_VERTICES;P19_NOINLINE;p19_sp_graph_t,NONE,0,16,data/v2/partial_reuse/sealed_test/p20_reuse025/source,9e8eb8ce7bc96d13639f25c35bc550a75c7fff6dc51411d8224a7a3df4425ba3,PASS,PASS,PASS,PASS,41700995d77cd38061a9f237dc9771fa4b8cd745609bb7bf595940170798a3e5,validated
p20_reuse050,sealed_test,p20,p19,0.50,8,16,0.50,p20_f01_ring_init;p20_f04_ring_available;p20_f06_ring_write_byte;p20_f07_ring_read_byte;p20_f11_ring_discard;p20_f12_ring_find_marker;p20_f13_ring_linearize;p20_f16_ring_clear,p19_f03_dijkstra;p19_f04_bellman_ford;p19_f05_floyd_warshall;p19_f07_has_negative_cycle;p19_f09_prim_mst;p19_f11_eccentricity;p19_f12_graph_diameter;p19_f13_graph_radius,P20_NOINLINE;P20_RING_CAP;p20_ring_t,P19_INF;P19_MAX_VERTICES;P19_NOINLINE;p19_sp_graph_t,NONE,0,16,data/v2/partial_reuse/sealed_test/p20_reuse050/source,41e32e4bc54bd2fa79f7c2152bf5fb276b89181d94f26797a37645a925bf9af6,PASS,PASS,PASS,PASS,1a9c33059e9d908f01a84f3d1c4cbdd9bd1be33a8e4c01dfe3a103fbb52dd4fc,validated
p20_reuse075,sealed_test,p20,p19,0.75,12,16,0.75,p20_f01_ring_init;p20_f02_ring_is_empty;p20_f03_ring_is_full;p20_f04_ring_available;p20_f08_ring_write_slice;p20_f09_ring_read_slice;p20_f10_ring_peek_byte;p20_f11_ring_discard;p20_f12_ring_find_marker;p20_f13_ring_linearize;p20_f15_ring_checksum;p20_f16_ring_clear,p19_f03_dijkstra;p19_f04_bellman_ford;p19_f07_has_negative_cycle;p19_f15_is_bipartite,P20_NOINLINE;P20_RING_CAP;p20_ring_t,P19_INF;P19_MAX_VERTICES;P19_NOINLINE;p19_sp_graph_t,NONE,0,16,data/v2/partial_reuse/sealed_test/p20_reuse075/source,f3037dd6fa03d82bb62829f25e428146658a3d7905ba5f921ad1e6637984f84e,PASS,PASS,PASS,PASS,c72d9119c63afc91df59c2a013fa724ff19cc9295696616da7ead3473953fe27,validated
p20_reuse100,sealed_test,p20,p19,1.00,16,16,1.00,p20_f01_ring_init;p20_f02_ring_is_empty;p20_f03_ring_is_full;p20_f04_ring_available;p20_f05_ring_free_space;p20_f06_ring_write_byte;p20_f07_ring_read_byte;p20_f08_ring_write_slice;p20_f09_ring_read_slice;p20_f10_ring_peek_byte;p20_f11_ring_discard;p20_f12_ring_find_marker;p20_f13_ring_linearize;p20_f14_ring_high_watermark;p20_f15_ring_checksum;p20_f16_ring_clear,,P20_NOINLINE;P20_RING_CAP;p20_ring_t,NONE,NONE,0,16,data/v2/partial_reuse/sealed_test/p20_reuse100/source,8660623cb23eaad98a9a881120ae261167eae0f1467949e46760e9491bf70343,PASS,PASS,PASS,PASS,06266e70619b3278bac9eae551c9d766d112fe20a8b99f231b928a4c6f7ef919,validated
p21_reuse000,sealed_test,p21,p20,0.00,0,16,0.00,,p20_f01_ring_init;p20_f02_ring_is_empty;p20_f03_ring_is_full;p20_f04_ring_available;p20_f05_ring_free_space;p20_f06_ring_write_byte;p20_f07_ring_read_byte;p20_f08_ring_write_slice;p20_f09_ring_read_slice;p20_f10_ring_peek_byte;p20_f11_ring_discard;p20_f12_ring_find_marker;p20_f13_ring_linearize;p20_f14_ring_high_watermark;p20_f15_ring_checksum;p20_f16_ring_clear,NONE,P20_NOINLINE;P20_RING_CAP;p20_ring_t,NONE,0,16,data/v2/partial_reuse/sealed_test/p21_reuse000/source,4833ade05b59c33c6fb465fa1090ee6234849541de56ba96a5bfa1f689d77950,PASS,PASS,PASS,PASS,165894f5f3d8035c11fe750d5b68a81304974f21108b9020d9b2e6479cd3c226,validated
p21_reuse025,sealed_test,p21,p20,0.25,4,16,0.25,p21_f07_log_filter_level;p21_f08_log_search_substring;p21_f09_log_checksum;p21_f14_log_truncate_older,p20_f01_ring_init;p20_f02_ring_is_empty;p20_f03_ring_is_full;p20_f04_ring_available;p20_f05_ring_free_space;p20_f06_ring_write_byte;p20_f07_ring_read_byte;p20_f08_ring_write_slice;p20_f10_ring_peek_byte;p20_f11_ring_discard;p20_f14_ring_high_watermark;p20_f16_ring_clear,P21_MAX_ENTRIES;P21_NOINLINE;p21_entry_t;p21_log_t,P20_NOINLINE;P20_RING_CAP;p20_ring_t,NONE,0,16,data/v2/partial_reuse/sealed_test/p21_reuse025/source,43f6eb08c2c99e13aa42c7fca5f92c4de5d934e5aa70136e3139a88ea2f65325,PASS,PASS,PASS,PASS,d5cf80a1fd8a2e0d9542e4fcbb735a8ffa15df0a7a508e64ae84764365a5dffc,validated
p21_reuse050,sealed_test,p21,p20,0.50,8,16,0.50,p21_f01_log_init;p21_f03_log_get_by_seq;p21_f04_log_get_latest;p21_f05_log_get_oldest;p21_f07_log_filter_level;p21_f09_log_checksum;p21_f11_rle_compress;p21_f12_rle_decompress,p20_f04_ring_available;p20_f06_ring_write_byte;p20_f07_ring_read_byte;p20_f08_ring_write_slice;p20_f10_ring_peek_byte;p20_f13_ring_linearize;p20_f14_ring_high_watermark;p20_f15_ring_checksum,P21_MAX_ENTRIES;P21_NOINLINE;p21_entry_t;p21_log_t,P20_NOINLINE;P20_RING_CAP;p20_ring_t,NONE,0,16,data/v2/partial_reuse/sealed_test/p21_reuse050/source,8a47b8bcf91aaf3604a89605c42b154983e8739e0f749d8482313900278c4460,PASS,PASS,PASS,PASS,dbee01a7b2e784dfc083d6186f25f2fd79a9c0dc8a28ad278f96dd1afc0b2766,validated
p21_reuse075,sealed_test,p21,p20,0.75,12,16,0.75,p21_f01_log_init;p21_f02_log_append;p21_f04_log_get_latest;p21_f05_log_get_oldest;p21_f06_log_count;p21_f07_log_filter_level;p21_f08_log_search_substring;p21_f09_log_checksum;p21_f12_rle_decompress;p21_f13_log_filter_timestamp;p21_f14_log_truncate_older;p21_f16_log_clear,p20_f01_ring_init;p20_f08_ring_write_slice;p20_f11_ring_discard;p20_f14_ring_high_watermark,P21_MAX_ENTRIES;P21_NOINLINE;p21_entry_t;p21_log_t,P20_NOINLINE;P20_RING_CAP;p20_ring_t,NONE,0,16,data/v2/partial_reuse/sealed_test/p21_reuse075/source,95e4f7e0e2df6c3a4ea244161003236ed7f0cde1418c29df3de7bc2e7b4fea04,PASS,PASS,PASS,PASS,f458f2f78feba6493d017f02b2ba264912754a3b556abaa4ab723a86da815a32,validated
p21_reuse100,sealed_test,p21,p20,1.00,16,16,1.00,p21_f01_log_init;p21_f02_log_append;p21_f03_log_get_by_seq;p21_f04_log_get_latest;p21_f05_log_get_oldest;p21_f06_log_count;p21_f07_log_filter_level;p21_f08_log_search_substring;p21_f09_log_checksum;p21_f10_log_verify_checksum;p21_f11_rle_compress;p21_f12_rle_decompress;p21_f13_log_filter_timestamp;p21_f14_log_truncate_older;p21_f15_log_export_stats;p21_f16_log_clear,,P21_MAX_ENTRIES;P21_NOINLINE;p21_entry_t;p21_log_t,NONE,NONE,0,16,data/v2/partial_reuse/sealed_test/p21_reuse100/source,ba7e3b213a48e5d78a54cc974d7898999750c9e132745dd51928211cb5a35d4a,PASS,PASS,PASS,PASS,da49f4fa94813db159ffca984e2ad4bb4c68ff667f9458a64877a6544db06e6e,validated
