program_id,split,planned_candidate_count,canonical_eligible_count,ineligible_count,M_mod_4,exact_quartiles_possible,canonical_function_ids,reference_binary_sha256
p01,train,16,16,0,0,YES,p01_f01_crc8_smbus;p01_f02_crc8_cdma;p01_f03_crc16_ccitt;p01_f04_crc16_modbus;p01_f05_crc32_ieee;p01_f06_crc32_table_driven;p01_f07_fletcher16;p01_f08_fletcher32;p01_f09_bsd_checksum;p01_f10_sysv_checksum;p01_f11_luhn_validate;p01_f12_xor8_block;p01_f13_internet_checksum;p01_f14_adler16_simple;p01_f15_pearson_hash8;p01_f16_checksum_combine,e01f39049f07fd77b6f9573613419b24d869a0b020b1cbb86cc2e60c17a5cbe0
p02,train,16,16,0,0,YES,p02_f01_heap_init;p02_f02_heap_sift_up;p02_f03_heap_sift_down;p02_f04_heap_push;p02_f05_heap_pop_min;p02_f06_heap_peek;p02_f07_heapify_array;p02_f08_heapsort_asc;p02_f09_heap_replace;p02_f10_heap_delete_at;p02_f11_heap_increase_key;p02_f12_heap_decrease_key;p02_f13_heap_merge;p02_f14_heap_is_valid;p02_f15_heap_kth_smallest;p02_f16_heap_clear,8cda051786fdf96e61f93edffd609a35580756f1f4ea800fd5d62e5107daaf47
p03,train,16,16,0,0,YES,p03_f01_str_trim;p03_f02_str_split_delim;p03_f03_str_join;p03_f04_str_starts_with;p03_f05_str_ends_with;p03_f06_str_replace_char;p03_f07_str_count_substr;p03_f08_str_to_lower_ascii;p03_f09_str_to_upper_ascii;p03_f10_str_reverse;p03_f11_str_levenshtein;p03_f12_str_escape_c;p03_f13_str_unescape_c;p03_f14_str_parse_int;p03_f15_str_format_hex;p03_f16_str_parse_hex,4b1f732269ee585c994feaba564a81c11d1551e0539f03d674d7179fa5d31548
p04,train,16,16,0,0,YES,p04_f01_mat_init_zero;p04_f02_mat_init_identity;p04_f03_mat_add;p04_f04_mat_sub;p04_f05_mat_scale;p04_f06_mat_transpose;p04_f07_mat_mul;p04_f08_mat_vec_mul;p04_f09_mat_trace;p04_f10_mat_det_2x2;p04_f11_mat_det_3x3;p04_f12_mat_frobenius_norm;p04_f13_mat_is_symmetric;p04_f14_mat_lu_decompose_3x3;p04_f15_mat_solve_upper_tri;p04_f16_mat_hadamard_product,4447c043347a078457cfa79abac202b534de4ae474ecb8f0b65410c91ee4925a
p05,train,16,16,0,0,YES,p05_f01_adj_init;p05_f02_adj_add_edge;p05_f03_adj_has_edge;p05_f04_adj_in_degree;p05_f05_adj_out_degree;p05_f06_graph_bfs;p05_f07_graph_dfs_iterative;p05_f08_graph_has_cycle_directed;p05_f09_graph_connected_components;p05_f10_graph_bipartite_check;p05_f11_graph_transitive_closure;p05_f12_graph_density;p05_f13_graph_isolate_count;p05_f14_graph_eulerian_path_check;p05_f15_graph_subgraph_induced;p05_f16_graph_vertex_eccentricity,1c80f7cc5c543a165887727e9f9217e15bf0dbcf797f0fa57cd53a4eb0d0161a
p06,train,16,16,0,0,YES,p06_f01_tlv_encode_uint8;p06_f02_tlv_encode_uint16;p06_f03_tlv_encode_uint32;p06_f04_tlv_encode_bytes;p06_f05_tlv_decode_header;p06_f06_tlv_decode_uint8;p06_f07_tlv_decode_uint16;p06_f08_tlv_decode_uint32;p06_f09_tlv_find_tag;p06_f10_tlv_count_tags;p06_f11_tlv_validate_buffer;p06_f12_packet_header_build;p06_f13_packet_header_parse;p06_f14_packet_payload_pad;p06_f15_packet_payload_unpad;p06_f16_packet_serialize,ae55b1600c7c7dc025d4678f679c3df34b24c2223bbaea17bf75fd847ace2b5c
p07,train,16,16,0,0,YES,p07_f01_slab_init;p07_f02_slab_alloc_block;p07_f03_slab_free_block;p07_f04_slab_available_count;p07_f05_slab_is_pointer_valid;p07_f06_slab_mark_busy;p07_f07_slab_mark_free;p07_f08_slab_find_first_free_bit;p07_f09_slab_defragment_check;p07_f10_slab_reset;p07_f11_slab_block_index;p07_f12_slab_index_to_pointer;p07_f13_slab_stats_utilization;p07_f14_slab_audit_integrity;p07_f15_slab_scrub_pattern;p07_f16_slab_compact_scan,27a4c6ea78dc13640fc0a667ba5a10b004d02cc5eb13cb2c0987ca9702247be4
p08,dev,16,16,0,0,YES,p08_f01_adler32;p08_f02_siphash_round;p08_f03_siphash24;p08_f04_half_siphash;p08_f05_djb2_hash;p08_f06_sdbm_hash;p08_f07_rabin_karp_rolling;p08_f08_jenkins_lookup2;p08_f09_knuth_multiplicative;p08_f10_rot13_cipher;p08_f11_rotate_mix32;p08_f12_crc16_usb;p08_f13_poly1305_clamp;p08_f14_chash_simple;p08_f15_hash_mix32;p08_f16_checksum_fold64_to_32,362c01cf999d7ebde756992f95f249e34a81d362acbb4269b65a9dc1a1c3de4e
p09,dev,16,16,0,0,YES,p09_f01_avl_init;p09_f02_avl_height;p09_f03_avl_balance_factor;p09_f04_avl_rotate_right;p09_f05_avl_rotate_left;p09_f06_avl_insert_internal;p09_f07_avl_insert;p09_f08_avl_min_node;p09_f09_avl_delete_internal;p09_f10_avl_delete;p09_f11_avl_search;p09_f12_avl_inorder;p09_f13_avl_preorder;p09_f14_avl_count;p09_f15_avl_is_balanced;p09_f16_avl_clear,3b264685b71a93bbf9a2ad21805b0c05ff008672279dc7cb3ab753a19307e7a3
p10,dev,16,16,0,0,YES,p10_f01_nfa_init;p10_f02_nfa_add_state;p10_f03_nfa_set_transition;p10_f04_nfa_set_match;p10_f05_nfa_create_literal;p10_f06_nfa_concat;p10_f07_nfa_alternate;p10_f08_nfa_star;p10_f09_nfa_plus;p10_f10_nfa_optional;p10_f11_nfa_epsilon_closure;p10_f12_nfa_step;p10_f13_nfa_simulate;p10_f14_nfa_match_prefix;p10_f15_nfa_active_count;p10_f16_nfa_reset,d3ca36a2e8af3fcafc85ff820146308921e7f0013bf66ed127fb6ee26f69a480
p11,dev,16,16,0,0,YES,p11_f01_fp_from_int;p11_f02_fp_to_int;p11_f03_fp_add;p11_f04_fp_sub;p11_f05_fp_mul;p11_f06_fp_div;p11_f07_fp_abs;p11_f08_fp_sqrt;p11_f09_fp_exp_taylor;p11_f10_fp_ln_approx;p11_f11_fp_sin_cordic;p11_f12_fp_cos_cordic;p11_f13_fp_atan2_cordic;p11_f14_fp_lerp;p11_f15_fp_clamp;p11_f16_fp_poly_eval,f206567fab3fac96cd77f5b2e5370cb63303c34a7e9bcfcfe265d99182dc0d63
p12,dev,16,16,0,0,YES,p12_f01_dag_init;p12_f02_dag_add_edge;p12_f03_dag_compute_indegrees;p12_f04_dag_compute_outdegrees;p12_f05_dag_kahn_toposort;p12_f06_dag_has_cycle;p12_f07_dag_longest_path;p12_f08_dag_shortest_path;p12_f09_dag_count_ancestors;p12_f10_dag_count_descendants;p12_f11_dag_assign_levels;p12_f12_dag_transitive_reduction;p12_f13_dag_find_sources;p12_f14_dag_find_sinks;p12_f15_dag_is_reachable;p12_f16_dag_clear,ff8d62f014c4f883a4a92583d804419d28cd71f59c5ecd60063c31281f36b041
p13,dev,16,16,0,0,YES,p13_f01_slip_encode;p13_f02_slip_decode;p13_f03_cobs_encode;p13_f04_cobs_decode;p13_f05_fcs16_compute;p13_f06_fcs16_verify;p13_f07_pack_header;p13_f08_unpack_header;p13_f09_bit_stuff_encode;p13_f10_bit_stuff_decode;p13_f11_frame_checksum_valid;p13_f12_byte_swap16;p13_f13_byte_swap32;p13_f14_parse_tlv_field;p13_f15_frame_buf_append;p13_f16_frame_buf_reset,5575f2aa29c06959fdad5878c1f61eccd074a0d5f6ae3d11121564ec98492fe4
p14,dev,16,16,0,0,YES,p14_f01_bm_init;p14_f02_bm_set_bit;p14_f03_bm_clear_bit;p14_f04_bm_test_bit;p14_f05_bm_toggle_bit;p14_f06_bm_popcount;p14_f07_bm_find_first_set;p14_f08_bm_find_first_zero;p14_f09_bm_find_next_set;p14_f10_bm_bitwise_and;p14_f11_bm_bitwise_or;p14_f12_bm_bitwise_xor;p14_f13_bm_bitwise_not;p14_f14_bm_fill_range;p14_f15_bm_clear_range;p14_f16_bm_jaccard_similarity,4380a98feb9f42d207248bd6e47034a5c1fdd82662e70d6584e3a282ea667e97
p15,sealed_test,16,16,0,0,YES,p15_f01_fnv1_32;p15_f02_fnv1a_32;p15_f03_fnv1_64;p15_f04_fnv1a_64;p15_f05_murmur3_32_scramble;p15_f06_murmur3_32_fmix;p15_f07_murmur3_32;p15_f08_jenkins_one_at_a_time;p15_f09_super_fast_hash;p15_f10_elf_hash;p15_f11_dek_hash;p15_f12_bp_hash;p15_f13_ap_hash;p15_f14_crc24_ble;p15_f15_hash_combine64;p15_f16_checksum_parity_byte,c9387f3519b7c7010e0beb926766e34968ece1b4ae8357d36899aa170e8ce879
p16,sealed_test,16,16,0,0,YES,p16_f01_btree_init;p16_f02_btree_alloc_node;p16_f03_btree_node_is_full;p16_f04_btree_find_key_idx;p16_f05_btree_split_child;p16_f06_btree_insert_nonfull;p16_f07_btree_insert;p16_f08_btree_search;p16_f09_btree_traverse;p16_f10_btree_count_keys;p16_f11_btree_depth;p16_f12_btree_min_key;p16_f13_btree_max_key;p16_f14_btree_contains;p16_f15_btree_is_valid_node;p16_f16_btree_clear,9f0c17e003f03c92e98a1f3f637604817b524e9ca0fa2d14cf93dc1099e8475d
p17,sealed_test,16,16,0,0,YES,p17_f01_tok_init;p17_f02_skip_whitespace;p17_f03_parse_string;p17_f04_parse_number;p17_f05_parse_literal;p17_f06_next_token;p17_f07_peek_token;p17_f08_consume_expected;p17_f09_validate_brackets;p17_f10_minify_json;p17_f11_count_tokens_by_type;p17_f12_find_key_in_object;p17_f13_extract_string_value;p17_f14_is_valid_number;p17_f15_parse_integer;p17_f16_tok_reset,52b31150180c06eba57b21763e5517e01d0f274da0103d7f8403d6c174c4588f
p18,sealed_test,16,16,0,0,YES,p18_f01_vec_mean;p18_f02_vec_variance;p18_f03_vec_stddev;p18_f04_vec_min_max;p18_f05_vec_dot_product;p18_f06_vec_l1_norm;p18_f07_vec_l2_norm;p18_f08_vec_cosine_similarity;p18_f09_vec_normalize;p18_f10_vec_pearson_corr;p18_f11_vec_z_score;p18_f12_vec_histogram;p18_f13_vec_median;p18_f14_vec_quantile;p18_f15_vec_covariance;p18_f16_vec_scale_add,6806573b8420ea3f0318cd5b1eb039d195086b4562faa1d55639de0a75b9e55e
p19,sealed_test,16,16,0,0,YES,p19_f01_sp_init;p19_f02_sp_add_edge;p19_f03_dijkstra;p19_f04_bellman_ford;p19_f05_floyd_warshall;p19_f06_reconstruct_path;p19_f07_has_negative_cycle;p19_f08_bidirectional_dijkstra;p19_f09_prim_mst;p19_f10_kruskal_mst;p19_f11_eccentricity;p19_f12_graph_diameter;p19_f13_graph_radius;p19_f14_count_connected_components;p19_f15_is_bipartite;p19_f16_sp_clear,507ed15c36b340c97cefd40a323287bfedf234ea3c8d8e280861c7ad56d7d592
p20,sealed_test,16,16,0,0,YES,p20_f01_ring_init;p20_f02_ring_is_empty;p20_f03_ring_is_full;p20_f04_ring_available;p20_f05_ring_free_space;p20_f06_ring_write_byte;p20_f07_ring_read_byte;p20_f08_ring_write_slice;p20_f09_ring_read_slice;p20_f10_ring_peek_byte;p20_f11_ring_discard;p20_f12_ring_find_marker;p20_f13_ring_linearize;p20_f14_ring_high_watermark;p20_f15_ring_checksum;p20_f16_ring_clear,80cc6c8327ea6a8ae85009c2d6ca85e41989c01863c516c97b0176113645bac0
p21,sealed_test,16,16,0,0,YES,p21_f01_log_init;p21_f02_log_append;p21_f03_log_get_by_seq;p21_f04_log_get_latest;p21_f05_log_get_oldest;p21_f06_log_count;p21_f07_log_filter_level;p21_f08_log_search_substring;p21_f09_log_checksum;p21_f10_log_verify_checksum;p21_f11_rle_compress;p21_f12_rle_decompress;p21_f13_log_filter_timestamp;p21_f14_log_truncate_older;p21_f15_log_export_stats;p21_f16_log_clear,d47bc79db762534954f8b1e726a8545543efea637f66bbad4b8f5fdcbcd768ab
