split,query_program_id,donor_program_id,donor_offset,base_dataset_seed,derivation_material,derivation_digest,governance_status
train,p01,p05,4,20261008,train|donor_offset|20261008,0a6e842d43d1802655d3c06d4e917855476d5aba2f9009826c3581c6fd14865c,frozen_pre_synthesis
train,p02,p06,4,20261008,train|donor_offset|20261008,0a6e842d43d1802655d3c06d4e917855476d5aba2f9009826c3581c6fd14865c,frozen_pre_synthesis
train,p03,p07,4,20261008,train|donor_offset|20261008,0a6e842d43d1802655d3c06d4e917855476d5aba2f9009826c3581c6fd14865c,frozen_pre_synthesis
train,p04,p01,4,20261008,train|donor_offset|20261008,0a6e842d43d1802655d3c06d4e917855476d5aba2f9009826c3581c6fd14865c,frozen_pre_synthesis
train,p05,p02,4,20261008,train|donor_offset|20261008,0a6e842d43d1802655d3c06d4e917855476d5aba2f9009826c3581c6fd14865c,frozen_pre_synthesis
train,p06,p03,4,20261008,train|donor_offset|20261008,0a6e842d43d1802655d3c06d4e917855476d5aba2f9009826c3581c6fd14865c,frozen_pre_synthesis
train,p07,p04,4,20261008,train|donor_offset|20261008,0a6e842d43d1802655d3c06d4e917855476d5aba2f9009826c3581c6fd14865c,frozen_pre_synthesis
dev,p08,p10,2,20261008,dev|donor_offset|20261008,d6c262174f1caee7b5475e13ad3b84d97fc14b5d187db8e7c10f5a49069a7022,frozen_pre_synthesis
dev,p09,p11,2,20261008,dev|donor_offset|20261008,d6c262174f1caee7b5475e13ad3b84d97fc14b5d187db8e7c10f5a49069a7022,frozen_pre_synthesis
dev,p10,p12,2,20261008,dev|donor_offset|20261008,d6c262174f1caee7b5475e13ad3b84d97fc14b5d187db8e7c10f5a49069a7022,frozen_pre_synthesis
dev,p11,p13,2,20261008,dev|donor_offset|20261008,d6c262174f1caee7b5475e13ad3b84d97fc14b5d187db8e7c10f5a49069a7022,frozen_pre_synthesis
dev,p12,p14,2,20261008,dev|donor_offset|20261008,d6c262174f1caee7b5475e13ad3b84d97fc14b5d187db8e7c10f5a49069a7022,frozen_pre_synthesis
dev,p13,p08,2,20261008,dev|donor_offset|20261008,d6c262174f1caee7b5475e13ad3b84d97fc14b5d187db8e7c10f5a49069a7022,frozen_pre_synthesis
dev,p14,p09,2,20261008,dev|donor_offset|20261008,d6c262174f1caee7b5475e13ad3b84d97fc14b5d187db8e7c10f5a49069a7022,frozen_pre_synthesis
sealed_test,p15,p21,6,20261008,sealed_test|donor_offset|20261008,f4d35415f571e5fff8924ce4857ea4a528d38d38bf3fe2c1927c2fc174ab430b,frozen_pre_synthesis
sealed_test,p16,p15,6,20261008,sealed_test|donor_offset|20261008,f4d35415f571e5fff8924ce4857ea4a528d38d38bf3fe2c1927c2fc174ab430b,frozen_pre_synthesis
sealed_test,p17,p16,6,20261008,sealed_test|donor_offset|20261008,f4d35415f571e5fff8924ce4857ea4a528d38d38bf3fe2c1927c2fc174ab430b,frozen_pre_synthesis
sealed_test,p18,p17,6,20261008,sealed_test|donor_offset|20261008,f4d35415f571e5fff8924ce4857ea4a528d38d38bf3fe2c1927c2fc174ab430b,frozen_pre_synthesis
sealed_test,p19,p18,6,20261008,sealed_test|donor_offset|20261008,f4d35415f571e5fff8924ce4857ea4a528d38d38bf3fe2c1927c2fc174ab430b,frozen_pre_synthesis
sealed_test,p20,p19,6,20261008,sealed_test|donor_offset|20261008,f4d35415f571e5fff8924ce4857ea4a528d38d38bf3fe2c1927c2fc174ab430b,frozen_pre_synthesis
sealed_test,p21,p20,6,20261008,sealed_test|donor_offset|20261008,f4d35415f571e5fff8924ce4857ea4a528d38d38bf3fe2c1927c2fc174ab430b,frozen_pre_synthesis
