program_id,program_name,function_index,function_name,category,split,source_file,header_file,boundary_preserving,provenance
p01,p01_crc_fletcher,1,p01_f01_crc8_smbus,candidate_benchmark_function,train,data/v2/train/p01_crc_fletcher/p01_crc_fletcher.c,data/v2/train/p01_crc_fletcher/p01_crc_fletcher.h,true,newly_authored_dataset_v2
p01,p01_crc_fletcher,2,p01_f02_crc8_cdma,candidate_benchmark_function,train,data/v2/train/p01_crc_fletcher/p01_crc_fletcher.c,data/v2/train/p01_crc_fletcher/p01_crc_fletcher.h,true,newly_authored_dataset_v2
p01,p01_crc_fletcher,3,p01_f03_crc16_ccitt,candidate_benchmark_function,train,data/v2/train/p01_crc_fletcher/p01_crc_fletcher.c,data/v2/train/p01_crc_fletcher/p01_crc_fletcher.h,true,newly_authored_dataset_v2
p01,p01_crc_fletcher,4,p01_f04_crc16_modbus,candidate_benchmark_function,train,data/v2/train/p01_crc_fletcher/p01_crc_fletcher.c,data/v2/train/p01_crc_fletcher/p01_crc_fletcher.h,true,newly_authored_dataset_v2
p01,p01_crc_fletcher,5,p01_f05_crc32_ieee,candidate_benchmark_function,train,data/v2/train/p01_crc_fletcher/p01_crc_fletcher.c,data/v2/train/p01_crc_fletcher/p01_crc_fletcher.h,true,newly_authored_dataset_v2
p01,p01_crc_fletcher,6,p01_f06_crc32_table_driven,candidate_benchmark_function,train,data/v2/train/p01_crc_fletcher/p01_crc_fletcher.c,data/v2/train/p01_crc_fletcher/p01_crc_fletcher.h,true,newly_authored_dataset_v2
p01,p01_crc_fletcher,7,p01_f07_fletcher16,candidate_benchmark_function,train,data/v2/train/p01_crc_fletcher/p01_crc_fletcher.c,data/v2/train/p01_crc_fletcher/p01_crc_fletcher.h,true,newly_authored_dataset_v2
p01,p01_crc_fletcher,8,p01_f08_fletcher32,candidate_benchmark_function,train,data/v2/train/p01_crc_fletcher/p01_crc_fletcher.c,data/v2/train/p01_crc_fletcher/p01_crc_fletcher.h,true,newly_authored_dataset_v2
p01,p01_crc_fletcher,9,p01_f09_bsd_checksum,candidate_benchmark_function,train,data/v2/train/p01_crc_fletcher/p01_crc_fletcher.c,data/v2/train/p01_crc_fletcher/p01_crc_fletcher.h,true,newly_authored_dataset_v2
p01,p01_crc_fletcher,10,p01_f10_sysv_checksum,candidate_benchmark_function,train,data/v2/train/p01_crc_fletcher/p01_crc_fletcher.c,data/v2/train/p01_crc_fletcher/p01_crc_fletcher.h,true,newly_authored_dataset_v2
p01,p01_crc_fletcher,11,p01_f11_luhn_validate,candidate_benchmark_function,train,data/v2/train/p01_crc_fletcher/p01_crc_fletcher.c,data/v2/train/p01_crc_fletcher/p01_crc_fletcher.h,true,newly_authored_dataset_v2
p01,p01_crc_fletcher,12,p01_f12_xor8_block,candidate_benchmark_function,train,data/v2/train/p01_crc_fletcher/p01_crc_fletcher.c,data/v2/train/p01_crc_fletcher/p01_crc_fletcher.h,true,newly_authored_dataset_v2
p01,p01_crc_fletcher,13,p01_f13_internet_checksum,candidate_benchmark_function,train,data/v2/train/p01_crc_fletcher/p01_crc_fletcher.c,data/v2/train/p01_crc_fletcher/p01_crc_fletcher.h,true,newly_authored_dataset_v2
p01,p01_crc_fletcher,14,p01_f14_adler16_simple,candidate_benchmark_function,train,data/v2/train/p01_crc_fletcher/p01_crc_fletcher.c,data/v2/train/p01_crc_fletcher/p01_crc_fletcher.h,true,newly_authored_dataset_v2
p01,p01_crc_fletcher,15,p01_f15_pearson_hash8,candidate_benchmark_function,train,data/v2/train/p01_crc_fletcher/p01_crc_fletcher.c,data/v2/train/p01_crc_fletcher/p01_crc_fletcher.h,true,newly_authored_dataset_v2
p01,p01_crc_fletcher,16,p01_f16_checksum_combine,candidate_benchmark_function,train,data/v2/train/p01_crc_fletcher/p01_crc_fletcher.c,data/v2/train/p01_crc_fletcher/p01_crc_fletcher.h,true,newly_authored_dataset_v2
p02,p02_binary_heap,1,p02_f01_heap_init,candidate_benchmark_function,train,data/v2/train/p02_binary_heap/p02_binary_heap.c,data/v2/train/p02_binary_heap/p02_binary_heap.h,true,newly_authored_dataset_v2
p02,p02_binary_heap,2,p02_f02_heap_sift_up,candidate_benchmark_function,train,data/v2/train/p02_binary_heap/p02_binary_heap.c,data/v2/train/p02_binary_heap/p02_binary_heap.h,true,newly_authored_dataset_v2
p02,p02_binary_heap,3,p02_f03_heap_sift_down,candidate_benchmark_function,train,data/v2/train/p02_binary_heap/p02_binary_heap.c,data/v2/train/p02_binary_heap/p02_binary_heap.h,true,newly_authored_dataset_v2
p02,p02_binary_heap,4,p02_f04_heap_push,candidate_benchmark_function,train,data/v2/train/p02_binary_heap/p02_binary_heap.c,data/v2/train/p02_binary_heap/p02_binary_heap.h,true,newly_authored_dataset_v2
p02,p02_binary_heap,5,p02_f05_heap_pop_min,candidate_benchmark_function,train,data/v2/train/p02_binary_heap/p02_binary_heap.c,data/v2/train/p02_binary_heap/p02_binary_heap.h,true,newly_authored_dataset_v2
p02,p02_binary_heap,6,p02_f06_heap_peek,candidate_benchmark_function,train,data/v2/train/p02_binary_heap/p02_binary_heap.c,data/v2/train/p02_binary_heap/p02_binary_heap.h,true,newly_authored_dataset_v2
p02,p02_binary_heap,7,p02_f07_heapify_array,candidate_benchmark_function,train,data/v2/train/p02_binary_heap/p02_binary_heap.c,data/v2/train/p02_binary_heap/p02_binary_heap.h,true,newly_authored_dataset_v2
p02,p02_binary_heap,8,p02_f08_heapsort_asc,candidate_benchmark_function,train,data/v2/train/p02_binary_heap/p02_binary_heap.c,data/v2/train/p02_binary_heap/p02_binary_heap.h,true,newly_authored_dataset_v2
p02,p02_binary_heap,9,p02_f09_heap_replace,candidate_benchmark_function,train,data/v2/train/p02_binary_heap/p02_binary_heap.c,data/v2/train/p02_binary_heap/p02_binary_heap.h,true,newly_authored_dataset_v2
p02,p02_binary_heap,10,p02_f10_heap_delete_at,candidate_benchmark_function,train,data/v2/train/p02_binary_heap/p02_binary_heap.c,data/v2/train/p02_binary_heap/p02_binary_heap.h,true,newly_authored_dataset_v2
p02,p02_binary_heap,11,p02_f11_heap_increase_key,candidate_benchmark_function,train,data/v2/train/p02_binary_heap/p02_binary_heap.c,data/v2/train/p02_binary_heap/p02_binary_heap.h,true,newly_authored_dataset_v2
p02,p02_binary_heap,12,p02_f12_heap_decrease_key,candidate_benchmark_function,train,data/v2/train/p02_binary_heap/p02_binary_heap.c,data/v2/train/p02_binary_heap/p02_binary_heap.h,true,newly_authored_dataset_v2
p02,p02_binary_heap,13,p02_f13_heap_merge,candidate_benchmark_function,train,data/v2/train/p02_binary_heap/p02_binary_heap.c,data/v2/train/p02_binary_heap/p02_binary_heap.h,true,newly_authored_dataset_v2
p02,p02_binary_heap,14,p02_f14_heap_is_valid,candidate_benchmark_function,train,data/v2/train/p02_binary_heap/p02_binary_heap.c,data/v2/train/p02_binary_heap/p02_binary_heap.h,true,newly_authored_dataset_v2
p02,p02_binary_heap,15,p02_f15_heap_kth_smallest,candidate_benchmark_function,train,data/v2/train/p02_binary_heap/p02_binary_heap.c,data/v2/train/p02_binary_heap/p02_binary_heap.h,true,newly_authored_dataset_v2
p02,p02_binary_heap,16,p02_f16_heap_clear,candidate_benchmark_function,train,data/v2/train/p02_binary_heap/p02_binary_heap.c,data/v2/train/p02_binary_heap/p02_binary_heap.h,true,newly_authored_dataset_v2
p03,p03_string_token,1,p03_f01_str_trim,candidate_benchmark_function,train,data/v2/train/p03_string_token/p03_string_token.c,data/v2/train/p03_string_token/p03_string_token.h,true,newly_authored_dataset_v2
p03,p03_string_token,2,p03_f02_str_split_delim,candidate_benchmark_function,train,data/v2/train/p03_string_token/p03_string_token.c,data/v2/train/p03_string_token/p03_string_token.h,true,newly_authored_dataset_v2
p03,p03_string_token,3,p03_f03_str_join,candidate_benchmark_function,train,data/v2/train/p03_string_token/p03_string_token.c,data/v2/train/p03_string_token/p03_string_token.h,true,newly_authored_dataset_v2
p03,p03_string_token,4,p03_f04_str_starts_with,candidate_benchmark_function,train,data/v2/train/p03_string_token/p03_string_token.c,data/v2/train/p03_string_token/p03_string_token.h,true,newly_authored_dataset_v2
p03,p03_string_token,5,p03_f05_str_ends_with,candidate_benchmark_function,train,data/v2/train/p03_string_token/p03_string_token.c,data/v2/train/p03_string_token/p03_string_token.h,true,newly_authored_dataset_v2
p03,p03_string_token,6,p03_f06_str_replace_char,candidate_benchmark_function,train,data/v2/train/p03_string_token/p03_string_token.c,data/v2/train/p03_string_token/p03_string_token.h,true,newly_authored_dataset_v2
p03,p03_string_token,7,p03_f07_str_count_substr,candidate_benchmark_function,train,data/v2/train/p03_string_token/p03_string_token.c,data/v2/train/p03_string_token/p03_string_token.h,true,newly_authored_dataset_v2
p03,p03_string_token,8,p03_f08_str_to_lower_ascii,candidate_benchmark_function,train,data/v2/train/p03_string_token/p03_string_token.c,data/v2/train/p03_string_token/p03_string_token.h,true,newly_authored_dataset_v2
p03,p03_string_token,9,p03_f09_str_to_upper_ascii,candidate_benchmark_function,train,data/v2/train/p03_string_token/p03_string_token.c,data/v2/train/p03_string_token/p03_string_token.h,true,newly_authored_dataset_v2
p03,p03_string_token,10,p03_f10_str_reverse,candidate_benchmark_function,train,data/v2/train/p03_string_token/p03_string_token.c,data/v2/train/p03_string_token/p03_string_token.h,true,newly_authored_dataset_v2
p03,p03_string_token,11,p03_f11_str_levenshtein,candidate_benchmark_function,train,data/v2/train/p03_string_token/p03_string_token.c,data/v2/train/p03_string_token/p03_string_token.h,true,newly_authored_dataset_v2
p03,p03_string_token,12,p03_f12_str_escape_c,candidate_benchmark_function,train,data/v2/train/p03_string_token/p03_string_token.c,data/v2/train/p03_string_token/p03_string_token.h,true,newly_authored_dataset_v2
p03,p03_string_token,13,p03_f13_str_unescape_c,candidate_benchmark_function,train,data/v2/train/p03_string_token/p03_string_token.c,data/v2/train/p03_string_token/p03_string_token.h,true,newly_authored_dataset_v2
p03,p03_string_token,14,p03_f14_str_parse_int,candidate_benchmark_function,train,data/v2/train/p03_string_token/p03_string_token.c,data/v2/train/p03_string_token/p03_string_token.h,true,newly_authored_dataset_v2
p03,p03_string_token,15,p03_f15_str_format_hex,candidate_benchmark_function,train,data/v2/train/p03_string_token/p03_string_token.c,data/v2/train/p03_string_token/p03_string_token.h,true,newly_authored_dataset_v2
p03,p03_string_token,16,p03_f16_str_parse_hex,candidate_benchmark_function,train,data/v2/train/p03_string_token/p03_string_token.c,data/v2/train/p03_string_token/p03_string_token.h,true,newly_authored_dataset_v2
p04,p04_matrix_linear,1,p04_f01_mat_init_zero,candidate_benchmark_function,train,data/v2/train/p04_matrix_linear/p04_matrix_linear.c,data/v2/train/p04_matrix_linear/p04_matrix_linear.h,true,newly_authored_dataset_v2
p04,p04_matrix_linear,2,p04_f02_mat_init_identity,candidate_benchmark_function,train,data/v2/train/p04_matrix_linear/p04_matrix_linear.c,data/v2/train/p04_matrix_linear/p04_matrix_linear.h,true,newly_authored_dataset_v2
p04,p04_matrix_linear,3,p04_f03_mat_add,candidate_benchmark_function,train,data/v2/train/p04_matrix_linear/p04_matrix_linear.c,data/v2/train/p04_matrix_linear/p04_matrix_linear.h,true,newly_authored_dataset_v2
p04,p04_matrix_linear,4,p04_f04_mat_sub,candidate_benchmark_function,train,data/v2/train/p04_matrix_linear/p04_matrix_linear.c,data/v2/train/p04_matrix_linear/p04_matrix_linear.h,true,newly_authored_dataset_v2
p04,p04_matrix_linear,5,p04_f05_mat_scale,candidate_benchmark_function,train,data/v2/train/p04_matrix_linear/p04_matrix_linear.c,data/v2/train/p04_matrix_linear/p04_matrix_linear.h,true,newly_authored_dataset_v2
p04,p04_matrix_linear,6,p04_f06_mat_transpose,candidate_benchmark_function,train,data/v2/train/p04_matrix_linear/p04_matrix_linear.c,data/v2/train/p04_matrix_linear/p04_matrix_linear.h,true,newly_authored_dataset_v2
p04,p04_matrix_linear,7,p04_f07_mat_mul,candidate_benchmark_function,train,data/v2/train/p04_matrix_linear/p04_matrix_linear.c,data/v2/train/p04_matrix_linear/p04_matrix_linear.h,true,newly_authored_dataset_v2
p04,p04_matrix_linear,8,p04_f08_mat_vec_mul,candidate_benchmark_function,train,data/v2/train/p04_matrix_linear/p04_matrix_linear.c,data/v2/train/p04_matrix_linear/p04_matrix_linear.h,true,newly_authored_dataset_v2
p04,p04_matrix_linear,9,p04_f09_mat_trace,candidate_benchmark_function,train,data/v2/train/p04_matrix_linear/p04_matrix_linear.c,data/v2/train/p04_matrix_linear/p04_matrix_linear.h,true,newly_authored_dataset_v2
p04,p04_matrix_linear,10,p04_f10_mat_det_2x2,candidate_benchmark_function,train,data/v2/train/p04_matrix_linear/p04_matrix_linear.c,data/v2/train/p04_matrix_linear/p04_matrix_linear.h,true,newly_authored_dataset_v2
p04,p04_matrix_linear,11,p04_f11_mat_det_3x3,candidate_benchmark_function,train,data/v2/train/p04_matrix_linear/p04_matrix_linear.c,data/v2/train/p04_matrix_linear/p04_matrix_linear.h,true,newly_authored_dataset_v2
p04,p04_matrix_linear,12,p04_f12_mat_frobenius_norm,candidate_benchmark_function,train,data/v2/train/p04_matrix_linear/p04_matrix_linear.c,data/v2/train/p04_matrix_linear/p04_matrix_linear.h,true,newly_authored_dataset_v2
p04,p04_matrix_linear,13,p04_f13_mat_is_symmetric,candidate_benchmark_function,train,data/v2/train/p04_matrix_linear/p04_matrix_linear.c,data/v2/train/p04_matrix_linear/p04_matrix_linear.h,true,newly_authored_dataset_v2
p04,p04_matrix_linear,14,p04_f14_mat_lu_decompose_3x3,candidate_benchmark_function,train,data/v2/train/p04_matrix_linear/p04_matrix_linear.c,data/v2/train/p04_matrix_linear/p04_matrix_linear.h,true,newly_authored_dataset_v2
p04,p04_matrix_linear,15,p04_f15_mat_solve_upper_tri,candidate_benchmark_function,train,data/v2/train/p04_matrix_linear/p04_matrix_linear.c,data/v2/train/p04_matrix_linear/p04_matrix_linear.h,true,newly_authored_dataset_v2
p04,p04_matrix_linear,16,p04_f16_mat_hadamard_product,candidate_benchmark_function,train,data/v2/train/p04_matrix_linear/p04_matrix_linear.c,data/v2/train/p04_matrix_linear/p04_matrix_linear.h,true,newly_authored_dataset_v2
p05,p05_graph_traversal,1,p05_f01_adj_init,candidate_benchmark_function,train,data/v2/train/p05_graph_traversal/p05_graph_traversal.c,data/v2/train/p05_graph_traversal/p05_graph_traversal.h,true,newly_authored_dataset_v2
p05,p05_graph_traversal,2,p05_f02_adj_add_edge,candidate_benchmark_function,train,data/v2/train/p05_graph_traversal/p05_graph_traversal.c,data/v2/train/p05_graph_traversal/p05_graph_traversal.h,true,newly_authored_dataset_v2
p05,p05_graph_traversal,3,p05_f03_adj_has_edge,candidate_benchmark_function,train,data/v2/train/p05_graph_traversal/p05_graph_traversal.c,data/v2/train/p05_graph_traversal/p05_graph_traversal.h,true,newly_authored_dataset_v2
p05,p05_graph_traversal,4,p05_f04_adj_in_degree,candidate_benchmark_function,train,data/v2/train/p05_graph_traversal/p05_graph_traversal.c,data/v2/train/p05_graph_traversal/p05_graph_traversal.h,true,newly_authored_dataset_v2
p05,p05_graph_traversal,5,p05_f05_adj_out_degree,candidate_benchmark_function,train,data/v2/train/p05_graph_traversal/p05_graph_traversal.c,data/v2/train/p05_graph_traversal/p05_graph_traversal.h,true,newly_authored_dataset_v2
p05,p05_graph_traversal,6,p05_f06_graph_bfs,candidate_benchmark_function,train,data/v2/train/p05_graph_traversal/p05_graph_traversal.c,data/v2/train/p05_graph_traversal/p05_graph_traversal.h,true,newly_authored_dataset_v2
p05,p05_graph_traversal,7,p05_f07_graph_dfs_iterative,candidate_benchmark_function,train,data/v2/train/p05_graph_traversal/p05_graph_traversal.c,data/v2/train/p05_graph_traversal/p05_graph_traversal.h,true,newly_authored_dataset_v2
p05,p05_graph_traversal,8,p05_f08_graph_has_cycle_directed,candidate_benchmark_function,train,data/v2/train/p05_graph_traversal/p05_graph_traversal.c,data/v2/train/p05_graph_traversal/p05_graph_traversal.h,true,newly_authored_dataset_v2
p05,p05_graph_traversal,9,p05_f09_graph_connected_components,candidate_benchmark_function,train,data/v2/train/p05_graph_traversal/p05_graph_traversal.c,data/v2/train/p05_graph_traversal/p05_graph_traversal.h,true,newly_authored_dataset_v2
p05,p05_graph_traversal,10,p05_f10_graph_bipartite_check,candidate_benchmark_function,train,data/v2/train/p05_graph_traversal/p05_graph_traversal.c,data/v2/train/p05_graph_traversal/p05_graph_traversal.h,true,newly_authored_dataset_v2
p05,p05_graph_traversal,11,p05_f11_graph_transitive_closure,candidate_benchmark_function,train,data/v2/train/p05_graph_traversal/p05_graph_traversal.c,data/v2/train/p05_graph_traversal/p05_graph_traversal.h,true,newly_authored_dataset_v2
p05,p05_graph_traversal,12,p05_f12_graph_density,candidate_benchmark_function,train,data/v2/train/p05_graph_traversal/p05_graph_traversal.c,data/v2/train/p05_graph_traversal/p05_graph_traversal.h,true,newly_authored_dataset_v2
p05,p05_graph_traversal,13,p05_f13_graph_isolate_count,candidate_benchmark_function,train,data/v2/train/p05_graph_traversal/p05_graph_traversal.c,data/v2/train/p05_graph_traversal/p05_graph_traversal.h,true,newly_authored_dataset_v2
p05,p05_graph_traversal,14,p05_f14_graph_eulerian_path_check,candidate_benchmark_function,train,data/v2/train/p05_graph_traversal/p05_graph_traversal.c,data/v2/train/p05_graph_traversal/p05_graph_traversal.h,true,newly_authored_dataset_v2
p05,p05_graph_traversal,15,p05_f15_graph_subgraph_induced,candidate_benchmark_function,train,data/v2/train/p05_graph_traversal/p05_graph_traversal.c,data/v2/train/p05_graph_traversal/p05_graph_traversal.h,true,newly_authored_dataset_v2
p05,p05_graph_traversal,16,p05_f16_graph_vertex_eccentricity,candidate_benchmark_function,train,data/v2/train/p05_graph_traversal/p05_graph_traversal.c,data/v2/train/p05_graph_traversal/p05_graph_traversal.h,true,newly_authored_dataset_v2
p06,p06_packet_tlv,1,p06_f01_tlv_encode_uint8,candidate_benchmark_function,train,data/v2/train/p06_packet_tlv/p06_packet_tlv.c,data/v2/train/p06_packet_tlv/p06_packet_tlv.h,true,newly_authored_dataset_v2
p06,p06_packet_tlv,2,p06_f02_tlv_encode_uint16,candidate_benchmark_function,train,data/v2/train/p06_packet_tlv/p06_packet_tlv.c,data/v2/train/p06_packet_tlv/p06_packet_tlv.h,true,newly_authored_dataset_v2
p06,p06_packet_tlv,3,p06_f03_tlv_encode_uint32,candidate_benchmark_function,train,data/v2/train/p06_packet_tlv/p06_packet_tlv.c,data/v2/train/p06_packet_tlv/p06_packet_tlv.h,true,newly_authored_dataset_v2
p06,p06_packet_tlv,4,p06_f04_tlv_encode_bytes,candidate_benchmark_function,train,data/v2/train/p06_packet_tlv/p06_packet_tlv.c,data/v2/train/p06_packet_tlv/p06_packet_tlv.h,true,newly_authored_dataset_v2
p06,p06_packet_tlv,5,p06_f05_tlv_decode_header,candidate_benchmark_function,train,data/v2/train/p06_packet_tlv/p06_packet_tlv.c,data/v2/train/p06_packet_tlv/p06_packet_tlv.h,true,newly_authored_dataset_v2
p06,p06_packet_tlv,6,p06_f06_tlv_decode_uint8,candidate_benchmark_function,train,data/v2/train/p06_packet_tlv/p06_packet_tlv.c,data/v2/train/p06_packet_tlv/p06_packet_tlv.h,true,newly_authored_dataset_v2
p06,p06_packet_tlv,7,p06_f07_tlv_decode_uint16,candidate_benchmark_function,train,data/v2/train/p06_packet_tlv/p06_packet_tlv.c,data/v2/train/p06_packet_tlv/p06_packet_tlv.h,true,newly_authored_dataset_v2
p06,p06_packet_tlv,8,p06_f08_tlv_decode_uint32,candidate_benchmark_function,train,data/v2/train/p06_packet_tlv/p06_packet_tlv.c,data/v2/train/p06_packet_tlv/p06_packet_tlv.h,true,newly_authored_dataset_v2
p06,p06_packet_tlv,9,p06_f09_tlv_find_tag,candidate_benchmark_function,train,data/v2/train/p06_packet_tlv/p06_packet_tlv.c,data/v2/train/p06_packet_tlv/p06_packet_tlv.h,true,newly_authored_dataset_v2
p06,p06_packet_tlv,10,p06_f10_tlv_count_tags,candidate_benchmark_function,train,data/v2/train/p06_packet_tlv/p06_packet_tlv.c,data/v2/train/p06_packet_tlv/p06_packet_tlv.h,true,newly_authored_dataset_v2
p06,p06_packet_tlv,11,p06_f11_tlv_validate_buffer,candidate_benchmark_function,train,data/v2/train/p06_packet_tlv/p06_packet_tlv.c,data/v2/train/p06_packet_tlv/p06_packet_tlv.h,true,newly_authored_dataset_v2
p06,p06_packet_tlv,12,p06_f12_packet_header_build,candidate_benchmark_function,train,data/v2/train/p06_packet_tlv/p06_packet_tlv.c,data/v2/train/p06_packet_tlv/p06_packet_tlv.h,true,newly_authored_dataset_v2
p06,p06_packet_tlv,13,p06_f13_packet_header_parse,candidate_benchmark_function,train,data/v2/train/p06_packet_tlv/p06_packet_tlv.c,data/v2/train/p06_packet_tlv/p06_packet_tlv.h,true,newly_authored_dataset_v2
p06,p06_packet_tlv,14,p06_f14_packet_payload_pad,candidate_benchmark_function,train,data/v2/train/p06_packet_tlv/p06_packet_tlv.c,data/v2/train/p06_packet_tlv/p06_packet_tlv.h,true,newly_authored_dataset_v2
p06,p06_packet_tlv,15,p06_f15_packet_payload_unpad,candidate_benchmark_function,train,data/v2/train/p06_packet_tlv/p06_packet_tlv.c,data/v2/train/p06_packet_tlv/p06_packet_tlv.h,true,newly_authored_dataset_v2
p06,p06_packet_tlv,16,p06_f16_packet_serialize,candidate_benchmark_function,train,data/v2/train/p06_packet_tlv/p06_packet_tlv.c,data/v2/train/p06_packet_tlv/p06_packet_tlv.h,true,newly_authored_dataset_v2
p07,p07_slab_allocator,1,p07_f01_slab_init,candidate_benchmark_function,train,data/v2/train/p07_slab_allocator/p07_slab_allocator.c,data/v2/train/p07_slab_allocator/p07_slab_allocator.h,true,newly_authored_dataset_v2
p07,p07_slab_allocator,2,p07_f02_slab_alloc_block,candidate_benchmark_function,train,data/v2/train/p07_slab_allocator/p07_slab_allocator.c,data/v2/train/p07_slab_allocator/p07_slab_allocator.h,true,newly_authored_dataset_v2
p07,p07_slab_allocator,3,p07_f03_slab_free_block,candidate_benchmark_function,train,data/v2/train/p07_slab_allocator/p07_slab_allocator.c,data/v2/train/p07_slab_allocator/p07_slab_allocator.h,true,newly_authored_dataset_v2
p07,p07_slab_allocator,4,p07_f04_slab_available_count,candidate_benchmark_function,train,data/v2/train/p07_slab_allocator/p07_slab_allocator.c,data/v2/train/p07_slab_allocator/p07_slab_allocator.h,true,newly_authored_dataset_v2
p07,p07_slab_allocator,5,p07_f05_slab_is_pointer_valid,candidate_benchmark_function,train,data/v2/train/p07_slab_allocator/p07_slab_allocator.c,data/v2/train/p07_slab_allocator/p07_slab_allocator.h,true,newly_authored_dataset_v2
p07,p07_slab_allocator,6,p07_f06_slab_mark_busy,candidate_benchmark_function,train,data/v2/train/p07_slab_allocator/p07_slab_allocator.c,data/v2/train/p07_slab_allocator/p07_slab_allocator.h,true,newly_authored_dataset_v2
p07,p07_slab_allocator,7,p07_f07_slab_mark_free,candidate_benchmark_function,train,data/v2/train/p07_slab_allocator/p07_slab_allocator.c,data/v2/train/p07_slab_allocator/p07_slab_allocator.h,true,newly_authored_dataset_v2
p07,p07_slab_allocator,8,p07_f08_slab_find_first_free_bit,candidate_benchmark_function,train,data/v2/train/p07_slab_allocator/p07_slab_allocator.c,data/v2/train/p07_slab_allocator/p07_slab_allocator.h,true,newly_authored_dataset_v2
p07,p07_slab_allocator,9,p07_f09_slab_defragment_check,candidate_benchmark_function,train,data/v2/train/p07_slab_allocator/p07_slab_allocator.c,data/v2/train/p07_slab_allocator/p07_slab_allocator.h,true,newly_authored_dataset_v2
p07,p07_slab_allocator,10,p07_f10_slab_reset,candidate_benchmark_function,train,data/v2/train/p07_slab_allocator/p07_slab_allocator.c,data/v2/train/p07_slab_allocator/p07_slab_allocator.h,true,newly_authored_dataset_v2
p07,p07_slab_allocator,11,p07_f11_slab_block_index,candidate_benchmark_function,train,data/v2/train/p07_slab_allocator/p07_slab_allocator.c,data/v2/train/p07_slab_allocator/p07_slab_allocator.h,true,newly_authored_dataset_v2
p07,p07_slab_allocator,12,p07_f12_slab_index_to_pointer,candidate_benchmark_function,train,data/v2/train/p07_slab_allocator/p07_slab_allocator.c,data/v2/train/p07_slab_allocator/p07_slab_allocator.h,true,newly_authored_dataset_v2
p07,p07_slab_allocator,13,p07_f13_slab_stats_utilization,candidate_benchmark_function,train,data/v2/train/p07_slab_allocator/p07_slab_allocator.c,data/v2/train/p07_slab_allocator/p07_slab_allocator.h,true,newly_authored_dataset_v2
p07,p07_slab_allocator,14,p07_f14_slab_audit_integrity,candidate_benchmark_function,train,data/v2/train/p07_slab_allocator/p07_slab_allocator.c,data/v2/train/p07_slab_allocator/p07_slab_allocator.h,true,newly_authored_dataset_v2
p07,p07_slab_allocator,15,p07_f15_slab_scrub_pattern,candidate_benchmark_function,train,data/v2/train/p07_slab_allocator/p07_slab_allocator.c,data/v2/train/p07_slab_allocator/p07_slab_allocator.h,true,newly_authored_dataset_v2
p07,p07_slab_allocator,16,p07_f16_slab_compact_scan,candidate_benchmark_function,train,data/v2/train/p07_slab_allocator/p07_slab_allocator.c,data/v2/train/p07_slab_allocator/p07_slab_allocator.h,true,newly_authored_dataset_v2
p08,p08_adler_siphash,1,p08_f01_adler32,candidate_benchmark_function,dev,data/v2/dev/p08_adler_siphash/p08_adler_siphash.c,data/v2/dev/p08_adler_siphash/p08_adler_siphash.h,true,newly_authored_dataset_v2
p08,p08_adler_siphash,2,p08_f02_siphash_round,candidate_benchmark_function,dev,data/v2/dev/p08_adler_siphash/p08_adler_siphash.c,data/v2/dev/p08_adler_siphash/p08_adler_siphash.h,true,newly_authored_dataset_v2
p08,p08_adler_siphash,3,p08_f03_siphash24,candidate_benchmark_function,dev,data/v2/dev/p08_adler_siphash/p08_adler_siphash.c,data/v2/dev/p08_adler_siphash/p08_adler_siphash.h,true,newly_authored_dataset_v2
p08,p08_adler_siphash,4,p08_f04_half_siphash,candidate_benchmark_function,dev,data/v2/dev/p08_adler_siphash/p08_adler_siphash.c,data/v2/dev/p08_adler_siphash/p08_adler_siphash.h,true,newly_authored_dataset_v2
p08,p08_adler_siphash,5,p08_f05_djb2_hash,candidate_benchmark_function,dev,data/v2/dev/p08_adler_siphash/p08_adler_siphash.c,data/v2/dev/p08_adler_siphash/p08_adler_siphash.h,true,newly_authored_dataset_v2
p08,p08_adler_siphash,6,p08_f06_sdbm_hash,candidate_benchmark_function,dev,data/v2/dev/p08_adler_siphash/p08_adler_siphash.c,data/v2/dev/p08_adler_siphash/p08_adler_siphash.h,true,newly_authored_dataset_v2
p08,p08_adler_siphash,7,p08_f07_rabin_karp_rolling,candidate_benchmark_function,dev,data/v2/dev/p08_adler_siphash/p08_adler_siphash.c,data/v2/dev/p08_adler_siphash/p08_adler_siphash.h,true,newly_authored_dataset_v2
p08,p08_adler_siphash,8,p08_f08_jenkins_lookup2,candidate_benchmark_function,dev,data/v2/dev/p08_adler_siphash/p08_adler_siphash.c,data/v2/dev/p08_adler_siphash/p08_adler_siphash.h,true,newly_authored_dataset_v2
p08,p08_adler_siphash,9,p08_f09_knuth_multiplicative,candidate_benchmark_function,dev,data/v2/dev/p08_adler_siphash/p08_adler_siphash.c,data/v2/dev/p08_adler_siphash/p08_adler_siphash.h,true,newly_authored_dataset_v2
p08,p08_adler_siphash,10,p08_f10_rot13_cipher,candidate_benchmark_function,dev,data/v2/dev/p08_adler_siphash/p08_adler_siphash.c,data/v2/dev/p08_adler_siphash/p08_adler_siphash.h,true,newly_authored_dataset_v2
p08,p08_adler_siphash,11,p08_f11_rotate_mix32,candidate_benchmark_function,dev,data/v2/dev/p08_adler_siphash/p08_adler_siphash.c,data/v2/dev/p08_adler_siphash/p08_adler_siphash.h,true,newly_authored_dataset_v2
p08,p08_adler_siphash,12,p08_f12_crc16_usb,candidate_benchmark_function,dev,data/v2/dev/p08_adler_siphash/p08_adler_siphash.c,data/v2/dev/p08_adler_siphash/p08_adler_siphash.h,true,newly_authored_dataset_v2
p08,p08_adler_siphash,13,p08_f13_poly1305_clamp,candidate_benchmark_function,dev,data/v2/dev/p08_adler_siphash/p08_adler_siphash.c,data/v2/dev/p08_adler_siphash/p08_adler_siphash.h,true,newly_authored_dataset_v2
p08,p08_adler_siphash,14,p08_f14_chash_simple,candidate_benchmark_function,dev,data/v2/dev/p08_adler_siphash/p08_adler_siphash.c,data/v2/dev/p08_adler_siphash/p08_adler_siphash.h,true,newly_authored_dataset_v2
p08,p08_adler_siphash,15,p08_f15_hash_mix32,candidate_benchmark_function,dev,data/v2/dev/p08_adler_siphash/p08_adler_siphash.c,data/v2/dev/p08_adler_siphash/p08_adler_siphash.h,true,newly_authored_dataset_v2
p08,p08_adler_siphash,16,p08_f16_checksum_fold64_to_32,candidate_benchmark_function,dev,data/v2/dev/p08_adler_siphash/p08_adler_siphash.c,data/v2/dev/p08_adler_siphash/p08_adler_siphash.h,true,newly_authored_dataset_v2
p09,p09_avl_tree,1,p09_f01_avl_init,candidate_benchmark_function,dev,data/v2/dev/p09_avl_tree/p09_avl_tree.c,data/v2/dev/p09_avl_tree/p09_avl_tree.h,true,newly_authored_dataset_v2
p09,p09_avl_tree,2,p09_f02_avl_height,candidate_benchmark_function,dev,data/v2/dev/p09_avl_tree/p09_avl_tree.c,data/v2/dev/p09_avl_tree/p09_avl_tree.h,true,newly_authored_dataset_v2
p09,p09_avl_tree,3,p09_f03_avl_balance_factor,candidate_benchmark_function,dev,data/v2/dev/p09_avl_tree/p09_avl_tree.c,data/v2/dev/p09_avl_tree/p09_avl_tree.h,true,newly_authored_dataset_v2
p09,p09_avl_tree,4,p09_f04_avl_rotate_right,candidate_benchmark_function,dev,data/v2/dev/p09_avl_tree/p09_avl_tree.c,data/v2/dev/p09_avl_tree/p09_avl_tree.h,true,newly_authored_dataset_v2
p09,p09_avl_tree,5,p09_f05_avl_rotate_left,candidate_benchmark_function,dev,data/v2/dev/p09_avl_tree/p09_avl_tree.c,data/v2/dev/p09_avl_tree/p09_avl_tree.h,true,newly_authored_dataset_v2
p09,p09_avl_tree,6,p09_f06_avl_insert_internal,candidate_benchmark_function,dev,data/v2/dev/p09_avl_tree/p09_avl_tree.c,data/v2/dev/p09_avl_tree/p09_avl_tree.h,true,newly_authored_dataset_v2
p09,p09_avl_tree,7,p09_f07_avl_insert,candidate_benchmark_function,dev,data/v2/dev/p09_avl_tree/p09_avl_tree.c,data/v2/dev/p09_avl_tree/p09_avl_tree.h,true,newly_authored_dataset_v2
p09,p09_avl_tree,8,p09_f08_avl_min_node,candidate_benchmark_function,dev,data/v2/dev/p09_avl_tree/p09_avl_tree.c,data/v2/dev/p09_avl_tree/p09_avl_tree.h,true,newly_authored_dataset_v2
p09,p09_avl_tree,9,p09_f09_avl_delete_internal,candidate_benchmark_function,dev,data/v2/dev/p09_avl_tree/p09_avl_tree.c,data/v2/dev/p09_avl_tree/p09_avl_tree.h,true,newly_authored_dataset_v2
p09,p09_avl_tree,10,p09_f10_avl_delete,candidate_benchmark_function,dev,data/v2/dev/p09_avl_tree/p09_avl_tree.c,data/v2/dev/p09_avl_tree/p09_avl_tree.h,true,newly_authored_dataset_v2
p09,p09_avl_tree,11,p09_f11_avl_search,candidate_benchmark_function,dev,data/v2/dev/p09_avl_tree/p09_avl_tree.c,data/v2/dev/p09_avl_tree/p09_avl_tree.h,true,newly_authored_dataset_v2
p09,p09_avl_tree,12,p09_f12_avl_inorder,candidate_benchmark_function,dev,data/v2/dev/p09_avl_tree/p09_avl_tree.c,data/v2/dev/p09_avl_tree/p09_avl_tree.h,true,newly_authored_dataset_v2
p09,p09_avl_tree,13,p09_f13_avl_preorder,candidate_benchmark_function,dev,data/v2/dev/p09_avl_tree/p09_avl_tree.c,data/v2/dev/p09_avl_tree/p09_avl_tree.h,true,newly_authored_dataset_v2
p09,p09_avl_tree,14,p09_f14_avl_count,candidate_benchmark_function,dev,data/v2/dev/p09_avl_tree/p09_avl_tree.c,data/v2/dev/p09_avl_tree/p09_avl_tree.h,true,newly_authored_dataset_v2
p09,p09_avl_tree,15,p09_f15_avl_is_balanced,candidate_benchmark_function,dev,data/v2/dev/p09_avl_tree/p09_avl_tree.c,data/v2/dev/p09_avl_tree/p09_avl_tree.h,true,newly_authored_dataset_v2
p09,p09_avl_tree,16,p09_f16_avl_clear,candidate_benchmark_function,dev,data/v2/dev/p09_avl_tree/p09_avl_tree.c,data/v2/dev/p09_avl_tree/p09_avl_tree.h,true,newly_authored_dataset_v2
p10,p10_regex_nfa,1,p10_f01_nfa_init,candidate_benchmark_function,dev,data/v2/dev/p10_regex_nfa/p10_regex_nfa.c,data/v2/dev/p10_regex_nfa/p10_regex_nfa.h,true,newly_authored_dataset_v2
p10,p10_regex_nfa,2,p10_f02_nfa_add_state,candidate_benchmark_function,dev,data/v2/dev/p10_regex_nfa/p10_regex_nfa.c,data/v2/dev/p10_regex_nfa/p10_regex_nfa.h,true,newly_authored_dataset_v2
p10,p10_regex_nfa,3,p10_f03_nfa_set_transition,candidate_benchmark_function,dev,data/v2/dev/p10_regex_nfa/p10_regex_nfa.c,data/v2/dev/p10_regex_nfa/p10_regex_nfa.h,true,newly_authored_dataset_v2
p10,p10_regex_nfa,4,p10_f04_nfa_set_match,candidate_benchmark_function,dev,data/v2/dev/p10_regex_nfa/p10_regex_nfa.c,data/v2/dev/p10_regex_nfa/p10_regex_nfa.h,true,newly_authored_dataset_v2
p10,p10_regex_nfa,5,p10_f05_nfa_create_literal,candidate_benchmark_function,dev,data/v2/dev/p10_regex_nfa/p10_regex_nfa.c,data/v2/dev/p10_regex_nfa/p10_regex_nfa.h,true,newly_authored_dataset_v2
p10,p10_regex_nfa,6,p10_f06_nfa_concat,candidate_benchmark_function,dev,data/v2/dev/p10_regex_nfa/p10_regex_nfa.c,data/v2/dev/p10_regex_nfa/p10_regex_nfa.h,true,newly_authored_dataset_v2
p10,p10_regex_nfa,7,p10_f07_nfa_alternate,candidate_benchmark_function,dev,data/v2/dev/p10_regex_nfa/p10_regex_nfa.c,data/v2/dev/p10_regex_nfa/p10_regex_nfa.h,true,newly_authored_dataset_v2
p10,p10_regex_nfa,8,p10_f08_nfa_star,candidate_benchmark_function,dev,data/v2/dev/p10_regex_nfa/p10_regex_nfa.c,data/v2/dev/p10_regex_nfa/p10_regex_nfa.h,true,newly_authored_dataset_v2
p10,p10_regex_nfa,9,p10_f09_nfa_plus,candidate_benchmark_function,dev,data/v2/dev/p10_regex_nfa/p10_regex_nfa.c,data/v2/dev/p10_regex_nfa/p10_regex_nfa.h,true,newly_authored_dataset_v2
p10,p10_regex_nfa,10,p10_f10_nfa_optional,candidate_benchmark_function,dev,data/v2/dev/p10_regex_nfa/p10_regex_nfa.c,data/v2/dev/p10_regex_nfa/p10_regex_nfa.h,true,newly_authored_dataset_v2
p10,p10_regex_nfa,11,p10_f11_nfa_epsilon_closure,candidate_benchmark_function,dev,data/v2/dev/p10_regex_nfa/p10_regex_nfa.c,data/v2/dev/p10_regex_nfa/p10_regex_nfa.h,true,newly_authored_dataset_v2
p10,p10_regex_nfa,12,p10_f12_nfa_step,candidate_benchmark_function,dev,data/v2/dev/p10_regex_nfa/p10_regex_nfa.c,data/v2/dev/p10_regex_nfa/p10_regex_nfa.h,true,newly_authored_dataset_v2
p10,p10_regex_nfa,13,p10_f13_nfa_simulate,candidate_benchmark_function,dev,data/v2/dev/p10_regex_nfa/p10_regex_nfa.c,data/v2/dev/p10_regex_nfa/p10_regex_nfa.h,true,newly_authored_dataset_v2
p10,p10_regex_nfa,14,p10_f14_nfa_match_prefix,candidate_benchmark_function,dev,data/v2/dev/p10_regex_nfa/p10_regex_nfa.c,data/v2/dev/p10_regex_nfa/p10_regex_nfa.h,true,newly_authored_dataset_v2
p10,p10_regex_nfa,15,p10_f15_nfa_active_count,candidate_benchmark_function,dev,data/v2/dev/p10_regex_nfa/p10_regex_nfa.c,data/v2/dev/p10_regex_nfa/p10_regex_nfa.h,true,newly_authored_dataset_v2
p10,p10_regex_nfa,16,p10_f16_nfa_reset,candidate_benchmark_function,dev,data/v2/dev/p10_regex_nfa/p10_regex_nfa.c,data/v2/dev/p10_regex_nfa/p10_regex_nfa.h,true,newly_authored_dataset_v2
p11,p11_fixed_point,1,p11_f01_fp_from_int,candidate_benchmark_function,dev,data/v2/dev/p11_fixed_point/p11_fixed_point.c,data/v2/dev/p11_fixed_point/p11_fixed_point.h,true,newly_authored_dataset_v2
p11,p11_fixed_point,2,p11_f02_fp_to_int,candidate_benchmark_function,dev,data/v2/dev/p11_fixed_point/p11_fixed_point.c,data/v2/dev/p11_fixed_point/p11_fixed_point.h,true,newly_authored_dataset_v2
p11,p11_fixed_point,3,p11_f03_fp_add,candidate_benchmark_function,dev,data/v2/dev/p11_fixed_point/p11_fixed_point.c,data/v2/dev/p11_fixed_point/p11_fixed_point.h,true,newly_authored_dataset_v2
p11,p11_fixed_point,4,p11_f04_fp_sub,candidate_benchmark_function,dev,data/v2/dev/p11_fixed_point/p11_fixed_point.c,data/v2/dev/p11_fixed_point/p11_fixed_point.h,true,newly_authored_dataset_v2
p11,p11_fixed_point,5,p11_f05_fp_mul,candidate_benchmark_function,dev,data/v2/dev/p11_fixed_point/p11_fixed_point.c,data/v2/dev/p11_fixed_point/p11_fixed_point.h,true,newly_authored_dataset_v2
p11,p11_fixed_point,6,p11_f06_fp_div,candidate_benchmark_function,dev,data/v2/dev/p11_fixed_point/p11_fixed_point.c,data/v2/dev/p11_fixed_point/p11_fixed_point.h,true,newly_authored_dataset_v2
p11,p11_fixed_point,7,p11_f07_fp_abs,candidate_benchmark_function,dev,data/v2/dev/p11_fixed_point/p11_fixed_point.c,data/v2/dev/p11_fixed_point/p11_fixed_point.h,true,newly_authored_dataset_v2
p11,p11_fixed_point,8,p11_f08_fp_sqrt,candidate_benchmark_function,dev,data/v2/dev/p11_fixed_point/p11_fixed_point.c,data/v2/dev/p11_fixed_point/p11_fixed_point.h,true,newly_authored_dataset_v2
p11,p11_fixed_point,9,p11_f09_fp_exp_taylor,candidate_benchmark_function,dev,data/v2/dev/p11_fixed_point/p11_fixed_point.c,data/v2/dev/p11_fixed_point/p11_fixed_point.h,true,newly_authored_dataset_v2
p11,p11_fixed_point,10,p11_f10_fp_ln_approx,candidate_benchmark_function,dev,data/v2/dev/p11_fixed_point/p11_fixed_point.c,data/v2/dev/p11_fixed_point/p11_fixed_point.h,true,newly_authored_dataset_v2
p11,p11_fixed_point,11,p11_f11_fp_sin_cordic,candidate_benchmark_function,dev,data/v2/dev/p11_fixed_point/p11_fixed_point.c,data/v2/dev/p11_fixed_point/p11_fixed_point.h,true,newly_authored_dataset_v2
p11,p11_fixed_point,12,p11_f12_fp_cos_cordic,candidate_benchmark_function,dev,data/v2/dev/p11_fixed_point/p11_fixed_point.c,data/v2/dev/p11_fixed_point/p11_fixed_point.h,true,newly_authored_dataset_v2
p11,p11_fixed_point,13,p11_f13_fp_atan2_cordic,candidate_benchmark_function,dev,data/v2/dev/p11_fixed_point/p11_fixed_point.c,data/v2/dev/p11_fixed_point/p11_fixed_point.h,true,newly_authored_dataset_v2
p11,p11_fixed_point,14,p11_f14_fp_lerp,candidate_benchmark_function,dev,data/v2/dev/p11_fixed_point/p11_fixed_point.c,data/v2/dev/p11_fixed_point/p11_fixed_point.h,true,newly_authored_dataset_v2
p11,p11_fixed_point,15,p11_f15_fp_clamp,candidate_benchmark_function,dev,data/v2/dev/p11_fixed_point/p11_fixed_point.c,data/v2/dev/p11_fixed_point/p11_fixed_point.h,true,newly_authored_dataset_v2
p11,p11_fixed_point,16,p11_f16_fp_poly_eval,candidate_benchmark_function,dev,data/v2/dev/p11_fixed_point/p11_fixed_point.c,data/v2/dev/p11_fixed_point/p11_fixed_point.h,true,newly_authored_dataset_v2
p12,p12_topological_dag,1,p12_f01_dag_init,candidate_benchmark_function,dev,data/v2/dev/p12_topological_dag/p12_topological_dag.c,data/v2/dev/p12_topological_dag/p12_topological_dag.h,true,newly_authored_dataset_v2
p12,p12_topological_dag,2,p12_f02_dag_add_edge,candidate_benchmark_function,dev,data/v2/dev/p12_topological_dag/p12_topological_dag.c,data/v2/dev/p12_topological_dag/p12_topological_dag.h,true,newly_authored_dataset_v2
p12,p12_topological_dag,3,p12_f03_dag_compute_indegrees,candidate_benchmark_function,dev,data/v2/dev/p12_topological_dag/p12_topological_dag.c,data/v2/dev/p12_topological_dag/p12_topological_dag.h,true,newly_authored_dataset_v2
p12,p12_topological_dag,4,p12_f04_dag_compute_outdegrees,candidate_benchmark_function,dev,data/v2/dev/p12_topological_dag/p12_topological_dag.c,data/v2/dev/p12_topological_dag/p12_topological_dag.h,true,newly_authored_dataset_v2
p12,p12_topological_dag,5,p12_f05_dag_kahn_toposort,candidate_benchmark_function,dev,data/v2/dev/p12_topological_dag/p12_topological_dag.c,data/v2/dev/p12_topological_dag/p12_topological_dag.h,true,newly_authored_dataset_v2
p12,p12_topological_dag,6,p12_f06_dag_has_cycle,candidate_benchmark_function,dev,data/v2/dev/p12_topological_dag/p12_topological_dag.c,data/v2/dev/p12_topological_dag/p12_topological_dag.h,true,newly_authored_dataset_v2
p12,p12_topological_dag,7,p12_f07_dag_longest_path,candidate_benchmark_function,dev,data/v2/dev/p12_topological_dag/p12_topological_dag.c,data/v2/dev/p12_topological_dag/p12_topological_dag.h,true,newly_authored_dataset_v2
p12,p12_topological_dag,8,p12_f08_dag_shortest_path,candidate_benchmark_function,dev,data/v2/dev/p12_topological_dag/p12_topological_dag.c,data/v2/dev/p12_topological_dag/p12_topological_dag.h,true,newly_authored_dataset_v2
p12,p12_topological_dag,9,p12_f09_dag_count_ancestors,candidate_benchmark_function,dev,data/v2/dev/p12_topological_dag/p12_topological_dag.c,data/v2/dev/p12_topological_dag/p12_topological_dag.h,true,newly_authored_dataset_v2
p12,p12_topological_dag,10,p12_f10_dag_count_descendants,candidate_benchmark_function,dev,data/v2/dev/p12_topological_dag/p12_topological_dag.c,data/v2/dev/p12_topological_dag/p12_topological_dag.h,true,newly_authored_dataset_v2
p12,p12_topological_dag,11,p12_f11_dag_assign_levels,candidate_benchmark_function,dev,data/v2/dev/p12_topological_dag/p12_topological_dag.c,data/v2/dev/p12_topological_dag/p12_topological_dag.h,true,newly_authored_dataset_v2
p12,p12_topological_dag,12,p12_f12_dag_transitive_reduction,candidate_benchmark_function,dev,data/v2/dev/p12_topological_dag/p12_topological_dag.c,data/v2/dev/p12_topological_dag/p12_topological_dag.h,true,newly_authored_dataset_v2
p12,p12_topological_dag,13,p12_f13_dag_find_sources,candidate_benchmark_function,dev,data/v2/dev/p12_topological_dag/p12_topological_dag.c,data/v2/dev/p12_topological_dag/p12_topological_dag.h,true,newly_authored_dataset_v2
p12,p12_topological_dag,14,p12_f14_dag_find_sinks,candidate_benchmark_function,dev,data/v2/dev/p12_topological_dag/p12_topological_dag.c,data/v2/dev/p12_topological_dag/p12_topological_dag.h,true,newly_authored_dataset_v2
p12,p12_topological_dag,15,p12_f15_dag_is_reachable,candidate_benchmark_function,dev,data/v2/dev/p12_topological_dag/p12_topological_dag.c,data/v2/dev/p12_topological_dag/p12_topological_dag.h,true,newly_authored_dataset_v2
p12,p12_topological_dag,16,p12_f16_dag_clear,candidate_benchmark_function,dev,data/v2/dev/p12_topological_dag/p12_topological_dag.c,data/v2/dev/p12_topological_dag/p12_topological_dag.h,true,newly_authored_dataset_v2
p13,p13_slip_framing,1,p13_f01_slip_encode,candidate_benchmark_function,dev,data/v2/dev/p13_slip_framing/p13_slip_framing.c,data/v2/dev/p13_slip_framing/p13_slip_framing.h,true,newly_authored_dataset_v2
p13,p13_slip_framing,2,p13_f02_slip_decode,candidate_benchmark_function,dev,data/v2/dev/p13_slip_framing/p13_slip_framing.c,data/v2/dev/p13_slip_framing/p13_slip_framing.h,true,newly_authored_dataset_v2
p13,p13_slip_framing,3,p13_f03_cobs_encode,candidate_benchmark_function,dev,data/v2/dev/p13_slip_framing/p13_slip_framing.c,data/v2/dev/p13_slip_framing/p13_slip_framing.h,true,newly_authored_dataset_v2
p13,p13_slip_framing,4,p13_f04_cobs_decode,candidate_benchmark_function,dev,data/v2/dev/p13_slip_framing/p13_slip_framing.c,data/v2/dev/p13_slip_framing/p13_slip_framing.h,true,newly_authored_dataset_v2
p13,p13_slip_framing,5,p13_f05_fcs16_compute,candidate_benchmark_function,dev,data/v2/dev/p13_slip_framing/p13_slip_framing.c,data/v2/dev/p13_slip_framing/p13_slip_framing.h,true,newly_authored_dataset_v2
p13,p13_slip_framing,6,p13_f06_fcs16_verify,candidate_benchmark_function,dev,data/v2/dev/p13_slip_framing/p13_slip_framing.c,data/v2/dev/p13_slip_framing/p13_slip_framing.h,true,newly_authored_dataset_v2
p13,p13_slip_framing,7,p13_f07_pack_header,candidate_benchmark_function,dev,data/v2/dev/p13_slip_framing/p13_slip_framing.c,data/v2/dev/p13_slip_framing/p13_slip_framing.h,true,newly_authored_dataset_v2
p13,p13_slip_framing,8,p13_f08_unpack_header,candidate_benchmark_function,dev,data/v2/dev/p13_slip_framing/p13_slip_framing.c,data/v2/dev/p13_slip_framing/p13_slip_framing.h,true,newly_authored_dataset_v2
p13,p13_slip_framing,9,p13_f09_bit_stuff_encode,candidate_benchmark_function,dev,data/v2/dev/p13_slip_framing/p13_slip_framing.c,data/v2/dev/p13_slip_framing/p13_slip_framing.h,true,newly_authored_dataset_v2
p13,p13_slip_framing,10,p13_f10_bit_stuff_decode,candidate_benchmark_function,dev,data/v2/dev/p13_slip_framing/p13_slip_framing.c,data/v2/dev/p13_slip_framing/p13_slip_framing.h,true,newly_authored_dataset_v2
p13,p13_slip_framing,11,p13_f11_frame_checksum_valid,candidate_benchmark_function,dev,data/v2/dev/p13_slip_framing/p13_slip_framing.c,data/v2/dev/p13_slip_framing/p13_slip_framing.h,true,newly_authored_dataset_v2
p13,p13_slip_framing,12,p13_f12_byte_swap16,candidate_benchmark_function,dev,data/v2/dev/p13_slip_framing/p13_slip_framing.c,data/v2/dev/p13_slip_framing/p13_slip_framing.h,true,newly_authored_dataset_v2
p13,p13_slip_framing,13,p13_f13_byte_swap32,candidate_benchmark_function,dev,data/v2/dev/p13_slip_framing/p13_slip_framing.c,data/v2/dev/p13_slip_framing/p13_slip_framing.h,true,newly_authored_dataset_v2
p13,p13_slip_framing,14,p13_f14_parse_tlv_field,candidate_benchmark_function,dev,data/v2/dev/p13_slip_framing/p13_slip_framing.c,data/v2/dev/p13_slip_framing/p13_slip_framing.h,true,newly_authored_dataset_v2
p13,p13_slip_framing,15,p13_f15_frame_buf_append,candidate_benchmark_function,dev,data/v2/dev/p13_slip_framing/p13_slip_framing.c,data/v2/dev/p13_slip_framing/p13_slip_framing.h,true,newly_authored_dataset_v2
p13,p13_slip_framing,16,p13_f16_frame_buf_reset,candidate_benchmark_function,dev,data/v2/dev/p13_slip_framing/p13_slip_framing.c,data/v2/dev/p13_slip_framing/p13_slip_framing.h,true,newly_authored_dataset_v2
p14,p14_bitmap_index,1,p14_f01_bm_init,candidate_benchmark_function,dev,data/v2/dev/p14_bitmap_index/p14_bitmap_index.c,data/v2/dev/p14_bitmap_index/p14_bitmap_index.h,true,newly_authored_dataset_v2
p14,p14_bitmap_index,2,p14_f02_bm_set_bit,candidate_benchmark_function,dev,data/v2/dev/p14_bitmap_index/p14_bitmap_index.c,data/v2/dev/p14_bitmap_index/p14_bitmap_index.h,true,newly_authored_dataset_v2
p14,p14_bitmap_index,3,p14_f03_bm_clear_bit,candidate_benchmark_function,dev,data/v2/dev/p14_bitmap_index/p14_bitmap_index.c,data/v2/dev/p14_bitmap_index/p14_bitmap_index.h,true,newly_authored_dataset_v2
p14,p14_bitmap_index,4,p14_f04_bm_test_bit,candidate_benchmark_function,dev,data/v2/dev/p14_bitmap_index/p14_bitmap_index.c,data/v2/dev/p14_bitmap_index/p14_bitmap_index.h,true,newly_authored_dataset_v2
p14,p14_bitmap_index,5,p14_f05_bm_toggle_bit,candidate_benchmark_function,dev,data/v2/dev/p14_bitmap_index/p14_bitmap_index.c,data/v2/dev/p14_bitmap_index/p14_bitmap_index.h,true,newly_authored_dataset_v2
p14,p14_bitmap_index,6,p14_f06_bm_popcount,candidate_benchmark_function,dev,data/v2/dev/p14_bitmap_index/p14_bitmap_index.c,data/v2/dev/p14_bitmap_index/p14_bitmap_index.h,true,newly_authored_dataset_v2
p14,p14_bitmap_index,7,p14_f07_bm_find_first_set,candidate_benchmark_function,dev,data/v2/dev/p14_bitmap_index/p14_bitmap_index.c,data/v2/dev/p14_bitmap_index/p14_bitmap_index.h,true,newly_authored_dataset_v2
p14,p14_bitmap_index,8,p14_f08_bm_find_first_zero,candidate_benchmark_function,dev,data/v2/dev/p14_bitmap_index/p14_bitmap_index.c,data/v2/dev/p14_bitmap_index/p14_bitmap_index.h,true,newly_authored_dataset_v2
p14,p14_bitmap_index,9,p14_f09_bm_find_next_set,candidate_benchmark_function,dev,data/v2/dev/p14_bitmap_index/p14_bitmap_index.c,data/v2/dev/p14_bitmap_index/p14_bitmap_index.h,true,newly_authored_dataset_v2
p14,p14_bitmap_index,10,p14_f10_bm_bitwise_and,candidate_benchmark_function,dev,data/v2/dev/p14_bitmap_index/p14_bitmap_index.c,data/v2/dev/p14_bitmap_index/p14_bitmap_index.h,true,newly_authored_dataset_v2
p14,p14_bitmap_index,11,p14_f11_bm_bitwise_or,candidate_benchmark_function,dev,data/v2/dev/p14_bitmap_index/p14_bitmap_index.c,data/v2/dev/p14_bitmap_index/p14_bitmap_index.h,true,newly_authored_dataset_v2
p14,p14_bitmap_index,12,p14_f12_bm_bitwise_xor,candidate_benchmark_function,dev,data/v2/dev/p14_bitmap_index/p14_bitmap_index.c,data/v2/dev/p14_bitmap_index/p14_bitmap_index.h,true,newly_authored_dataset_v2
p14,p14_bitmap_index,13,p14_f13_bm_bitwise_not,candidate_benchmark_function,dev,data/v2/dev/p14_bitmap_index/p14_bitmap_index.c,data/v2/dev/p14_bitmap_index/p14_bitmap_index.h,true,newly_authored_dataset_v2
p14,p14_bitmap_index,14,p14_f14_bm_fill_range,candidate_benchmark_function,dev,data/v2/dev/p14_bitmap_index/p14_bitmap_index.c,data/v2/dev/p14_bitmap_index/p14_bitmap_index.h,true,newly_authored_dataset_v2
p14,p14_bitmap_index,15,p14_f15_bm_clear_range,candidate_benchmark_function,dev,data/v2/dev/p14_bitmap_index/p14_bitmap_index.c,data/v2/dev/p14_bitmap_index/p14_bitmap_index.h,true,newly_authored_dataset_v2
p14,p14_bitmap_index,16,p14_f16_bm_jaccard_similarity,candidate_benchmark_function,dev,data/v2/dev/p14_bitmap_index/p14_bitmap_index.c,data/v2/dev/p14_bitmap_index/p14_bitmap_index.h,true,newly_authored_dataset_v2
p15,p15_fnv_murmur,1,p15_f01_fnv1_32,candidate_benchmark_function,sealed_test,data/v2/sealed_test/p15_fnv_murmur/p15_fnv_murmur.c,data/v2/sealed_test/p15_fnv_murmur/p15_fnv_murmur.h,true,newly_authored_dataset_v2
p15,p15_fnv_murmur,2,p15_f02_fnv1a_32,candidate_benchmark_function,sealed_test,data/v2/sealed_test/p15_fnv_murmur/p15_fnv_murmur.c,data/v2/sealed_test/p15_fnv_murmur/p15_fnv_murmur.h,true,newly_authored_dataset_v2
p15,p15_fnv_murmur,3,p15_f03_fnv1_64,candidate_benchmark_function,sealed_test,data/v2/sealed_test/p15_fnv_murmur/p15_fnv_murmur.c,data/v2/sealed_test/p15_fnv_murmur/p15_fnv_murmur.h,true,newly_authored_dataset_v2
p15,p15_fnv_murmur,4,p15_f04_fnv1a_64,candidate_benchmark_function,sealed_test,data/v2/sealed_test/p15_fnv_murmur/p15_fnv_murmur.c,data/v2/sealed_test/p15_fnv_murmur/p15_fnv_murmur.h,true,newly_authored_dataset_v2
p15,p15_fnv_murmur,5,p15_f05_murmur3_32_scramble,candidate_benchmark_function,sealed_test,data/v2/sealed_test/p15_fnv_murmur/p15_fnv_murmur.c,data/v2/sealed_test/p15_fnv_murmur/p15_fnv_murmur.h,true,newly_authored_dataset_v2
p15,p15_fnv_murmur,6,p15_f06_murmur3_32_fmix,candidate_benchmark_function,sealed_test,data/v2/sealed_test/p15_fnv_murmur/p15_fnv_murmur.c,data/v2/sealed_test/p15_fnv_murmur/p15_fnv_murmur.h,true,newly_authored_dataset_v2
p15,p15_fnv_murmur,7,p15_f07_murmur3_32,candidate_benchmark_function,sealed_test,data/v2/sealed_test/p15_fnv_murmur/p15_fnv_murmur.c,data/v2/sealed_test/p15_fnv_murmur/p15_fnv_murmur.h,true,newly_authored_dataset_v2
p15,p15_fnv_murmur,8,p15_f08_jenkins_one_at_a_time,candidate_benchmark_function,sealed_test,data/v2/sealed_test/p15_fnv_murmur/p15_fnv_murmur.c,data/v2/sealed_test/p15_fnv_murmur/p15_fnv_murmur.h,true,newly_authored_dataset_v2
p15,p15_fnv_murmur,9,p15_f09_super_fast_hash,candidate_benchmark_function,sealed_test,data/v2/sealed_test/p15_fnv_murmur/p15_fnv_murmur.c,data/v2/sealed_test/p15_fnv_murmur/p15_fnv_murmur.h,true,newly_authored_dataset_v2
p15,p15_fnv_murmur,10,p15_f10_elf_hash,candidate_benchmark_function,sealed_test,data/v2/sealed_test/p15_fnv_murmur/p15_fnv_murmur.c,data/v2/sealed_test/p15_fnv_murmur/p15_fnv_murmur.h,true,newly_authored_dataset_v2
p15,p15_fnv_murmur,11,p15_f11_dek_hash,candidate_benchmark_function,sealed_test,data/v2/sealed_test/p15_fnv_murmur/p15_fnv_murmur.c,data/v2/sealed_test/p15_fnv_murmur/p15_fnv_murmur.h,true,newly_authored_dataset_v2
p15,p15_fnv_murmur,12,p15_f12_bp_hash,candidate_benchmark_function,sealed_test,data/v2/sealed_test/p15_fnv_murmur/p15_fnv_murmur.c,data/v2/sealed_test/p15_fnv_murmur/p15_fnv_murmur.h,true,newly_authored_dataset_v2
p15,p15_fnv_murmur,13,p15_f13_ap_hash,candidate_benchmark_function,sealed_test,data/v2/sealed_test/p15_fnv_murmur/p15_fnv_murmur.c,data/v2/sealed_test/p15_fnv_murmur/p15_fnv_murmur.h,true,newly_authored_dataset_v2
p15,p15_fnv_murmur,14,p15_f14_crc24_ble,candidate_benchmark_function,sealed_test,data/v2/sealed_test/p15_fnv_murmur/p15_fnv_murmur.c,data/v2/sealed_test/p15_fnv_murmur/p15_fnv_murmur.h,true,newly_authored_dataset_v2
p15,p15_fnv_murmur,15,p15_f15_hash_combine64,candidate_benchmark_function,sealed_test,data/v2/sealed_test/p15_fnv_murmur/p15_fnv_murmur.c,data/v2/sealed_test/p15_fnv_murmur/p15_fnv_murmur.h,true,newly_authored_dataset_v2
p15,p15_fnv_murmur,16,p15_f16_checksum_parity_byte,candidate_benchmark_function,sealed_test,data/v2/sealed_test/p15_fnv_murmur/p15_fnv_murmur.c,data/v2/sealed_test/p15_fnv_murmur/p15_fnv_murmur.h,true,newly_authored_dataset_v2
p16,p16_b_tree_node,1,p16_f01_btree_init,candidate_benchmark_function,sealed_test,data/v2/sealed_test/p16_b_tree_node/p16_b_tree_node.c,data/v2/sealed_test/p16_b_tree_node/p16_b_tree_node.h,true,newly_authored_dataset_v2
p16,p16_b_tree_node,2,p16_f02_btree_alloc_node,candidate_benchmark_function,sealed_test,data/v2/sealed_test/p16_b_tree_node/p16_b_tree_node.c,data/v2/sealed_test/p16_b_tree_node/p16_b_tree_node.h,true,newly_authored_dataset_v2
p16,p16_b_tree_node,3,p16_f03_btree_node_is_full,candidate_benchmark_function,sealed_test,data/v2/sealed_test/p16_b_tree_node/p16_b_tree_node.c,data/v2/sealed_test/p16_b_tree_node/p16_b_tree_node.h,true,newly_authored_dataset_v2
p16,p16_b_tree_node,4,p16_f04_btree_find_key_idx,candidate_benchmark_function,sealed_test,data/v2/sealed_test/p16_b_tree_node/p16_b_tree_node.c,data/v2/sealed_test/p16_b_tree_node/p16_b_tree_node.h,true,newly_authored_dataset_v2
p16,p16_b_tree_node,5,p16_f05_btree_split_child,candidate_benchmark_function,sealed_test,data/v2/sealed_test/p16_b_tree_node/p16_b_tree_node.c,data/v2/sealed_test/p16_b_tree_node/p16_b_tree_node.h,true,newly_authored_dataset_v2
p16,p16_b_tree_node,6,p16_f06_btree_insert_nonfull,candidate_benchmark_function,sealed_test,data/v2/sealed_test/p16_b_tree_node/p16_b_tree_node.c,data/v2/sealed_test/p16_b_tree_node/p16_b_tree_node.h,true,newly_authored_dataset_v2
p16,p16_b_tree_node,7,p16_f07_btree_insert,candidate_benchmark_function,sealed_test,data/v2/sealed_test/p16_b_tree_node/p16_b_tree_node.c,data/v2/sealed_test/p16_b_tree_node/p16_b_tree_node.h,true,newly_authored_dataset_v2
p16,p16_b_tree_node,8,p16_f08_btree_search,candidate_benchmark_function,sealed_test,data/v2/sealed_test/p16_b_tree_node/p16_b_tree_node.c,data/v2/sealed_test/p16_b_tree_node/p16_b_tree_node.h,true,newly_authored_dataset_v2
p16,p16_b_tree_node,9,p16_f09_btree_traverse,candidate_benchmark_function,sealed_test,data/v2/sealed_test/p16_b_tree_node/p16_b_tree_node.c,data/v2/sealed_test/p16_b_tree_node/p16_b_tree_node.h,true,newly_authored_dataset_v2
p16,p16_b_tree_node,10,p16_f10_btree_count_keys,candidate_benchmark_function,sealed_test,data/v2/sealed_test/p16_b_tree_node/p16_b_tree_node.c,data/v2/sealed_test/p16_b_tree_node/p16_b_tree_node.h,true,newly_authored_dataset_v2
p16,p16_b_tree_node,11,p16_f11_btree_depth,candidate_benchmark_function,sealed_test,data/v2/sealed_test/p16_b_tree_node/p16_b_tree_node.c,data/v2/sealed_test/p16_b_tree_node/p16_b_tree_node.h,true,newly_authored_dataset_v2
p16,p16_b_tree_node,12,p16_f12_btree_min_key,candidate_benchmark_function,sealed_test,data/v2/sealed_test/p16_b_tree_node/p16_b_tree_node.c,data/v2/sealed_test/p16_b_tree_node/p16_b_tree_node.h,true,newly_authored_dataset_v2
p16,p16_b_tree_node,13,p16_f13_btree_max_key,candidate_benchmark_function,sealed_test,data/v2/sealed_test/p16_b_tree_node/p16_b_tree_node.c,data/v2/sealed_test/p16_b_tree_node/p16_b_tree_node.h,true,newly_authored_dataset_v2
p16,p16_b_tree_node,14,p16_f14_btree_contains,candidate_benchmark_function,sealed_test,data/v2/sealed_test/p16_b_tree_node/p16_b_tree_node.c,data/v2/sealed_test/p16_b_tree_node/p16_b_tree_node.h,true,newly_authored_dataset_v2
p16,p16_b_tree_node,15,p16_f15_btree_is_valid_node,candidate_benchmark_function,sealed_test,data/v2/sealed_test/p16_b_tree_node/p16_b_tree_node.c,data/v2/sealed_test/p16_b_tree_node/p16_b_tree_node.h,true,newly_authored_dataset_v2
p16,p16_b_tree_node,16,p16_f16_btree_clear,candidate_benchmark_function,sealed_test,data/v2/sealed_test/p16_b_tree_node/p16_b_tree_node.c,data/v2/sealed_test/p16_b_tree_node/p16_b_tree_node.h,true,newly_authored_dataset_v2
p17,p17_json_tokenizer,1,p17_f01_tok_init,candidate_benchmark_function,sealed_test,data/v2/sealed_test/p17_json_tokenizer/p17_json_tokenizer.c,data/v2/sealed_test/p17_json_tokenizer/p17_json_tokenizer.h,true,newly_authored_dataset_v2
p17,p17_json_tokenizer,2,p17_f02_skip_whitespace,candidate_benchmark_function,sealed_test,data/v2/sealed_test/p17_json_tokenizer/p17_json_tokenizer.c,data/v2/sealed_test/p17_json_tokenizer/p17_json_tokenizer.h,true,newly_authored_dataset_v2
p17,p17_json_tokenizer,3,p17_f03_parse_string,candidate_benchmark_function,sealed_test,data/v2/sealed_test/p17_json_tokenizer/p17_json_tokenizer.c,data/v2/sealed_test/p17_json_tokenizer/p17_json_tokenizer.h,true,newly_authored_dataset_v2
p17,p17_json_tokenizer,4,p17_f04_parse_number,candidate_benchmark_function,sealed_test,data/v2/sealed_test/p17_json_tokenizer/p17_json_tokenizer.c,data/v2/sealed_test/p17_json_tokenizer/p17_json_tokenizer.h,true,newly_authored_dataset_v2
p17,p17_json_tokenizer,5,p17_f05_parse_literal,candidate_benchmark_function,sealed_test,data/v2/sealed_test/p17_json_tokenizer/p17_json_tokenizer.c,data/v2/sealed_test/p17_json_tokenizer/p17_json_tokenizer.h,true,newly_authored_dataset_v2
p17,p17_json_tokenizer,6,p17_f06_next_token,candidate_benchmark_function,sealed_test,data/v2/sealed_test/p17_json_tokenizer/p17_json_tokenizer.c,data/v2/sealed_test/p17_json_tokenizer/p17_json_tokenizer.h,true,newly_authored_dataset_v2
p17,p17_json_tokenizer,7,p17_f07_peek_token,candidate_benchmark_function,sealed_test,data/v2/sealed_test/p17_json_tokenizer/p17_json_tokenizer.c,data/v2/sealed_test/p17_json_tokenizer/p17_json_tokenizer.h,true,newly_authored_dataset_v2
p17,p17_json_tokenizer,8,p17_f08_consume_expected,candidate_benchmark_function,sealed_test,data/v2/sealed_test/p17_json_tokenizer/p17_json_tokenizer.c,data/v2/sealed_test/p17_json_tokenizer/p17_json_tokenizer.h,true,newly_authored_dataset_v2
p17,p17_json_tokenizer,9,p17_f09_validate_brackets,candidate_benchmark_function,sealed_test,data/v2/sealed_test/p17_json_tokenizer/p17_json_tokenizer.c,data/v2/sealed_test/p17_json_tokenizer/p17_json_tokenizer.h,true,newly_authored_dataset_v2
p17,p17_json_tokenizer,10,p17_f10_minify_json,candidate_benchmark_function,sealed_test,data/v2/sealed_test/p17_json_tokenizer/p17_json_tokenizer.c,data/v2/sealed_test/p17_json_tokenizer/p17_json_tokenizer.h,true,newly_authored_dataset_v2
p17,p17_json_tokenizer,11,p17_f11_count_tokens_by_type,candidate_benchmark_function,sealed_test,data/v2/sealed_test/p17_json_tokenizer/p17_json_tokenizer.c,data/v2/sealed_test/p17_json_tokenizer/p17_json_tokenizer.h,true,newly_authored_dataset_v2
p17,p17_json_tokenizer,12,p17_f12_find_key_in_object,candidate_benchmark_function,sealed_test,data/v2/sealed_test/p17_json_tokenizer/p17_json_tokenizer.c,data/v2/sealed_test/p17_json_tokenizer/p17_json_tokenizer.h,true,newly_authored_dataset_v2
p17,p17_json_tokenizer,13,p17_f13_extract_string_value,candidate_benchmark_function,sealed_test,data/v2/sealed_test/p17_json_tokenizer/p17_json_tokenizer.c,data/v2/sealed_test/p17_json_tokenizer/p17_json_tokenizer.h,true,newly_authored_dataset_v2
p17,p17_json_tokenizer,14,p17_f14_is_valid_number,candidate_benchmark_function,sealed_test,data/v2/sealed_test/p17_json_tokenizer/p17_json_tokenizer.c,data/v2/sealed_test/p17_json_tokenizer/p17_json_tokenizer.h,true,newly_authored_dataset_v2
p17,p17_json_tokenizer,15,p17_f15_parse_integer,candidate_benchmark_function,sealed_test,data/v2/sealed_test/p17_json_tokenizer/p17_json_tokenizer.c,data/v2/sealed_test/p17_json_tokenizer/p17_json_tokenizer.h,true,newly_authored_dataset_v2
p17,p17_json_tokenizer,16,p17_f16_tok_reset,candidate_benchmark_function,sealed_test,data/v2/sealed_test/p17_json_tokenizer/p17_json_tokenizer.c,data/v2/sealed_test/p17_json_tokenizer/p17_json_tokenizer.h,true,newly_authored_dataset_v2
p18,p18_stats_vector,1,p18_f01_vec_mean,candidate_benchmark_function,sealed_test,data/v2/sealed_test/p18_stats_vector/p18_stats_vector.c,data/v2/sealed_test/p18_stats_vector/p18_stats_vector.h,true,newly_authored_dataset_v2
p18,p18_stats_vector,2,p18_f02_vec_variance,candidate_benchmark_function,sealed_test,data/v2/sealed_test/p18_stats_vector/p18_stats_vector.c,data/v2/sealed_test/p18_stats_vector/p18_stats_vector.h,true,newly_authored_dataset_v2
p18,p18_stats_vector,3,p18_f03_vec_stddev,candidate_benchmark_function,sealed_test,data/v2/sealed_test/p18_stats_vector/p18_stats_vector.c,data/v2/sealed_test/p18_stats_vector/p18_stats_vector.h,true,newly_authored_dataset_v2
p18,p18_stats_vector,4,p18_f04_vec_min_max,candidate_benchmark_function,sealed_test,data/v2/sealed_test/p18_stats_vector/p18_stats_vector.c,data/v2/sealed_test/p18_stats_vector/p18_stats_vector.h,true,newly_authored_dataset_v2
p18,p18_stats_vector,5,p18_f05_vec_dot_product,candidate_benchmark_function,sealed_test,data/v2/sealed_test/p18_stats_vector/p18_stats_vector.c,data/v2/sealed_test/p18_stats_vector/p18_stats_vector.h,true,newly_authored_dataset_v2
p18,p18_stats_vector,6,p18_f06_vec_l1_norm,candidate_benchmark_function,sealed_test,data/v2/sealed_test/p18_stats_vector/p18_stats_vector.c,data/v2/sealed_test/p18_stats_vector/p18_stats_vector.h,true,newly_authored_dataset_v2
p18,p18_stats_vector,7,p18_f07_vec_l2_norm,candidate_benchmark_function,sealed_test,data/v2/sealed_test/p18_stats_vector/p18_stats_vector.c,data/v2/sealed_test/p18_stats_vector/p18_stats_vector.h,true,newly_authored_dataset_v2
p18,p18_stats_vector,8,p18_f08_vec_cosine_similarity,candidate_benchmark_function,sealed_test,data/v2/sealed_test/p18_stats_vector/p18_stats_vector.c,data/v2/sealed_test/p18_stats_vector/p18_stats_vector.h,true,newly_authored_dataset_v2
p18,p18_stats_vector,9,p18_f09_vec_normalize,candidate_benchmark_function,sealed_test,data/v2/sealed_test/p18_stats_vector/p18_stats_vector.c,data/v2/sealed_test/p18_stats_vector/p18_stats_vector.h,true,newly_authored_dataset_v2
p18,p18_stats_vector,10,p18_f10_vec_pearson_corr,candidate_benchmark_function,sealed_test,data/v2/sealed_test/p18_stats_vector/p18_stats_vector.c,data/v2/sealed_test/p18_stats_vector/p18_stats_vector.h,true,newly_authored_dataset_v2
p18,p18_stats_vector,11,p18_f11_vec_z_score,candidate_benchmark_function,sealed_test,data/v2/sealed_test/p18_stats_vector/p18_stats_vector.c,data/v2/sealed_test/p18_stats_vector/p18_stats_vector.h,true,newly_authored_dataset_v2
p18,p18_stats_vector,12,p18_f12_vec_histogram,candidate_benchmark_function,sealed_test,data/v2/sealed_test/p18_stats_vector/p18_stats_vector.c,data/v2/sealed_test/p18_stats_vector/p18_stats_vector.h,true,newly_authored_dataset_v2
p18,p18_stats_vector,13,p18_f13_vec_median,candidate_benchmark_function,sealed_test,data/v2/sealed_test/p18_stats_vector/p18_stats_vector.c,data/v2/sealed_test/p18_stats_vector/p18_stats_vector.h,true,newly_authored_dataset_v2
p18,p18_stats_vector,14,p18_f14_vec_quantile,candidate_benchmark_function,sealed_test,data/v2/sealed_test/p18_stats_vector/p18_stats_vector.c,data/v2/sealed_test/p18_stats_vector/p18_stats_vector.h,true,newly_authored_dataset_v2
p18,p18_stats_vector,15,p18_f15_vec_covariance,candidate_benchmark_function,sealed_test,data/v2/sealed_test/p18_stats_vector/p18_stats_vector.c,data/v2/sealed_test/p18_stats_vector/p18_stats_vector.h,true,newly_authored_dataset_v2
p18,p18_stats_vector,16,p18_f16_vec_scale_add,candidate_benchmark_function,sealed_test,data/v2/sealed_test/p18_stats_vector/p18_stats_vector.c,data/v2/sealed_test/p18_stats_vector/p18_stats_vector.h,true,newly_authored_dataset_v2
p19,p19_shortest_path,1,p19_f01_sp_init,candidate_benchmark_function,sealed_test,data/v2/sealed_test/p19_shortest_path/p19_shortest_path.c,data/v2/sealed_test/p19_shortest_path/p19_shortest_path.h,true,newly_authored_dataset_v2
p19,p19_shortest_path,2,p19_f02_sp_add_edge,candidate_benchmark_function,sealed_test,data/v2/sealed_test/p19_shortest_path/p19_shortest_path.c,data/v2/sealed_test/p19_shortest_path/p19_shortest_path.h,true,newly_authored_dataset_v2
p19,p19_shortest_path,3,p19_f03_dijkstra,candidate_benchmark_function,sealed_test,data/v2/sealed_test/p19_shortest_path/p19_shortest_path.c,data/v2/sealed_test/p19_shortest_path/p19_shortest_path.h,true,newly_authored_dataset_v2
p19,p19_shortest_path,4,p19_f04_bellman_ford,candidate_benchmark_function,sealed_test,data/v2/sealed_test/p19_shortest_path/p19_shortest_path.c,data/v2/sealed_test/p19_shortest_path/p19_shortest_path.h,true,newly_authored_dataset_v2
p19,p19_shortest_path,5,p19_f05_floyd_warshall,candidate_benchmark_function,sealed_test,data/v2/sealed_test/p19_shortest_path/p19_shortest_path.c,data/v2/sealed_test/p19_shortest_path/p19_shortest_path.h,true,newly_authored_dataset_v2
p19,p19_shortest_path,6,p19_f06_reconstruct_path,candidate_benchmark_function,sealed_test,data/v2/sealed_test/p19_shortest_path/p19_shortest_path.c,data/v2/sealed_test/p19_shortest_path/p19_shortest_path.h,true,newly_authored_dataset_v2
p19,p19_shortest_path,7,p19_f07_has_negative_cycle,candidate_benchmark_function,sealed_test,data/v2/sealed_test/p19_shortest_path/p19_shortest_path.c,data/v2/sealed_test/p19_shortest_path/p19_shortest_path.h,true,newly_authored_dataset_v2
p19,p19_shortest_path,8,p19_f08_bidirectional_dijkstra,candidate_benchmark_function,sealed_test,data/v2/sealed_test/p19_shortest_path/p19_shortest_path.c,data/v2/sealed_test/p19_shortest_path/p19_shortest_path.h,true,newly_authored_dataset_v2
p19,p19_shortest_path,9,p19_f09_prim_mst,candidate_benchmark_function,sealed_test,data/v2/sealed_test/p19_shortest_path/p19_shortest_path.c,data/v2/sealed_test/p19_shortest_path/p19_shortest_path.h,true,newly_authored_dataset_v2
p19,p19_shortest_path,10,p19_f10_kruskal_mst,candidate_benchmark_function,sealed_test,data/v2/sealed_test/p19_shortest_path/p19_shortest_path.c,data/v2/sealed_test/p19_shortest_path/p19_shortest_path.h,true,newly_authored_dataset_v2
p19,p19_shortest_path,11,p19_f11_eccentricity,candidate_benchmark_function,sealed_test,data/v2/sealed_test/p19_shortest_path/p19_shortest_path.c,data/v2/sealed_test/p19_shortest_path/p19_shortest_path.h,true,newly_authored_dataset_v2
p19,p19_shortest_path,12,p19_f12_graph_diameter,candidate_benchmark_function,sealed_test,data/v2/sealed_test/p19_shortest_path/p19_shortest_path.c,data/v2/sealed_test/p19_shortest_path/p19_shortest_path.h,true,newly_authored_dataset_v2
p19,p19_shortest_path,13,p19_f13_graph_radius,candidate_benchmark_function,sealed_test,data/v2/sealed_test/p19_shortest_path/p19_shortest_path.c,data/v2/sealed_test/p19_shortest_path/p19_shortest_path.h,true,newly_authored_dataset_v2
p19,p19_shortest_path,14,p19_f14_count_connected_components,candidate_benchmark_function,sealed_test,data/v2/sealed_test/p19_shortest_path/p19_shortest_path.c,data/v2/sealed_test/p19_shortest_path/p19_shortest_path.h,true,newly_authored_dataset_v2
p19,p19_shortest_path,15,p19_f15_is_bipartite,candidate_benchmark_function,sealed_test,data/v2/sealed_test/p19_shortest_path/p19_shortest_path.c,data/v2/sealed_test/p19_shortest_path/p19_shortest_path.h,true,newly_authored_dataset_v2
p19,p19_shortest_path,16,p19_f16_sp_clear,candidate_benchmark_function,sealed_test,data/v2/sealed_test/p19_shortest_path/p19_shortest_path.c,data/v2/sealed_test/p19_shortest_path/p19_shortest_path.h,true,newly_authored_dataset_v2
p20,p20_ring_frame,1,p20_f01_ring_init,candidate_benchmark_function,sealed_test,data/v2/sealed_test/p20_ring_frame/p20_ring_frame.c,data/v2/sealed_test/p20_ring_frame/p20_ring_frame.h,true,newly_authored_dataset_v2
p20,p20_ring_frame,2,p20_f02_ring_is_empty,candidate_benchmark_function,sealed_test,data/v2/sealed_test/p20_ring_frame/p20_ring_frame.c,data/v2/sealed_test/p20_ring_frame/p20_ring_frame.h,true,newly_authored_dataset_v2
p20,p20_ring_frame,3,p20_f03_ring_is_full,candidate_benchmark_function,sealed_test,data/v2/sealed_test/p20_ring_frame/p20_ring_frame.c,data/v2/sealed_test/p20_ring_frame/p20_ring_frame.h,true,newly_authored_dataset_v2
p20,p20_ring_frame,4,p20_f04_ring_available,candidate_benchmark_function,sealed_test,data/v2/sealed_test/p20_ring_frame/p20_ring_frame.c,data/v2/sealed_test/p20_ring_frame/p20_ring_frame.h,true,newly_authored_dataset_v2
p20,p20_ring_frame,5,p20_f05_ring_free_space,candidate_benchmark_function,sealed_test,data/v2/sealed_test/p20_ring_frame/p20_ring_frame.c,data/v2/sealed_test/p20_ring_frame/p20_ring_frame.h,true,newly_authored_dataset_v2
p20,p20_ring_frame,6,p20_f06_ring_write_byte,candidate_benchmark_function,sealed_test,data/v2/sealed_test/p20_ring_frame/p20_ring_frame.c,data/v2/sealed_test/p20_ring_frame/p20_ring_frame.h,true,newly_authored_dataset_v2
p20,p20_ring_frame,7,p20_f07_ring_read_byte,candidate_benchmark_function,sealed_test,data/v2/sealed_test/p20_ring_frame/p20_ring_frame.c,data/v2/sealed_test/p20_ring_frame/p20_ring_frame.h,true,newly_authored_dataset_v2
p20,p20_ring_frame,8,p20_f08_ring_write_slice,candidate_benchmark_function,sealed_test,data/v2/sealed_test/p20_ring_frame/p20_ring_frame.c,data/v2/sealed_test/p20_ring_frame/p20_ring_frame.h,true,newly_authored_dataset_v2
p20,p20_ring_frame,9,p20_f09_ring_read_slice,candidate_benchmark_function,sealed_test,data/v2/sealed_test/p20_ring_frame/p20_ring_frame.c,data/v2/sealed_test/p20_ring_frame/p20_ring_frame.h,true,newly_authored_dataset_v2
p20,p20_ring_frame,10,p20_f10_ring_peek_byte,candidate_benchmark_function,sealed_test,data/v2/sealed_test/p20_ring_frame/p20_ring_frame.c,data/v2/sealed_test/p20_ring_frame/p20_ring_frame.h,true,newly_authored_dataset_v2
p20,p20_ring_frame,11,p20_f11_ring_discard,candidate_benchmark_function,sealed_test,data/v2/sealed_test/p20_ring_frame/p20_ring_frame.c,data/v2/sealed_test/p20_ring_frame/p20_ring_frame.h,true,newly_authored_dataset_v2
p20,p20_ring_frame,12,p20_f12_ring_find_marker,candidate_benchmark_function,sealed_test,data/v2/sealed_test/p20_ring_frame/p20_ring_frame.c,data/v2/sealed_test/p20_ring_frame/p20_ring_frame.h,true,newly_authored_dataset_v2
p20,p20_ring_frame,13,p20_f13_ring_linearize,candidate_benchmark_function,sealed_test,data/v2/sealed_test/p20_ring_frame/p20_ring_frame.c,data/v2/sealed_test/p20_ring_frame/p20_ring_frame.h,true,newly_authored_dataset_v2
p20,p20_ring_frame,14,p20_f14_ring_high_watermark,candidate_benchmark_function,sealed_test,data/v2/sealed_test/p20_ring_frame/p20_ring_frame.c,data/v2/sealed_test/p20_ring_frame/p20_ring_frame.h,true,newly_authored_dataset_v2
p20,p20_ring_frame,15,p20_f15_ring_checksum,candidate_benchmark_function,sealed_test,data/v2/sealed_test/p20_ring_frame/p20_ring_frame.c,data/v2/sealed_test/p20_ring_frame/p20_ring_frame.h,true,newly_authored_dataset_v2
p20,p20_ring_frame,16,p20_f16_ring_clear,candidate_benchmark_function,sealed_test,data/v2/sealed_test/p20_ring_frame/p20_ring_frame.c,data/v2/sealed_test/p20_ring_frame/p20_ring_frame.h,true,newly_authored_dataset_v2
p21,p21_circular_log,1,p21_f01_log_init,candidate_benchmark_function,sealed_test,data/v2/sealed_test/p21_circular_log/p21_circular_log.c,data/v2/sealed_test/p21_circular_log/p21_circular_log.h,true,newly_authored_dataset_v2
p21,p21_circular_log,2,p21_f02_log_append,candidate_benchmark_function,sealed_test,data/v2/sealed_test/p21_circular_log/p21_circular_log.c,data/v2/sealed_test/p21_circular_log/p21_circular_log.h,true,newly_authored_dataset_v2
p21,p21_circular_log,3,p21_f03_log_get_by_seq,candidate_benchmark_function,sealed_test,data/v2/sealed_test/p21_circular_log/p21_circular_log.c,data/v2/sealed_test/p21_circular_log/p21_circular_log.h,true,newly_authored_dataset_v2
p21,p21_circular_log,4,p21_f04_log_get_latest,candidate_benchmark_function,sealed_test,data/v2/sealed_test/p21_circular_log/p21_circular_log.c,data/v2/sealed_test/p21_circular_log/p21_circular_log.h,true,newly_authored_dataset_v2
p21,p21_circular_log,5,p21_f05_log_get_oldest,candidate_benchmark_function,sealed_test,data/v2/sealed_test/p21_circular_log/p21_circular_log.c,data/v2/sealed_test/p21_circular_log/p21_circular_log.h,true,newly_authored_dataset_v2
p21,p21_circular_log,6,p21_f06_log_count,candidate_benchmark_function,sealed_test,data/v2/sealed_test/p21_circular_log/p21_circular_log.c,data/v2/sealed_test/p21_circular_log/p21_circular_log.h,true,newly_authored_dataset_v2
p21,p21_circular_log,7,p21_f07_log_filter_level,candidate_benchmark_function,sealed_test,data/v2/sealed_test/p21_circular_log/p21_circular_log.c,data/v2/sealed_test/p21_circular_log/p21_circular_log.h,true,newly_authored_dataset_v2
p21,p21_circular_log,8,p21_f08_log_search_substring,candidate_benchmark_function,sealed_test,data/v2/sealed_test/p21_circular_log/p21_circular_log.c,data/v2/sealed_test/p21_circular_log/p21_circular_log.h,true,newly_authored_dataset_v2
p21,p21_circular_log,9,p21_f09_log_checksum,candidate_benchmark_function,sealed_test,data/v2/sealed_test/p21_circular_log/p21_circular_log.c,data/v2/sealed_test/p21_circular_log/p21_circular_log.h,true,newly_authored_dataset_v2
p21,p21_circular_log,10,p21_f10_log_verify_checksum,candidate_benchmark_function,sealed_test,data/v2/sealed_test/p21_circular_log/p21_circular_log.c,data/v2/sealed_test/p21_circular_log/p21_circular_log.h,true,newly_authored_dataset_v2
p21,p21_circular_log,11,p21_f11_rle_compress,candidate_benchmark_function,sealed_test,data/v2/sealed_test/p21_circular_log/p21_circular_log.c,data/v2/sealed_test/p21_circular_log/p21_circular_log.h,true,newly_authored_dataset_v2
p21,p21_circular_log,12,p21_f12_rle_decompress,candidate_benchmark_function,sealed_test,data/v2/sealed_test/p21_circular_log/p21_circular_log.c,data/v2/sealed_test/p21_circular_log/p21_circular_log.h,true,newly_authored_dataset_v2
p21,p21_circular_log,13,p21_f13_log_filter_timestamp,candidate_benchmark_function,sealed_test,data/v2/sealed_test/p21_circular_log/p21_circular_log.c,data/v2/sealed_test/p21_circular_log/p21_circular_log.h,true,newly_authored_dataset_v2
p21,p21_circular_log,14,p21_f14_log_truncate_older,candidate_benchmark_function,sealed_test,data/v2/sealed_test/p21_circular_log/p21_circular_log.c,data/v2/sealed_test/p21_circular_log/p21_circular_log.h,true,newly_authored_dataset_v2
p21,p21_circular_log,15,p21_f15_log_export_stats,candidate_benchmark_function,sealed_test,data/v2/sealed_test/p21_circular_log/p21_circular_log.c,data/v2/sealed_test/p21_circular_log/p21_circular_log.h,true,newly_authored_dataset_v2
p21,p21_circular_log,16,p21_f16_log_clear,candidate_benchmark_function,sealed_test,data/v2/sealed_test/p21_circular_log/p21_circular_log.c,data/v2/sealed_test/p21_circular_log/p21_circular_log.h,true,newly_authored_dataset_v2
