program_id,split,function_id,source_symbol,candidate_function,extraction_success,basic_block_count,instruction_count_total,prologue_instruction_count,epilogue_instruction_count,prologue_instruction_indices,epilogue_instruction_indices,instruction_count_eligible,prologue_epilogue_rule_version,eligibility_pass,eligibility_failure_reason,canonical_reference_binary,canonical_reference_binary_sha256
p01,train,p01_f01_crc8_smbus,p01_f01_crc8_smbus,p01_f01_crc8_smbus,True,15,48,1,2,[0],"[46, 47]",45,ARM64_BOUNDARY_V1,True,NONE,data/v2/reference_builds/p01_crc_fletcher/p01_crc_fletcher_ref,e01f39049f07fd77b6f9573613419b24d869a0b020b1cbb86cc2e60c17a5cbe0
p01,train,p01_f02_crc8_cdma,p01_f02_crc8_cdma,p01_f02_crc8_cdma,True,15,50,1,2,[0],"[48, 49]",47,ARM64_BOUNDARY_V1,True,NONE,data/v2/reference_builds/p01_crc_fletcher/p01_crc_fletcher_ref,e01f39049f07fd77b6f9573613419b24d869a0b020b1cbb86cc2e60c17a5cbe0
p01,train,p01_f03_crc16_ccitt,p01_f03_crc16_ccitt,p01_f03_crc16_ccitt,True,15,49,1,2,[0],"[47, 48]",46,ARM64_BOUNDARY_V1,True,NONE,data/v2/reference_builds/p01_crc_fletcher/p01_crc_fletcher_ref,e01f39049f07fd77b6f9573613419b24d869a0b020b1cbb86cc2e60c17a5cbe0
p01,train,p01_f04_crc16_modbus,p01_f04_crc16_modbus,p01_f04_crc16_modbus,True,15,49,1,2,[0],"[47, 48]",46,ARM64_BOUNDARY_V1,True,NONE,data/v2/reference_builds/p01_crc_fletcher/p01_crc_fletcher_ref,e01f39049f07fd77b6f9573613419b24d869a0b020b1cbb86cc2e60c17a5cbe0
p01,train,p01_f05_crc32_ieee,p01_f05_crc32_ieee,p01_f05_crc32_ieee,True,15,51,1,2,[0],"[49, 50]",48,ARM64_BOUNDARY_V1,True,NONE,data/v2/reference_builds/p01_crc_fletcher/p01_crc_fletcher_ref,e01f39049f07fd77b6f9573613419b24d869a0b020b1cbb86cc2e60c17a5cbe0
p01,train,p01_f06_crc32_table_driven,p01_f06_crc32_table_driven,p01_f06_crc32_table_driven,True,23,95,4,4,"[0, 1, 2, 3]","[91, 92, 93, 94]",87,ARM64_BOUNDARY_V1,True,NONE,data/v2/reference_builds/p01_crc_fletcher/p01_crc_fletcher_ref,e01f39049f07fd77b6f9573613419b24d869a0b020b1cbb86cc2e60c17a5cbe0
p01,train,p01_f07_fletcher16,p01_f07_fletcher16,p01_f07_fletcher16,True,6,40,1,2,[0],"[38, 39]",37,ARM64_BOUNDARY_V1,True,NONE,data/v2/reference_builds/p01_crc_fletcher/p01_crc_fletcher_ref,e01f39049f07fd77b6f9573613419b24d869a0b020b1cbb86cc2e60c17a5cbe0
p01,train,p01_f08_fletcher32,p01_f08_fletcher32,p01_f08_fletcher32,True,6,39,1,2,[0],"[37, 38]",36,ARM64_BOUNDARY_V1,True,NONE,data/v2/reference_builds/p01_crc_fletcher/p01_crc_fletcher_ref,e01f39049f07fd77b6f9573613419b24d869a0b020b1cbb86cc2e60c17a5cbe0
p01,train,p01_f09_bsd_checksum,p01_f09_bsd_checksum,p01_f09_bsd_checksum,True,6,31,1,2,[0],"[29, 30]",28,ARM64_BOUNDARY_V1,True,NONE,data/v2/reference_builds/p01_crc_fletcher/p01_crc_fletcher_ref,e01f39049f07fd77b6f9573613419b24d869a0b020b1cbb86cc2e60c17a5cbe0
p01,train,p01_f10_sysv_checksum,p01_f10_sysv_checksum,p01_f10_sysv_checksum,True,6,32,1,2,[0],"[30, 31]",29,ARM64_BOUNDARY_V1,True,NONE,data/v2/reference_builds/p01_crc_fletcher/p01_crc_fletcher_ref,e01f39049f07fd77b6f9573613419b24d869a0b020b1cbb86cc2e60c17a5cbe0
p01,train,p01_f11_luhn_validate,p01_f11_luhn_validate,p01_f11_luhn_validate,True,28,92,1,2,[0],"[90, 91]",89,ARM64_BOUNDARY_V1,True,NONE,data/v2/reference_builds/p01_crc_fletcher/p01_crc_fletcher_ref,e01f39049f07fd77b6f9573613419b24d869a0b020b1cbb86cc2e60c17a5cbe0
p01,train,p01_f12_xor8_block,p01_f12_xor8_block,p01_f12_xor8_block,True,6,29,1,2,[0],"[27, 28]",26,ARM64_BOUNDARY_V1,True,NONE,data/v2/reference_builds/p01_crc_fletcher/p01_crc_fletcher_ref,e01f39049f07fd77b6f9573613419b24d869a0b020b1cbb86cc2e60c17a5cbe0
p01,train,p01_f13_internet_checksum,p01_f13_internet_checksum,p01_f13_internet_checksum,True,12,56,1,2,[0],"[54, 55]",53,ARM64_BOUNDARY_V1,True,NONE,data/v2/reference_builds/p01_crc_fletcher/p01_crc_fletcher_ref,e01f39049f07fd77b6f9573613419b24d869a0b020b1cbb86cc2e60c17a5cbe0
p01,train,p01_f14_adler16_simple,p01_f14_adler16_simple,p01_f14_adler16_simple,True,6,41,1,2,[0],"[39, 40]",38,ARM64_BOUNDARY_V1,True,NONE,data/v2/reference_builds/p01_crc_fletcher/p01_crc_fletcher_ref,e01f39049f07fd77b6f9573613419b24d869a0b020b1cbb86cc2e60c17a5cbe0
p01,train,p01_f15_pearson_hash8,p01_f15_pearson_hash8,p01_f15_pearson_hash8,True,6,31,1,2,[0],"[29, 30]",28,ARM64_BOUNDARY_V1,True,NONE,data/v2/reference_builds/p01_crc_fletcher/p01_crc_fletcher_ref,e01f39049f07fd77b6f9573613419b24d869a0b020b1cbb86cc2e60c17a5cbe0
p01,train,p01_f16_checksum_combine,p01_f16_checksum_combine,p01_f16_checksum_combine,True,1,26,1,2,[0],"[24, 25]",23,ARM64_BOUNDARY_V1,True,NONE,data/v2/reference_builds/p01_crc_fletcher/p01_crc_fletcher_ref,e01f39049f07fd77b6f9573613419b24d869a0b020b1cbb86cc2e60c17a5cbe0
p02,train,p02_f01_heap_init,p02_f01_heap_init,p02_f01_heap_init,True,9,28,1,2,[0],"[26, 27]",25,ARM64_BOUNDARY_V1,True,NONE,data/v2/reference_builds/p02_binary_heap/p02_binary_heap_ref,8cda051786fdf96e61f93edffd609a35580756f1f4ea800fd5d62e5107daaf47
p02,train,p02_f02_heap_sift_up,p02_f02_heap_sift_up,p02_f02_heap_sift_up,True,14,53,1,2,[0],"[51, 52]",50,ARM64_BOUNDARY_V1,True,NONE,data/v2/reference_builds/p02_binary_heap/p02_binary_heap_ref,8cda051786fdf96e61f93edffd609a35580756f1f4ea800fd5d62e5107daaf47
p02,train,p02_f03_heap_sift_down,p02_f03_heap_sift_down,p02_f03_heap_sift_down,True,20,81,1,2,[0],"[79, 80]",78,ARM64_BOUNDARY_V1,True,NONE,data/v2/reference_builds/p02_binary_heap/p02_binary_heap_ref,8cda051786fdf96e61f93edffd609a35580756f1f4ea800fd5d62e5107daaf47
p02,train,p02_f04_heap_push,p02_f04_heap_push,p02_f04_heap_push,True,7,44,3,3,"[0, 1, 2]","[41, 42, 43]",38,ARM64_BOUNDARY_V1,True,NONE,data/v2/reference_builds/p02_binary_heap/p02_binary_heap_ref,8cda051786fdf96e61f93edffd609a35580756f1f4ea800fd5d62e5107daaf47
p02,train,p02_f05_heap_pop_min,p02_f05_heap_pop_min,p02_f05_heap_pop_min,True,13,55,3,3,"[0, 1, 2]","[52, 53, 54]",49,ARM64_BOUNDARY_V1,True,NONE,data/v2/reference_builds/p02_binary_heap/p02_binary_heap_ref,8cda051786fdf96e61f93edffd609a35580756f1f4ea800fd5d62e5107daaf47
p02,train,p02_f06_heap_peek,p02_f06_heap_peek,p02_f06_heap_peek,True,10,32,1,2,[0],"[30, 31]",29,ARM64_BOUNDARY_V1,True,NONE,data/v2/reference_builds/p02_binary_heap/p02_binary_heap_ref,8cda051786fdf96e61f93edffd609a35580756f1f4ea800fd5d62e5107daaf47
p02,train,p02_f07_heapify_array,p02_f07_heapify_array,p02_f07_heapify_array,True,23,76,3,3,"[0, 1, 2]","[73, 74, 75]",70,ARM64_BOUNDARY_V1,True,NONE,data/v2/reference_builds/p02_binary_heap/p02_binary_heap_ref,8cda051786fdf96e61f93edffd609a35580756f1f4ea800fd5d62e5107daaf47
p02,train,p02_f08_heapsort_asc,p02_f08_heapsort_asc,p02_f08_heapsort_asc,True,11,48,4,4,"[0, 1, 2, 3]","[44, 45, 46, 47]",40,ARM64_BOUNDARY_V1,True,NONE,data/v2/reference_builds/p02_binary_heap/p02_binary_heap_ref,8cda051786fdf96e61f93edffd609a35580756f1f4ea800fd5d62e5107daaf47
p02,train,p02_f09_heap_replace,p02_f09_heap_replace,p02_f09_heap_replace,True,10,42,3,3,"[0, 1, 2]","[39, 40, 41]",36,ARM64_BOUNDARY_V1,True,NONE,data/v2/reference_builds/p02_binary_heap/p02_binary_heap_ref,8cda051786fdf96e61f93edffd609a35580756f1f4ea800fd5d62e5107daaf47
p02,train,p02_f10_heap_delete_at,p02_f10_heap_delete_at,p02_f10_heap_delete_at,True,10,54,3,3,"[0, 1, 2]","[51, 52, 53]",48,ARM64_BOUNDARY_V1,True,NONE,data/v2/reference_builds/p02_binary_heap/p02_binary_heap_ref,8cda051786fdf96e61f93edffd609a35580756f1f4ea800fd5d62e5107daaf47
p02,train,p02_f11_heap_increase_key,p02_f11_heap_increase_key,p02_f11_heap_increase_key,True,9,42,3,3,"[0, 1, 2]","[39, 40, 41]",36,ARM64_BOUNDARY_V1,True,NONE,data/v2/reference_builds/p02_binary_heap/p02_binary_heap_ref,8cda051786fdf96e61f93edffd609a35580756f1f4ea800fd5d62e5107daaf47
p02,train,p02_f12_heap_decrease_key,p02_f12_heap_decrease_key,p02_f12_heap_decrease_key,True,9,42,3,3,"[0, 1, 2]","[39, 40, 41]",36,ARM64_BOUNDARY_V1,True,NONE,data/v2/reference_builds/p02_binary_heap/p02_binary_heap_ref,8cda051786fdf96e61f93edffd609a35580756f1f4ea800fd5d62e5107daaf47
p02,train,p02_f13_heap_merge,p02_f13_heap_merge,p02_f13_heap_merge,True,20,81,3,3,"[0, 1, 2]","[78, 79, 80]",75,ARM64_BOUNDARY_V1,True,NONE,data/v2/reference_builds/p02_binary_heap/p02_binary_heap_ref,8cda051786fdf96e61f93edffd609a35580756f1f4ea800fd5d62e5107daaf47
p02,train,p02_f14_heap_is_valid,p02_f14_heap_is_valid,p02_f14_heap_is_valid,True,22,88,1,2,[0],"[86, 87]",85,ARM64_BOUNDARY_V1,True,NONE,data/v2/reference_builds/p02_binary_heap/p02_binary_heap_ref,8cda051786fdf96e61f93edffd609a35580756f1f4ea800fd5d62e5107daaf47
p02,train,p02_f15_heap_kth_smallest,p02_f15_heap_kth_smallest,p02_f15_heap_kth_smallest,True,16,51,4,4,"[0, 1, 2, 3]","[47, 48, 49, 50]",43,ARM64_BOUNDARY_V1,True,NONE,data/v2/reference_builds/p02_binary_heap/p02_binary_heap_ref,8cda051786fdf96e61f93edffd609a35580756f1f4ea800fd5d62e5107daaf47
p02,train,p02_f16_heap_clear,p02_f16_heap_clear,p02_f16_heap_clear,True,5,11,1,2,[0],"[9, 10]",8,ARM64_BOUNDARY_V1,True,NONE,data/v2/reference_builds/p02_binary_heap/p02_binary_heap_ref,8cda051786fdf96e61f93edffd609a35580756f1f4ea800fd5d62e5107daaf47
p03,train,p03_f01_str_trim,p03_f01_str_trim,p03_f01_str_trim,True,45,162,1,2,[0],"[160, 161]",159,ARM64_BOUNDARY_V1,True,NONE,data/v2/reference_builds/p03_string_token/p03_string_token_ref,4b1f732269ee585c994feaba564a81c11d1551e0539f03d674d7179fa5d31548
p03,train,p03_f02_str_split_delim,p03_f02_str_split_delim,p03_f02_str_split_delim,True,24,94,1,2,[0],"[92, 93]",91,ARM64_BOUNDARY_V1,True,NONE,data/v2/reference_builds/p03_string_token/p03_string_token_ref,4b1f732269ee585c994feaba564a81c11d1551e0539f03d674d7179fa5d31548
p03,train,p03_f03_str_join,p03_f03_str_join,p03_f03_str_join,True,24,95,1,2,[0],"[93, 94]",92,ARM64_BOUNDARY_V1,True,NONE,data/v2/reference_builds/p03_string_token/p03_string_token_ref,4b1f732269ee585c994feaba564a81c11d1551e0539f03d674d7179fa5d31548
p03,train,p03_f04_str_starts_with,p03_f04_str_starts_with,p03_f04_str_starts_with,True,14,49,1,2,[0],"[47, 48]",46,ARM64_BOUNDARY_V1,True,NONE,data/v2/reference_builds/p03_string_token/p03_string_token_ref,4b1f732269ee585c994feaba564a81c11d1551e0539f03d674d7179fa5d31548
p03,train,p03_f05_str_ends_with,p03_f05_str_ends_with,p03_f05_str_ends_with,True,26,89,1,2,[0],"[87, 88]",86,ARM64_BOUNDARY_V1,True,NONE,data/v2/reference_builds/p03_string_token/p03_string_token_ref,4b1f732269ee585c994feaba564a81c11d1551e0539f03d674d7179fa5d31548
p03,train,p03_f06_str_replace_char,p03_f06_str_replace_char,p03_f06_str_replace_char,True,13,45,1,2,[0],"[43, 44]",42,ARM64_BOUNDARY_V1,True,NONE,data/v2/reference_builds/p03_string_token/p03_string_token_ref,4b1f732269ee585c994feaba564a81c11d1551e0539f03d674d7179fa5d31548
p03,train,p03_f07_str_count_substr,p03_f07_str_count_substr,p03_f07_str_count_substr,True,28,89,1,2,[0],"[87, 88]",86,ARM64_BOUNDARY_V1,True,NONE,data/v2/reference_builds/p03_string_token/p03_string_token_ref,4b1f732269ee585c994feaba564a81c11d1551e0539f03d674d7179fa5d31548
p03,train,p03_f08_str_to_lower_ascii,p03_f08_str_to_lower_ascii,p03_f08_str_to_lower_ascii,True,14,41,1,2,[0],"[39, 40]",38,ARM64_BOUNDARY_V1,True,NONE,data/v2/reference_builds/p03_string_token/p03_string_token_ref,4b1f732269ee585c994feaba564a81c11d1551e0539f03d674d7179fa5d31548
p03,train,p03_f09_str_to_upper_ascii,p03_f09_str_to_upper_ascii,p03_f09_str_to_upper_ascii,True,14,41,1,2,[0],"[39, 40]",38,ARM64_BOUNDARY_V1,True,NONE,data/v2/reference_builds/p03_string_token/p03_string_token_ref,4b1f732269ee585c994feaba564a81c11d1551e0539f03d674d7179fa5d31548
p03,train,p03_f10_str_reverse,p03_f10_str_reverse,p03_f10_str_reverse,True,15,60,1,2,[0],"[58, 59]",57,ARM64_BOUNDARY_V1,True,NONE,data/v2/reference_builds/p03_string_token/p03_string_token_ref,4b1f732269ee585c994feaba564a81c11d1551e0539f03d674d7179fa5d31548
p03,train,p03_f11_str_levenshtein,p03_f11_str_levenshtein,p03_f11_str_levenshtein,True,52,221,3,5,"[0, 1, 2]","[216, 217, 218, 219, 220]",213,ARM64_BOUNDARY_V1,True,NONE,data/v2/reference_builds/p03_string_token/p03_string_token_ref,4b1f732269ee585c994feaba564a81c11d1551e0539f03d674d7179fa5d31548
p03,train,p03_f12_str_escape_c,p03_f12_str_escape_c,p03_f12_str_escape_c,True,29,121,1,2,[0],"[119, 120]",118,ARM64_BOUNDARY_V1,True,NONE,data/v2/reference_builds/p03_string_token/p03_string_token_ref,4b1f732269ee585c994feaba564a81c11d1551e0539f03d674d7179fa5d31548
p03,train,p03_f13_str_unescape_c,p03_f13_str_unescape_c,p03_f13_str_unescape_c,True,31,117,1,2,[0],"[115, 116]",114,ARM64_BOUNDARY_V1,True,NONE,data/v2/reference_builds/p03_string_token/p03_string_token_ref,4b1f732269ee585c994feaba564a81c11d1551e0539f03d674d7179fa5d31548
p03,train,p03_f14_str_parse_int,p03_f14_str_parse_int,p03_f14_str_parse_int,True,39,134,1,2,[0],"[132, 133]",131,ARM64_BOUNDARY_V1,True,NONE,data/v2/reference_builds/p03_string_token/p03_string_token_ref,4b1f732269ee585c994feaba564a81c11d1551e0539f03d674d7179fa5d31548
p03,train,p03_f15_str_format_hex,p03_f15_str_format_hex,p03_f15_str_format_hex,True,14,71,1,2,[0],"[69, 70]",68,ARM64_BOUNDARY_V1,True,NONE,data/v2/reference_builds/p03_string_token/p03_string_token_ref,4b1f732269ee585c994feaba564a81c11d1551e0539f03d674d7179fa5d31548
p03,train,p03_f16_str_parse_hex,p03_f16_str_parse_hex,p03_f16_str_parse_hex,True,63,197,1,2,[0],"[195, 196]",194,ARM64_BOUNDARY_V1,True,NONE,data/v2/reference_builds/p03_string_token/p03_string_token_ref,4b1f732269ee585c994feaba564a81c11d1551e0539f03d674d7179fa5d31548
p04,train,p04_f01_mat_init_zero,p04_f01_mat_init_zero,p04_f01_mat_init_zero,True,14,38,1,2,[0],"[36, 37]",35,ARM64_BOUNDARY_V1,True,NONE,data/v2/reference_builds/p04_matrix_linear/p04_matrix_linear_ref,4447c043347a078457cfa79abac202b534de4ae474ecb8f0b65410c91ee4925a
p04,train,p04_f02_mat_init_identity,p04_f02_mat_init_identity,p04_f02_mat_init_identity,True,14,43,1,2,[0],"[41, 42]",40,ARM64_BOUNDARY_V1,True,NONE,data/v2/reference_builds/p04_matrix_linear/p04_matrix_linear_ref,4447c043347a078457cfa79abac202b534de4ae474ecb8f0b65410c91ee4925a
p04,train,p04_f03_mat_add,p04_f03_mat_add,p04_f03_mat_add,True,18,58,1,2,[0],"[56, 57]",55,ARM64_BOUNDARY_V1,True,NONE,data/v2/reference_builds/p04_matrix_linear/p04_matrix_linear_ref,4447c043347a078457cfa79abac202b534de4ae474ecb8f0b65410c91ee4925a
p04,train,p04_f04_mat_sub,p04_f04_mat_sub,p04_f04_mat_sub,True,18,58,1,2,[0],"[56, 57]",55,ARM64_BOUNDARY_V1,True,NONE,data/v2/reference_builds/p04_matrix_linear/p04_matrix_linear_ref,4447c043347a078457cfa79abac202b534de4ae474ecb8f0b65410c91ee4925a
p04,train,p04_f05_mat_scale,p04_f05_mat_scale,p04_f05_mat_scale,True,16,50,1,2,[0],"[48, 49]",47,ARM64_BOUNDARY_V1,True,NONE,data/v2/reference_builds/p04_matrix_linear/p04_matrix_linear_ref,4447c043347a078457cfa79abac202b534de4ae474ecb8f0b65410c91ee4925a
p04,train,p04_f06_mat_transpose,p04_f06_mat_transpose,p04_f06_mat_transpose,True,17,55,3,3,"[0, 1, 2]","[52, 53, 54]",49,ARM64_BOUNDARY_V1,True,NONE,data/v2/reference_builds/p04_matrix_linear/p04_matrix_linear_ref,4447c043347a078457cfa79abac202b534de4ae474ecb8f0b65410c91ee4925a
p04,train,p04_f07_mat_mul,p04_f07_mat_mul,p04_f07_mat_mul,True,24,83,3,3,"[0, 1, 2]","[80, 81, 82]",77,ARM64_BOUNDARY_V1,True,NONE,data/v2/reference_builds/p04_matrix_linear/p04_matrix_linear_ref,4447c043347a078457cfa79abac202b534de4ae474ecb8f0b65410c91ee4925a
p04,train,p04_f08_mat_vec_mul,p04_f08_mat_vec_mul,p04_f08_mat_vec_mul,True,13,54,1,2,[0],"[52, 53]",51,ARM64_BOUNDARY_V1,True,NONE,data/v2/reference_builds/p04_matrix_linear/p04_matrix_linear_ref,4447c043347a078457cfa79abac202b534de4ae474ecb8f0b65410c91ee4925a
p04,train,p04_f09_mat_trace,p04_f09_mat_trace,p04_f09_mat_trace,True,5,21,1,2,[0],"[19, 20]",18,ARM64_BOUNDARY_V1,True,NONE,data/v2/reference_builds/p04_matrix_linear/p04_matrix_linear_ref,4447c043347a078457cfa79abac202b534de4ae474ecb8f0b65410c91ee4925a
p04,train,p04_f10_mat_det_2x2,p04_f10_mat_det_2x2,p04_f10_mat_det_2x2,True,1,13,1,2,[0],"[11, 12]",10,ARM64_BOUNDARY_V1,True,NONE,data/v2/reference_builds/p04_matrix_linear/p04_matrix_linear_ref,4447c043347a078457cfa79abac202b534de4ae474ecb8f0b65410c91ee4925a
p04,train,p04_f11_mat_det_3x3,p04_f11_mat_det_3x3,p04_f11_mat_det_3x3,True,5,69,3,3,"[0, 1, 2]","[66, 67, 68]",63,ARM64_BOUNDARY_V1,True,NONE,data/v2/reference_builds/p04_matrix_linear/p04_matrix_linear_ref,4447c043347a078457cfa79abac202b534de4ae474ecb8f0b65410c91ee4925a
p04,train,p04_f12_mat_frobenius_norm,p04_f12_mat_frobenius_norm,p04_f12_mat_frobenius_norm,True,15,55,1,2,[0],"[53, 54]",52,ARM64_BOUNDARY_V1,True,NONE,data/v2/reference_builds/p04_matrix_linear/p04_matrix_linear_ref,4447c043347a078457cfa79abac202b534de4ae474ecb8f0b65410c91ee4925a
p04,train,p04_f13_mat_is_symmetric,p04_f13_mat_is_symmetric,p04_f13_mat_is_symmetric,True,18,67,1,2,[0],"[65, 66]",64,ARM64_BOUNDARY_V1,True,NONE,data/v2/reference_builds/p04_matrix_linear/p04_matrix_linear_ref,4447c043347a078457cfa79abac202b534de4ae474ecb8f0b65410c91ee4925a
p04,train,p04_f14_mat_lu_decompose_3x3,p04_f14_mat_lu_decompose_3x3,p04_f14_mat_lu_decompose_3x3,True,41,200,3,3,"[0, 1, 2]","[197, 198, 199]",194,ARM64_BOUNDARY_V1,True,NONE,data/v2/reference_builds/p04_matrix_linear/p04_matrix_linear_ref,4447c043347a078457cfa79abac202b534de4ae474ecb8f0b65410c91ee4925a
p04,train,p04_f15_mat_solve_upper_tri,p04_f15_mat_solve_upper_tri,p04_f15_mat_solve_upper_tri,True,22,101,1,2,[0],"[99, 100]",98,ARM64_BOUNDARY_V1,True,NONE,data/v2/reference_builds/p04_matrix_linear/p04_matrix_linear_ref,4447c043347a078457cfa79abac202b534de4ae474ecb8f0b65410c91ee4925a
p04,train,p04_f16_mat_hadamard_product,p04_f16_mat_hadamard_product,p04_f16_mat_hadamard_product,True,18,58,1,2,[0],"[56, 57]",55,ARM64_BOUNDARY_V1,True,NONE,data/v2/reference_builds/p04_matrix_linear/p04_matrix_linear_ref,4447c043347a078457cfa79abac202b534de4ae474ecb8f0b65410c91ee4925a
p05,train,p05_f01_adj_init,p05_f01_adj_init,p05_f01_adj_init,True,18,50,1,2,[0],"[48, 49]",47,ARM64_BOUNDARY_V1,True,NONE,data/v2/reference_builds/p05_graph_traversal/p05_graph_traversal_ref,1c80f7cc5c543a165887727e9f9217e15bf0dbcf797f0fa57cd53a4eb0d0161a
p05,train,p05_f02_adj_add_edge,p05_f02_adj_add_edge,p05_f02_adj_add_edge,True,9,40,1,2,[0],"[38, 39]",37,ARM64_BOUNDARY_V1,True,NONE,data/v2/reference_builds/p05_graph_traversal/p05_graph_traversal_ref,1c80f7cc5c543a165887727e9f9217e15bf0dbcf797f0fa57cd53a4eb0d0161a
p05,train,p05_f03_adj_has_edge,p05_f03_adj_has_edge,p05_f03_adj_has_edge,True,9,39,1,2,[0],"[37, 38]",36,ARM64_BOUNDARY_V1,True,NONE,data/v2/reference_builds/p05_graph_traversal/p05_graph_traversal_ref,1c80f7cc5c543a165887727e9f9217e15bf0dbcf797f0fa57cd53a4eb0d0161a
p05,train,p05_f04_adj_in_degree,p05_f04_adj_in_degree,p05_f04_adj_in_degree,True,15,46,1,2,[0],"[44, 45]",43,ARM64_BOUNDARY_V1,True,NONE,data/v2/reference_builds/p05_graph_traversal/p05_graph_traversal_ref,1c80f7cc5c543a165887727e9f9217e15bf0dbcf797f0fa57cd53a4eb0d0161a
p05,train,p05_f05_adj_out_degree,p05_f05_adj_out_degree,p05_f05_adj_out_degree,True,15,46,1,2,[0],"[44, 45]",43,ARM64_BOUNDARY_V1,True,NONE,data/v2/reference_builds/p05_graph_traversal/p05_graph_traversal_ref,1c80f7cc5c543a165887727e9f9217e15bf0dbcf797f0fa57cd53a4eb0d0161a
p05,train,p05_f06_graph_bfs,p05_f06_graph_bfs,p05_f06_graph_bfs,True,31,131,4,4,"[0, 1, 2, 3]","[127, 128, 129, 130]",123,ARM64_BOUNDARY_V1,True,NONE,data/v2/reference_builds/p05_graph_traversal/p05_graph_traversal_ref,1c80f7cc5c543a165887727e9f9217e15bf0dbcf797f0fa57cd53a4eb0d0161a
p05,train,p05_f07_graph_dfs_iterative,p05_f07_graph_dfs_iterative,p05_f07_graph_dfs_iterative,True,34,134,4,4,"[0, 1, 2, 3]","[130, 131, 132, 133]",126,ARM64_BOUNDARY_V1,True,NONE,data/v2/reference_builds/p05_graph_traversal/p05_graph_traversal_ref,1c80f7cc5c543a165887727e9f9217e15bf0dbcf797f0fa57cd53a4eb0d0161a
p05,train,p05_f08_graph_has_cycle_directed,p05_f08_graph_has_cycle_directed,p05_f08_graph_has_cycle_directed,True,36,167,4,4,"[0, 1, 2, 3]","[163, 164, 165, 166]",159,ARM64_BOUNDARY_V1,True,NONE,data/v2/reference_builds/p05_graph_traversal/p05_graph_traversal_ref,1c80f7cc5c543a165887727e9f9217e15bf0dbcf797f0fa57cd53a4eb0d0161a
p05,train,p05_f09_graph_connected_components,p05_f09_graph_connected_components,p05_f09_graph_connected_components,True,39,144,3,3,"[0, 1, 2]","[141, 142, 143]",138,ARM64_BOUNDARY_V1,True,NONE,data/v2/reference_builds/p05_graph_traversal/p05_graph_traversal_ref,1c80f7cc5c543a165887727e9f9217e15bf0dbcf797f0fa57cd53a4eb0d0161a
p05,train,p05_f10_graph_bipartite_check,p05_f10_graph_bipartite_check,p05_f10_graph_bipartite_check,True,42,162,4,4,"[0, 1, 2, 3]","[158, 159, 160, 161]",154,ARM64_BOUNDARY_V1,True,NONE,data/v2/reference_builds/p05_graph_traversal/p05_graph_traversal_ref,1c80f7cc5c543a165887727e9f9217e15bf0dbcf797f0fa57cd53a4eb0d0161a
p05,train,p05_f11_graph_transitive_closure,p05_f11_graph_transitive_closure,p05_f11_graph_transitive_closure,True,40,140,1,2,[0],"[138, 139]",137,ARM64_BOUNDARY_V1,True,NONE,data/v2/reference_builds/p05_graph_traversal/p05_graph_traversal_ref,1c80f7cc5c543a165887727e9f9217e15bf0dbcf797f0fa57cd53a4eb0d0161a
p05,train,p05_f12_graph_density,p05_f12_graph_density,p05_f12_graph_density,True,20,68,1,2,[0],"[66, 67]",65,ARM64_BOUNDARY_V1,True,NONE,data/v2/reference_builds/p05_graph_traversal/p05_graph_traversal_ref,1c80f7cc5c543a165887727e9f9217e15bf0dbcf797f0fa57cd53a4eb0d0161a
p05,train,p05_f13_graph_isolate_count,p05_f13_graph_isolate_count,p05_f13_graph_isolate_count,True,15,44,3,3,"[0, 1, 2]","[41, 42, 43]",38,ARM64_BOUNDARY_V1,True,NONE,data/v2/reference_builds/p05_graph_traversal/p05_graph_traversal_ref,1c80f7cc5c543a165887727e9f9217e15bf0dbcf797f0fa57cd53a4eb0d0161a
p05,train,p05_f14_graph_eulerian_path_check,p05_f14_graph_eulerian_path_check,p05_f14_graph_eulerian_path_check,True,31,108,3,3,"[0, 1, 2]","[105, 106, 107]",102,ARM64_BOUNDARY_V1,True,NONE,data/v2/reference_builds/p05_graph_traversal/p05_graph_traversal_ref,1c80f7cc5c543a165887727e9f9217e15bf0dbcf797f0fa57cd53a4eb0d0161a
p05,train,p05_f15_graph_subgraph_induced,p05_f15_graph_subgraph_induced,p05_f15_graph_subgraph_induced,True,26,77,3,3,"[0, 1, 2]","[74, 75, 76]",71,ARM64_BOUNDARY_V1,True,NONE,data/v2/reference_builds/p05_graph_traversal/p05_graph_traversal_ref,1c80f7cc5c543a165887727e9f9217e15bf0dbcf797f0fa57cd53a4eb0d0161a
p05,train,p05_f16_graph_vertex_eccentricity,p05_f16_graph_vertex_eccentricity,p05_f16_graph_vertex_eccentricity,True,32,133,4,4,"[0, 1, 2, 3]","[129, 130, 131, 132]",125,ARM64_BOUNDARY_V1,True,NONE,data/v2/reference_builds/p05_graph_traversal/p05_graph_traversal_ref,1c80f7cc5c543a165887727e9f9217e15bf0dbcf797f0fa57cd53a4eb0d0161a
p06,train,p06_f01_tlv_encode_uint8,p06_f01_tlv_encode_uint8,p06_f01_tlv_encode_uint8,True,7,29,1,2,[0],"[27, 28]",26,ARM64_BOUNDARY_V1,True,NONE,data/v2/reference_builds/p06_packet_tlv/p06_packet_tlv_ref,ae55b1600c7c7dc025d4678f679c3df34b24c2223bbaea17bf75fd847ace2b5c
p06,train,p06_f02_tlv_encode_uint16,p06_f02_tlv_encode_uint16,p06_f02_tlv_encode_uint16,True,7,34,1,2,[0],"[32, 33]",31,ARM64_BOUNDARY_V1,True,NONE,data/v2/reference_builds/p06_packet_tlv/p06_packet_tlv_ref,ae55b1600c7c7dc025d4678f679c3df34b24c2223bbaea17bf75fd847ace2b5c
p06,train,p06_f03_tlv_encode_uint32,p06_f03_tlv_encode_uint32,p06_f03_tlv_encode_uint32,True,7,44,1,2,[0],"[42, 43]",41,ARM64_BOUNDARY_V1,True,NONE,data/v2/reference_builds/p06_packet_tlv/p06_packet_tlv_ref,ae55b1600c7c7dc025d4678f679c3df34b24c2223bbaea17bf75fd847ace2b5c
p06,train,p06_f04_tlv_encode_bytes,p06_f04_tlv_encode_bytes,p06_f04_tlv_encode_bytes,True,16,58,1,2,[0],"[56, 57]",55,ARM64_BOUNDARY_V1,True,NONE,data/v2/reference_builds/p06_packet_tlv/p06_packet_tlv_ref,ae55b1600c7c7dc025d4678f679c3df34b24c2223bbaea17bf75fd847ace2b5c
p06,train,p06_f05_tlv_decode_header,p06_f05_tlv_decode_header,p06_f05_tlv_decode_header,True,13,42,1,2,[0],"[40, 41]",39,ARM64_BOUNDARY_V1,True,NONE,data/v2/reference_builds/p06_packet_tlv/p06_packet_tlv_ref,ae55b1600c7c7dc025d4678f679c3df34b24c2223bbaea17bf75fd847ace2b5c
p06,train,p06_f06_tlv_decode_uint8,p06_f06_tlv_decode_uint8,p06_f06_tlv_decode_uint8,True,12,38,1,2,[0],"[36, 37]",35,ARM64_BOUNDARY_V1,True,NONE,data/v2/reference_builds/p06_packet_tlv/p06_packet_tlv_ref,ae55b1600c7c7dc025d4678f679c3df34b24c2223bbaea17bf75fd847ace2b5c
p06,train,p06_f07_tlv_decode_uint16,p06_f07_tlv_decode_uint16,p06_f07_tlv_decode_uint16,True,12,41,1,2,[0],"[39, 40]",38,ARM64_BOUNDARY_V1,True,NONE,data/v2/reference_builds/p06_packet_tlv/p06_packet_tlv_ref,ae55b1600c7c7dc025d4678f679c3df34b24c2223bbaea17bf75fd847ace2b5c
p06,train,p06_f08_tlv_decode_uint32,p06_f08_tlv_decode_uint32,p06_f08_tlv_decode_uint32,True,12,48,1,2,[0],"[46, 47]",45,ARM64_BOUNDARY_V1,True,NONE,data/v2/reference_builds/p06_packet_tlv/p06_packet_tlv_ref,ae55b1600c7c7dc025d4678f679c3df34b24c2223bbaea17bf75fd847ace2b5c
p06,train,p06_f09_tlv_find_tag,p06_f09_tlv_find_tag,p06_f09_tlv_find_tag,True,12,49,1,2,[0],"[47, 48]",46,ARM64_BOUNDARY_V1,True,NONE,data/v2/reference_builds/p06_packet_tlv/p06_packet_tlv_ref,ae55b1600c7c7dc025d4678f679c3df34b24c2223bbaea17bf75fd847ace2b5c
p06,train,p06_f10_tlv_count_tags,p06_f10_tlv_count_tags,p06_f10_tlv_count_tags,True,12,47,1,2,[0],"[45, 46]",44,ARM64_BOUNDARY_V1,True,NONE,data/v2/reference_builds/p06_packet_tlv/p06_packet_tlv_ref,ae55b1600c7c7dc025d4678f679c3df34b24c2223bbaea17bf75fd847ace2b5c
p06,train,p06_f11_tlv_validate_buffer,p06_f11_tlv_validate_buffer,p06_f11_tlv_validate_buffer,True,14,56,1,2,[0],"[54, 55]",53,ARM64_BOUNDARY_V1,True,NONE,data/v2/reference_builds/p06_packet_tlv/p06_packet_tlv_ref,ae55b1600c7c7dc025d4678f679c3df34b24c2223bbaea17bf75fd847ace2b5c
p06,train,p06_f12_packet_header_build,p06_f12_packet_header_build,p06_f12_packet_header_build,True,7,42,1,2,[0],"[40, 41]",39,ARM64_BOUNDARY_V1,True,NONE,data/v2/reference_builds/p06_packet_tlv/p06_packet_tlv_ref,ae55b1600c7c7dc025d4678f679c3df34b24c2223bbaea17bf75fd847ace2b5c
p06,train,p06_f13_packet_header_parse,p06_f13_packet_header_parse,p06_f13_packet_header_parse,True,18,63,1,2,[0],"[61, 62]",60,ARM64_BOUNDARY_V1,True,NONE,data/v2/reference_builds/p06_packet_tlv/p06_packet_tlv_ref,ae55b1600c7c7dc025d4678f679c3df34b24c2223bbaea17bf75fd847ace2b5c
p06,train,p06_f14_packet_payload_pad,p06_f14_packet_payload_pad,p06_f14_packet_payload_pad,True,17,60,1,2,[0],"[58, 59]",57,ARM64_BOUNDARY_V1,True,NONE,data/v2/reference_builds/p06_packet_tlv/p06_packet_tlv_ref,ae55b1600c7c7dc025d4678f679c3df34b24c2223bbaea17bf75fd847ace2b5c
p06,train,p06_f15_packet_payload_unpad,p06_f15_packet_payload_unpad,p06_f15_packet_payload_unpad,True,20,59,1,2,[0],"[57, 58]",56,ARM64_BOUNDARY_V1,True,NONE,data/v2/reference_builds/p06_packet_tlv/p06_packet_tlv_ref,ae55b1600c7c7dc025d4678f679c3df34b24c2223bbaea17bf75fd847ace2b5c
p06,train,p06_f16_packet_serialize,p06_f16_packet_serialize,p06_f16_packet_serialize,True,20,91,3,3,"[0, 1, 2]","[88, 89, 90]",85,ARM64_BOUNDARY_V1,True,NONE,data/v2/reference_builds/p06_packet_tlv/p06_packet_tlv_ref,ae55b1600c7c7dc025d4678f679c3df34b24c2223bbaea17bf75fd847ace2b5c
p07,train,p07_f01_slab_init,p07_f01_slab_init,p07_f01_slab_init,True,9,30,1,2,[0],"[28, 29]",27,ARM64_BOUNDARY_V1,True,NONE,data/v2/reference_builds/p07_slab_allocator/p07_slab_allocator_ref,27a4c6ea78dc13640fc0a667ba5a10b004d02cc5eb13cb2c0987ca9702247be4
p07,train,p07_f02_slab_alloc_block,p07_f02_slab_alloc_block,p07_f02_slab_alloc_block,True,12,44,3,3,"[0, 1, 2]","[41, 42, 43]",38,ARM64_BOUNDARY_V1,True,NONE,data/v2/reference_builds/p07_slab_allocator/p07_slab_allocator_ref,27a4c6ea78dc13640fc0a667ba5a10b004d02cc5eb13cb2c0987ca9702247be4
p07,train,p07_f03_slab_free_block,p07_f03_slab_free_block,p07_f03_slab_free_block,True,13,58,3,3,"[0, 1, 2]","[55, 56, 57]",52,ARM64_BOUNDARY_V1,True,NONE,data/v2/reference_builds/p07_slab_allocator/p07_slab_allocator_ref,27a4c6ea78dc13640fc0a667ba5a10b004d02cc5eb13cb2c0987ca9702247be4
p07,train,p07_f04_slab_available_count,p07_f04_slab_available_count,p07_f04_slab_available_count,True,5,15,1,2,[0],"[13, 14]",12,ARM64_BOUNDARY_V1,True,NONE,data/v2/reference_builds/p07_slab_allocator/p07_slab_allocator_ref,27a4c6ea78dc13640fc0a667ba5a10b004d02cc5eb13cb2c0987ca9702247be4
p07,train,p07_f05_slab_is_pointer_valid,p07_f05_slab_is_pointer_valid,p07_f05_slab_is_pointer_valid,True,1,13,3,3,"[0, 1, 2]","[10, 11, 12]",7,ARM64_BOUNDARY_V1,True,NONE,data/v2/reference_builds/p07_slab_allocator/p07_slab_allocator_ref,27a4c6ea78dc13640fc0a667ba5a10b004d02cc5eb13cb2c0987ca9702247be4
p07,train,p07_f06_slab_mark_busy,p07_f06_slab_mark_busy,p07_f06_slab_mark_busy,True,7,22,1,2,[0],"[20, 21]",19,ARM64_BOUNDARY_V1,True,NONE,data/v2/reference_builds/p07_slab_allocator/p07_slab_allocator_ref,27a4c6ea78dc13640fc0a667ba5a10b004d02cc5eb13cb2c0987ca9702247be4
p07,train,p07_f07_slab_mark_free,p07_f07_slab_mark_free,p07_f07_slab_mark_free,True,7,22,1,2,[0],"[20, 21]",19,ARM64_BOUNDARY_V1,True,NONE,data/v2/reference_builds/p07_slab_allocator/p07_slab_allocator_ref,27a4c6ea78dc13640fc0a667ba5a10b004d02cc5eb13cb2c0987ca9702247be4
p07,train,p07_f08_slab_find_first_free_bit,p07_f08_slab_find_first_free_bit,p07_f08_slab_find_first_free_bit,True,10,29,1,2,[0],"[27, 28]",26,ARM64_BOUNDARY_V1,True,NONE,data/v2/reference_builds/p07_slab_allocator/p07_slab_allocator_ref,27a4c6ea78dc13640fc0a667ba5a10b004d02cc5eb13cb2c0987ca9702247be4
p07,train,p07_f09_slab_defragment_check,p07_f09_slab_defragment_check,p07_f09_slab_defragment_check,True,13,44,1,2,[0],"[42, 43]",41,ARM64_BOUNDARY_V1,True,NONE,data/v2/reference_builds/p07_slab_allocator/p07_slab_allocator_ref,27a4c6ea78dc13640fc0a667ba5a10b004d02cc5eb13cb2c0987ca9702247be4
p07,train,p07_f10_slab_reset,p07_f10_slab_reset,p07_f10_slab_reset,True,1,9,3,3,"[0, 1, 2]","[6, 7, 8]",3,ARM64_BOUNDARY_V1,True,NONE,data/v2/reference_builds/p07_slab_allocator/p07_slab_allocator_ref,27a4c6ea78dc13640fc0a667ba5a10b004d02cc5eb13cb2c0987ca9702247be4
p07,train,p07_f11_slab_block_index,p07_f11_slab_block_index,p07_f11_slab_block_index,True,15,52,1,2,[0],"[50, 51]",49,ARM64_BOUNDARY_V1,True,NONE,data/v2/reference_builds/p07_slab_allocator/p07_slab_allocator_ref,27a4c6ea78dc13640fc0a667ba5a10b004d02cc5eb13cb2c0987ca9702247be4
p07,train,p07_f12_slab_index_to_pointer,p07_f12_slab_index_to_pointer,p07_f12_slab_index_to_pointer,True,7,20,1,2,[0],"[18, 19]",17,ARM64_BOUNDARY_V1,True,NONE,data/v2/reference_builds/p07_slab_allocator/p07_slab_allocator_ref,27a4c6ea78dc13640fc0a667ba5a10b004d02cc5eb13cb2c0987ca9702247be4
p07,train,p07_f13_slab_stats_utilization,p07_f13_slab_stats_utilization,p07_f13_slab_stats_utilization,True,7,28,1,2,[0],"[26, 27]",25,ARM64_BOUNDARY_V1,True,NONE,data/v2/reference_builds/p07_slab_allocator/p07_slab_allocator_ref,27a4c6ea78dc13640fc0a667ba5a10b004d02cc5eb13cb2c0987ca9702247be4
p07,train,p07_f14_slab_audit_integrity,p07_f14_slab_audit_integrity,p07_f14_slab_audit_integrity,True,13,49,1,2,[0],"[47, 48]",46,ARM64_BOUNDARY_V1,True,NONE,data/v2/reference_builds/p07_slab_allocator/p07_slab_allocator_ref,27a4c6ea78dc13640fc0a667ba5a10b004d02cc5eb13cb2c0987ca9702247be4
p07,train,p07_f15_slab_scrub_pattern,p07_f15_slab_scrub_pattern,p07_f15_slab_scrub_pattern,True,9,35,3,3,"[0, 1, 2]","[32, 33, 34]",29,ARM64_BOUNDARY_V1,True,NONE,data/v2/reference_builds/p07_slab_allocator/p07_slab_allocator_ref,27a4c6ea78dc13640fc0a667ba5a10b004d02cc5eb13cb2c0987ca9702247be4
p07,train,p07_f16_slab_compact_scan,p07_f16_slab_compact_scan,p07_f16_slab_compact_scan,True,23,65,1,2,[0],"[63, 64]",62,ARM64_BOUNDARY_V1,True,NONE,data/v2/reference_builds/p07_slab_allocator/p07_slab_allocator_ref,27a4c6ea78dc13640fc0a667ba5a10b004d02cc5eb13cb2c0987ca9702247be4
p08,dev,p08_f01_adler32,p08_f01_adler32,p08_f01_adler32,True,6,42,1,2,[0],"[40, 41]",39,ARM64_BOUNDARY_V1,True,NONE,data/v2/reference_builds/p08_adler_siphash/p08_adler_siphash_ref,362c01cf999d7ebde756992f95f249e34a81d362acbb4269b65a9dc1a1c3de4e
p08,dev,p08_f02_siphash_round,p08_f02_siphash_round,p08_f02_siphash_round,True,1,92,3,3,"[0, 1, 2]","[89, 90, 91]",86,ARM64_BOUNDARY_V1,True,NONE,data/v2/reference_builds/p08_adler_siphash/p08_adler_siphash_ref,362c01cf999d7ebde756992f95f249e34a81d362acbb4269b65a9dc1a1c3de4e
p08,dev,p08_f03_siphash24,p08_f03_siphash24,p08_f03_siphash24,True,24,197,3,3,"[0, 1, 2]","[194, 195, 196]",191,ARM64_BOUNDARY_V1,True,NONE,data/v2/reference_builds/p08_adler_siphash/p08_adler_siphash_ref,362c01cf999d7ebde756992f95f249e34a81d362acbb4269b65a9dc1a1c3de4e
p08,dev,p08_f04_half_siphash,p08_f04_half_siphash,p08_f04_half_siphash,True,11,204,3,3,"[0, 1, 2]","[201, 202, 203]",198,ARM64_BOUNDARY_V1,True,NONE,data/v2/reference_builds/p08_adler_siphash/p08_adler_siphash_ref,362c01cf999d7ebde756992f95f249e34a81d362acbb4269b65a9dc1a1c3de4e
p08,dev,p08_f05_djb2_hash,p08_f05_djb2_hash,p08_f05_djb2_hash,True,9,30,1,2,[0],"[28, 29]",27,ARM64_BOUNDARY_V1,True,NONE,data/v2/reference_builds/p08_adler_siphash/p08_adler_siphash_ref,362c01cf999d7ebde756992f95f249e34a81d362acbb4269b65a9dc1a1c3de4e
p08,dev,p08_f06_sdbm_hash,p08_f06_sdbm_hash,p08_f06_sdbm_hash,True,9,31,1,2,[0],"[29, 30]",28,ARM64_BOUNDARY_V1,True,NONE,data/v2/reference_builds/p08_adler_siphash/p08_adler_siphash_ref,362c01cf999d7ebde756992f95f249e34a81d362acbb4269b65a9dc1a1c3de4e
p08,dev,p08_f07_rabin_karp_rolling,p08_f07_rabin_karp_rolling,p08_f07_rabin_karp_rolling,True,1,21,1,2,[0],"[19, 20]",18,ARM64_BOUNDARY_V1,True,NONE,data/v2/reference_builds/p08_adler_siphash/p08_adler_siphash_ref,362c01cf999d7ebde756992f95f249e34a81d362acbb4269b65a9dc1a1c3de4e
p08,dev,p08_f08_jenkins_lookup2,p08_f08_jenkins_lookup2,p08_f08_jenkins_lookup2,True,18,380,1,0,[0],[],379,ARM64_BOUNDARY_V1,True,NONE,data/v2/reference_builds/p08_adler_siphash/p08_adler_siphash_ref,362c01cf999d7ebde756992f95f249e34a81d362acbb4269b65a9dc1a1c3de4e
p08,dev,p08_f09_knuth_multiplicative,p08_f09_knuth_multiplicative,p08_f09_knuth_multiplicative,True,1,8,1,2,[0],"[6, 7]",5,ARM64_BOUNDARY_V1,True,NONE,data/v2/reference_builds/p08_adler_siphash/p08_adler_siphash_ref,362c01cf999d7ebde756992f95f249e34a81d362acbb4269b65a9dc1a1c3de4e
p08,dev,p08_f10_rot13_cipher,p08_f10_rot13_cipher,p08_f10_rot13_cipher,True,23,77,1,2,[0],"[75, 76]",74,ARM64_BOUNDARY_V1,True,NONE,data/v2/reference_builds/p08_adler_siphash/p08_adler_siphash_ref,362c01cf999d7ebde756992f95f249e34a81d362acbb4269b65a9dc1a1c3de4e
p08,dev,p08_f11_rotate_mix32,p08_f11_rotate_mix32,p08_f11_rotate_mix32,True,6,47,3,3,"[0, 1, 2]","[44, 45, 46]",41,ARM64_BOUNDARY_V1,True,NONE,data/v2/reference_builds/p08_adler_siphash/p08_adler_siphash_ref,362c01cf999d7ebde756992f95f249e34a81d362acbb4269b65a9dc1a1c3de4e
p08,dev,p08_f12_crc16_usb,p08_f12_crc16_usb,p08_f12_crc16_usb,True,15,50,1,2,[0],"[48, 49]",47,ARM64_BOUNDARY_V1,True,NONE,data/v2/reference_builds/p08_adler_siphash/p08_adler_siphash_ref,362c01cf999d7ebde756992f95f249e34a81d362acbb4269b65a9dc1a1c3de4e
p08,dev,p08_f13_poly1305_clamp,p08_f13_poly1305_clamp,p08_f13_poly1305_clamp,True,5,37,1,2,[0],"[35, 36]",34,ARM64_BOUNDARY_V1,True,NONE,data/v2/reference_builds/p08_adler_siphash/p08_adler_siphash_ref,362c01cf999d7ebde756992f95f249e34a81d362acbb4269b65a9dc1a1c3de4e
p08,dev,p08_f14_chash_simple,p08_f14_chash_simple,p08_f14_chash_simple,True,6,37,1,2,[0],"[35, 36]",34,ARM64_BOUNDARY_V1,True,NONE,data/v2/reference_builds/p08_adler_siphash/p08_adler_siphash_ref,362c01cf999d7ebde756992f95f249e34a81d362acbb4269b65a9dc1a1c3de4e
p08,dev,p08_f15_hash_mix32,p08_f15_hash_mix32,p08_f15_hash_mix32,True,1,27,1,2,[0],"[25, 26]",24,ARM64_BOUNDARY_V1,True,NONE,data/v2/reference_builds/p08_adler_siphash/p08_adler_siphash_ref,362c01cf999d7ebde756992f95f249e34a81d362acbb4269b65a9dc1a1c3de4e
p08,dev,p08_f16_checksum_fold64_to_32,p08_f16_checksum_fold64_to_32,p08_f16_checksum_fold64_to_32,True,1,8,1,2,[0],"[6, 7]",5,ARM64_BOUNDARY_V1,True,NONE,data/v2/reference_builds/p08_adler_siphash/p08_adler_siphash_ref,362c01cf999d7ebde756992f95f249e34a81d362acbb4269b65a9dc1a1c3de4e
p09,dev,p09_f01_avl_init,p09_f01_avl_init,p09_f01_avl_init,True,5,14,1,2,[0],"[12, 13]",11,ARM64_BOUNDARY_V1,True,NONE,data/v2/reference_builds/p09_avl_tree/p09_avl_tree_ref,3b264685b71a93bbf9a2ad21805b0c05ff008672279dc7cb3ab753a19307e7a3
p09,dev,p09_f02_avl_height,p09_f02_avl_height,p09_f02_avl_height,True,9,28,1,2,[0],"[26, 27]",25,ARM64_BOUNDARY_V1,True,NONE,data/v2/reference_builds/p09_avl_tree/p09_avl_tree_ref,3b264685b71a93bbf9a2ad21805b0c05ff008672279dc7cb3ab753a19307e7a3
p09,dev,p09_f03_avl_balance_factor,p09_f03_avl_balance_factor,p09_f03_avl_balance_factor,True,9,46,3,3,"[0, 1, 2]","[43, 44, 45]",40,ARM64_BOUNDARY_V1,True,NONE,data/v2/reference_builds/p09_avl_tree/p09_avl_tree_ref,3b264685b71a93bbf9a2ad21805b0c05ff008672279dc7cb3ab753a19307e7a3
p09,dev,p09_f04_avl_rotate_right,p09_f04_avl_rotate_right,p09_f04_avl_rotate_right,True,10,106,3,3,"[0, 1, 2]","[103, 104, 105]",100,ARM64_BOUNDARY_V1,True,NONE,data/v2/reference_builds/p09_avl_tree/p09_avl_tree_ref,3b264685b71a93bbf9a2ad21805b0c05ff008672279dc7cb3ab753a19307e7a3
p09,dev,p09_f05_avl_rotate_left,p09_f05_avl_rotate_left,p09_f05_avl_rotate_left,True,10,106,3,3,"[0, 1, 2]","[103, 104, 105]",100,ARM64_BOUNDARY_V1,True,NONE,data/v2/reference_builds/p09_avl_tree/p09_avl_tree_ref,3b264685b71a93bbf9a2ad21805b0c05ff008672279dc7cb3ab753a19307e7a3
p09,dev,p09_f06_avl_insert_internal,p09_f06_avl_insert_internal,p09_f06_avl_insert_internal,True,36,277,3,3,"[0, 1, 2]","[274, 275, 276]",271,ARM64_BOUNDARY_V1,True,NONE,data/v2/reference_builds/p09_avl_tree/p09_avl_tree_ref,3b264685b71a93bbf9a2ad21805b0c05ff008672279dc7cb3ab753a19307e7a3
p09,dev,p09_f07_avl_insert,p09_f07_avl_insert,p09_f07_avl_insert,True,8,42,3,3,"[0, 1, 2]","[39, 40, 41]",36,ARM64_BOUNDARY_V1,True,NONE,data/v2/reference_builds/p09_avl_tree/p09_avl_tree_ref,3b264685b71a93bbf9a2ad21805b0c05ff008672279dc7cb3ab753a19307e7a3
p09,dev,p09_f08_avl_min_node,p09_f08_avl_min_node,p09_f08_avl_min_node,True,11,37,1,2,[0],"[35, 36]",34,ARM64_BOUNDARY_V1,True,NONE,data/v2/reference_builds/p09_avl_tree/p09_avl_tree_ref,3b264685b71a93bbf9a2ad21805b0c05ff008672279dc7cb3ab753a19307e7a3
p09,dev,p09_f09_avl_delete_internal,p09_f09_avl_delete_internal,p09_f09_avl_delete_internal,True,50,329,3,3,"[0, 1, 2]","[326, 327, 328]",323,ARM64_BOUNDARY_V1,True,NONE,data/v2/reference_builds/p09_avl_tree/p09_avl_tree_ref,3b264685b71a93bbf9a2ad21805b0c05ff008672279dc7cb3ab753a19307e7a3
p09,dev,p09_f10_avl_delete,p09_f10_avl_delete,p09_f10_avl_delete,True,7,34,3,3,"[0, 1, 2]","[31, 32, 33]",28,ARM64_BOUNDARY_V1,True,NONE,data/v2/reference_builds/p09_avl_tree/p09_avl_tree_ref,3b264685b71a93bbf9a2ad21805b0c05ff008672279dc7cb3ab753a19307e7a3
p09,dev,p09_f11_avl_search,p09_f11_avl_search,p09_f11_avl_search,True,20,81,1,2,[0],"[79, 80]",78,ARM64_BOUNDARY_V1,True,NONE,data/v2/reference_builds/p09_avl_tree/p09_avl_tree_ref,3b264685b71a93bbf9a2ad21805b0c05ff008672279dc7cb3ab753a19307e7a3
p09,dev,p09_f12_avl_inorder,p09_f12_avl_inorder,p09_f12_avl_inorder,True,9,30,3,3,"[0, 1, 2]","[27, 28, 29]",24,ARM64_BOUNDARY_V1,True,NONE,data/v2/reference_builds/p09_avl_tree/p09_avl_tree_ref,3b264685b71a93bbf9a2ad21805b0c05ff008672279dc7cb3ab753a19307e7a3
p09,dev,p09_f13_avl_preorder,p09_f13_avl_preorder,p09_f13_avl_preorder,True,9,30,3,3,"[0, 1, 2]","[27, 28, 29]",24,ARM64_BOUNDARY_V1,True,NONE,data/v2/reference_builds/p09_avl_tree/p09_avl_tree_ref,3b264685b71a93bbf9a2ad21805b0c05ff008672279dc7cb3ab753a19307e7a3
p09,dev,p09_f14_avl_count,p09_f14_avl_count,p09_f14_avl_count,True,7,40,3,3,"[0, 1, 2]","[37, 38, 39]",34,ARM64_BOUNDARY_V1,True,NONE,data/v2/reference_builds/p09_avl_tree/p09_avl_tree_ref,3b264685b71a93bbf9a2ad21805b0c05ff008672279dc7cb3ab753a19307e7a3
p09,dev,p09_f15_avl_is_balanced,p09_f15_avl_is_balanced,p09_f15_avl_is_balanced,True,15,65,3,3,"[0, 1, 2]","[62, 63, 64]",59,ARM64_BOUNDARY_V1,True,NONE,data/v2/reference_builds/p09_avl_tree/p09_avl_tree_ref,3b264685b71a93bbf9a2ad21805b0c05ff008672279dc7cb3ab753a19307e7a3
p09,dev,p09_f16_avl_clear,p09_f16_avl_clear,p09_f16_avl_clear,True,5,14,1,2,[0],"[12, 13]",11,ARM64_BOUNDARY_V1,True,NONE,data/v2/reference_builds/p09_avl_tree/p09_avl_tree_ref,3b264685b71a93bbf9a2ad21805b0c05ff008672279dc7cb3ab753a19307e7a3
p10,dev,p10_f01_nfa_init,p10_f01_nfa_init,p10_f01_nfa_init,True,9,41,1,2,[0],"[39, 40]",38,ARM64_BOUNDARY_V1,True,NONE,data/v2/reference_builds/p10_regex_nfa/p10_regex_nfa_ref,d3ca36a2e8af3fcafc85ff820146308921e7f0013bf66ed127fb6ee26f69a480
p10,dev,p10_f02_nfa_add_state,p10_f02_nfa_add_state,p10_f02_nfa_add_state,True,7,46,1,2,[0],"[44, 45]",43,ARM64_BOUNDARY_V1,True,NONE,data/v2/reference_builds/p10_regex_nfa/p10_regex_nfa_ref,d3ca36a2e8af3fcafc85ff820146308921e7f0013bf66ed127fb6ee26f69a480
p10,dev,p10_f03_nfa_set_transition,p10_f03_nfa_set_transition,p10_f03_nfa_set_transition,True,9,41,1,2,[0],"[39, 40]",38,ARM64_BOUNDARY_V1,True,NONE,data/v2/reference_builds/p10_regex_nfa/p10_regex_nfa_ref,d3ca36a2e8af3fcafc85ff820146308921e7f0013bf66ed127fb6ee26f69a480
p10,dev,p10_f04_nfa_set_match,p10_f04_nfa_set_match,p10_f04_nfa_set_match,True,9,36,1,2,[0],"[34, 35]",33,ARM64_BOUNDARY_V1,True,NONE,data/v2/reference_builds/p10_regex_nfa/p10_regex_nfa_ref,d3ca36a2e8af3fcafc85ff820146308921e7f0013bf66ed127fb6ee26f69a480
p10,dev,p10_f05_nfa_create_literal,p10_f05_nfa_create_literal,p10_f05_nfa_create_literal,True,8,41,3,3,"[0, 1, 2]","[38, 39, 40]",35,ARM64_BOUNDARY_V1,True,NONE,data/v2/reference_builds/p10_regex_nfa/p10_regex_nfa_ref,d3ca36a2e8af3fcafc85ff820146308921e7f0013bf66ed127fb6ee26f69a480
p10,dev,p10_f06_nfa_concat,p10_f06_nfa_concat,p10_f06_nfa_concat,True,17,60,1,2,[0],"[58, 59]",57,ARM64_BOUNDARY_V1,True,NONE,data/v2/reference_builds/p10_regex_nfa/p10_regex_nfa_ref,d3ca36a2e8af3fcafc85ff820146308921e7f0013bf66ed127fb6ee26f69a480
p10,dev,p10_f07_nfa_alternate,p10_f07_nfa_alternate,p10_f07_nfa_alternate,True,9,29,3,3,"[0, 1, 2]","[26, 27, 28]",23,ARM64_BOUNDARY_V1,True,NONE,data/v2/reference_builds/p10_regex_nfa/p10_regex_nfa_ref,d3ca36a2e8af3fcafc85ff820146308921e7f0013bf66ed127fb6ee26f69a480
p10,dev,p10_f08_nfa_star,p10_f08_nfa_star,p10_f08_nfa_star,True,15,52,3,3,"[0, 1, 2]","[49, 50, 51]",46,ARM64_BOUNDARY_V1,True,NONE,data/v2/reference_builds/p10_regex_nfa/p10_regex_nfa_ref,d3ca36a2e8af3fcafc85ff820146308921e7f0013bf66ed127fb6ee26f69a480
p10,dev,p10_f09_nfa_plus,p10_f09_nfa_plus,p10_f09_nfa_plus,True,15,43,1,2,[0],"[41, 42]",40,ARM64_BOUNDARY_V1,True,NONE,data/v2/reference_builds/p10_regex_nfa/p10_regex_nfa_ref,d3ca36a2e8af3fcafc85ff820146308921e7f0013bf66ed127fb6ee26f69a480
p10,dev,p10_f10_nfa_optional,p10_f10_nfa_optional,p10_f10_nfa_optional,True,15,49,3,3,"[0, 1, 2]","[46, 47, 48]",43,ARM64_BOUNDARY_V1,True,NONE,data/v2/reference_builds/p10_regex_nfa/p10_regex_nfa_ref,d3ca36a2e8af3fcafc85ff820146308921e7f0013bf66ed127fb6ee26f69a480
p10,dev,p10_f11_nfa_epsilon_closure,p10_f11_nfa_epsilon_closure,p10_f11_nfa_epsilon_closure,True,37,114,1,2,[0],"[112, 113]",111,ARM64_BOUNDARY_V1,True,NONE,data/v2/reference_builds/p10_regex_nfa/p10_regex_nfa_ref,d3ca36a2e8af3fcafc85ff820146308921e7f0013bf66ed127fb6ee26f69a480
p10,dev,p10_f12_nfa_step,p10_f12_nfa_step,p10_f12_nfa_step,True,30,96,3,3,"[0, 1, 2]","[93, 94, 95]",90,ARM64_BOUNDARY_V1,True,NONE,data/v2/reference_builds/p10_regex_nfa/p10_regex_nfa_ref,d3ca36a2e8af3fcafc85ff820146308921e7f0013bf66ed127fb6ee26f69a480
p10,dev,p10_f13_nfa_simulate,p10_f13_nfa_simulate,p10_f13_nfa_simulate,True,37,143,4,4,"[0, 1, 2, 3]","[139, 140, 141, 142]",135,ARM64_BOUNDARY_V1,True,NONE,data/v2/reference_builds/p10_regex_nfa/p10_regex_nfa_ref,d3ca36a2e8af3fcafc85ff820146308921e7f0013bf66ed127fb6ee26f69a480
p10,dev,p10_f14_nfa_match_prefix,p10_f14_nfa_match_prefix,p10_f14_nfa_match_prefix,True,52,186,4,4,"[0, 1, 2, 3]","[182, 183, 184, 185]",178,ARM64_BOUNDARY_V1,True,NONE,data/v2/reference_builds/p10_regex_nfa/p10_regex_nfa_ref,d3ca36a2e8af3fcafc85ff820146308921e7f0013bf66ed127fb6ee26f69a480
p10,dev,p10_f15_nfa_active_count,p10_f15_nfa_active_count,p10_f15_nfa_active_count,True,13,37,1,2,[0],"[35, 36]",34,ARM64_BOUNDARY_V1,True,NONE,data/v2/reference_builds/p10_regex_nfa/p10_regex_nfa_ref,d3ca36a2e8af3fcafc85ff820146308921e7f0013bf66ed127fb6ee26f69a480
p10,dev,p10_f16_nfa_reset,p10_f16_nfa_reset,p10_f16_nfa_reset,True,1,9,3,3,"[0, 1, 2]","[6, 7, 8]",3,ARM64_BOUNDARY_V1,True,NONE,data/v2/reference_builds/p10_regex_nfa/p10_regex_nfa_ref,d3ca36a2e8af3fcafc85ff820146308921e7f0013bf66ed127fb6ee26f69a480
p11,dev,p11_f01_fp_from_int,p11_f01_fp_from_int,p11_f01_fp_from_int,True,1,6,1,2,[0],"[4, 5]",3,ARM64_BOUNDARY_V1,True,NONE,data/v2/reference_builds/p11_fixed_point/p11_fixed_point_ref,f206567fab3fac96cd77f5b2e5370cb63303c34a7e9bcfcfe265d99182dc0d63
p11,dev,p11_f02_fp_to_int,p11_f02_fp_to_int,p11_f02_fp_to_int,True,1,6,1,2,[0],"[4, 5]",3,ARM64_BOUNDARY_V1,True,NONE,data/v2/reference_builds/p11_fixed_point/p11_fixed_point_ref,f206567fab3fac96cd77f5b2e5370cb63303c34a7e9bcfcfe265d99182dc0d63
p11,dev,p11_f03_fp_add,p11_f03_fp_add,p11_f03_fp_add,True,1,8,1,2,[0],"[6, 7]",5,ARM64_BOUNDARY_V1,True,NONE,data/v2/reference_builds/p11_fixed_point/p11_fixed_point_ref,f206567fab3fac96cd77f5b2e5370cb63303c34a7e9bcfcfe265d99182dc0d63
p11,dev,p11_f04_fp_sub,p11_f04_fp_sub,p11_f04_fp_sub,True,1,8,1,2,[0],"[6, 7]",5,ARM64_BOUNDARY_V1,True,NONE,data/v2/reference_builds/p11_fixed_point/p11_fixed_point_ref,f206567fab3fac96cd77f5b2e5370cb63303c34a7e9bcfcfe265d99182dc0d63
p11,dev,p11_f05_fp_mul,p11_f05_fp_mul,p11_f05_fp_mul,True,1,12,1,2,[0],"[10, 11]",9,ARM64_BOUNDARY_V1,True,NONE,data/v2/reference_builds/p11_fixed_point/p11_fixed_point_ref,f206567fab3fac96cd77f5b2e5370cb63303c34a7e9bcfcfe265d99182dc0d63
p11,dev,p11_f06_fp_div,p11_f06_fp_div,p11_f06_fp_div,True,5,24,1,2,[0],"[22, 23]",21,ARM64_BOUNDARY_V1,True,NONE,data/v2/reference_builds/p11_fixed_point/p11_fixed_point_ref,f206567fab3fac96cd77f5b2e5370cb63303c34a7e9bcfcfe265d99182dc0d63
p11,dev,p11_f07_fp_abs,p11_f07_fp_abs,p11_f07_fp_abs,True,5,16,1,2,[0],"[14, 15]",13,ARM64_BOUNDARY_V1,True,NONE,data/v2/reference_builds/p11_fixed_point/p11_fixed_point_ref,f206567fab3fac96cd77f5b2e5370cb63303c34a7e9bcfcfe265d99182dc0d63
p11,dev,p11_f08_fp_sqrt,p11_f08_fp_sqrt,p11_f08_fp_sqrt,True,17,60,1,2,[0],"[58, 59]",57,ARM64_BOUNDARY_V1,True,NONE,data/v2/reference_builds/p11_fixed_point/p11_fixed_point_ref,f206567fab3fac96cd77f5b2e5370cb63303c34a7e9bcfcfe265d99182dc0d63
p11,dev,p11_f09_fp_exp_taylor,p11_f09_fp_exp_taylor,p11_f09_fp_exp_taylor,True,6,35,3,3,"[0, 1, 2]","[32, 33, 34]",29,ARM64_BOUNDARY_V1,True,NONE,data/v2/reference_builds/p11_fixed_point/p11_fixed_point_ref,f206567fab3fac96cd77f5b2e5370cb63303c34a7e9bcfcfe265d99182dc0d63
p11,dev,p11_f10_fp_ln_approx,p11_f10_fp_ln_approx,p11_f10_fp_ln_approx,True,5,60,3,3,"[0, 1, 2]","[57, 58, 59]",54,ARM64_BOUNDARY_V1,True,NONE,data/v2/reference_builds/p11_fixed_point/p11_fixed_point_ref,f206567fab3fac96cd77f5b2e5370cb63303c34a7e9bcfcfe265d99182dc0d63
p11,dev,p11_f11_fp_sin_cordic,p11_f11_fp_sin_cordic,p11_f11_fp_sin_cordic,True,1,13,3,3,"[0, 1, 2]","[10, 11, 12]",7,ARM64_BOUNDARY_V1,True,NONE,data/v2/reference_builds/p11_fixed_point/p11_fixed_point_ref,f206567fab3fac96cd77f5b2e5370cb63303c34a7e9bcfcfe265d99182dc0d63
p11,dev,p11_f12_fp_cos_cordic,p11_f12_fp_cos_cordic,p11_f12_fp_cos_cordic,True,1,13,3,3,"[0, 1, 2]","[10, 11, 12]",7,ARM64_BOUNDARY_V1,True,NONE,data/v2/reference_builds/p11_fixed_point/p11_fixed_point_ref,f206567fab3fac96cd77f5b2e5370cb63303c34a7e9bcfcfe265d99182dc0d63
p11,dev,p11_f13_fp_atan2_cordic,p11_f13_fp_atan2_cordic,p11_f13_fp_atan2_cordic,True,35,132,1,2,[0],"[130, 131]",129,ARM64_BOUNDARY_V1,True,NONE,data/v2/reference_builds/p11_fixed_point/p11_fixed_point_ref,f206567fab3fac96cd77f5b2e5370cb63303c34a7e9bcfcfe265d99182dc0d63
p11,dev,p11_f14_fp_lerp,p11_f14_fp_lerp,p11_f14_fp_lerp,True,1,19,3,3,"[0, 1, 2]","[16, 17, 18]",13,ARM64_BOUNDARY_V1,True,NONE,data/v2/reference_builds/p11_fixed_point/p11_fixed_point_ref,f206567fab3fac96cd77f5b2e5370cb63303c34a7e9bcfcfe265d99182dc0d63
p11,dev,p11_f15_fp_clamp,p11_f15_fp_clamp,p11_f15_fp_clamp,True,8,26,1,2,[0],"[24, 25]",23,ARM64_BOUNDARY_V1,True,NONE,data/v2/reference_builds/p11_fixed_point/p11_fixed_point_ref,f206567fab3fac96cd77f5b2e5370cb63303c34a7e9bcfcfe265d99182dc0d63
p11,dev,p11_f16_fp_poly_eval,p11_f16_fp_poly_eval,p11_f16_fp_poly_eval,True,12,46,3,3,"[0, 1, 2]","[43, 44, 45]",40,ARM64_BOUNDARY_V1,True,NONE,data/v2/reference_builds/p11_fixed_point/p11_fixed_point_ref,f206567fab3fac96cd77f5b2e5370cb63303c34a7e9bcfcfe265d99182dc0d63
p12,dev,p12_f01_dag_init,p12_f01_dag_init,p12_f01_dag_init,True,18,57,1,2,[0],"[55, 56]",54,ARM64_BOUNDARY_V1,True,NONE,data/v2/reference_builds/p12_topological_dag/p12_topological_dag_ref,ff8d62f014c4f883a4a92583d804419d28cd71f59c5ecd60063c31281f36b041
p12,dev,p12_f02_dag_add_edge,p12_f02_dag_add_edge,p12_f02_dag_add_edge,True,11,53,1,2,[0],"[51, 52]",50,ARM64_BOUNDARY_V1,True,NONE,data/v2/reference_builds/p12_topological_dag/p12_topological_dag_ref,ff8d62f014c4f883a4a92583d804419d28cd71f59c5ecd60063c31281f36b041
p12,dev,p12_f03_dag_compute_indegrees,p12_f03_dag_compute_indegrees,p12_f03_dag_compute_indegrees,True,24,69,1,2,[0],"[67, 68]",66,ARM64_BOUNDARY_V1,True,NONE,data/v2/reference_builds/p12_topological_dag/p12_topological_dag_ref,ff8d62f014c4f883a4a92583d804419d28cd71f59c5ecd60063c31281f36b041
p12,dev,p12_f04_dag_compute_outdegrees,p12_f04_dag_compute_outdegrees,p12_f04_dag_compute_outdegrees,True,24,69,1,2,[0],"[67, 68]",66,ARM64_BOUNDARY_V1,True,NONE,data/v2/reference_builds/p12_topological_dag/p12_topological_dag_ref,ff8d62f014c4f883a4a92583d804419d28cd71f59c5ecd60063c31281f36b041
p12,dev,p12_f05_dag_kahn_toposort,p12_f05_dag_kahn_toposort,p12_f05_dag_kahn_toposort,True,36,139,4,4,"[0, 1, 2, 3]","[135, 136, 137, 138]",131,ARM64_BOUNDARY_V1,True,NONE,data/v2/reference_builds/p12_topological_dag/p12_topological_dag_ref,ff8d62f014c4f883a4a92583d804419d28cd71f59c5ecd60063c31281f36b041
p12,dev,p12_f06_dag_has_cycle,p12_f06_dag_has_cycle,p12_f06_dag_has_cycle,True,8,43,4,4,"[0, 1, 2, 3]","[39, 40, 41, 42]",35,ARM64_BOUNDARY_V1,True,NONE,data/v2/reference_builds/p12_topological_dag/p12_topological_dag_ref,ff8d62f014c4f883a4a92583d804419d28cd71f59c5ecd60063c31281f36b041
p12,dev,p12_f07_dag_longest_path,p12_f07_dag_longest_path,p12_f07_dag_longest_path,True,39,154,4,4,"[0, 1, 2, 3]","[150, 151, 152, 153]",146,ARM64_BOUNDARY_V1,True,NONE,data/v2/reference_builds/p12_topological_dag/p12_topological_dag_ref,ff8d62f014c4f883a4a92583d804419d28cd71f59c5ecd60063c31281f36b041
p12,dev,p12_f08_dag_shortest_path,p12_f08_dag_shortest_path,p12_f08_dag_shortest_path,True,39,154,4,4,"[0, 1, 2, 3]","[150, 151, 152, 153]",146,ARM64_BOUNDARY_V1,True,NONE,data/v2/reference_builds/p12_topological_dag/p12_topological_dag_ref,ff8d62f014c4f883a4a92583d804419d28cd71f59c5ecd60063c31281f36b041
p12,dev,p12_f09_dag_count_ancestors,p12_f09_dag_count_ancestors,p12_f09_dag_count_ancestors,True,29,124,4,4,"[0, 1, 2, 3]","[120, 121, 122, 123]",116,ARM64_BOUNDARY_V1,True,NONE,data/v2/reference_builds/p12_topological_dag/p12_topological_dag_ref,ff8d62f014c4f883a4a92583d804419d28cd71f59c5ecd60063c31281f36b041
p12,dev,p12_f10_dag_count_descendants,p12_f10_dag_count_descendants,p12_f10_dag_count_descendants,True,29,124,4,4,"[0, 1, 2, 3]","[120, 121, 122, 123]",116,ARM64_BOUNDARY_V1,True,NONE,data/v2/reference_builds/p12_topological_dag/p12_topological_dag_ref,ff8d62f014c4f883a4a92583d804419d28cd71f59c5ecd60063c31281f36b041
p12,dev,p12_f11_dag_assign_levels,p12_f11_dag_assign_levels,p12_f11_dag_assign_levels,True,29,105,4,4,"[0, 1, 2, 3]","[101, 102, 103, 104]",97,ARM64_BOUNDARY_V1,True,NONE,data/v2/reference_builds/p12_topological_dag/p12_topological_dag_ref,ff8d62f014c4f883a4a92583d804419d28cd71f59c5ecd60063c31281f36b041
p12,dev,p12_f12_dag_transitive_reduction,p12_f12_dag_transitive_reduction,p12_f12_dag_transitive_reduction,True,25,71,1,2,[0],"[69, 70]",68,ARM64_BOUNDARY_V1,True,NONE,data/v2/reference_builds/p12_topological_dag/p12_topological_dag_ref,ff8d62f014c4f883a4a92583d804419d28cd71f59c5ecd60063c31281f36b041
p12,dev,p12_f13_dag_find_sources,p12_f13_dag_find_sources,p12_f13_dag_find_sources,True,23,80,4,4,"[0, 1, 2, 3]","[76, 77, 78, 79]",72,ARM64_BOUNDARY_V1,True,NONE,data/v2/reference_builds/p12_topological_dag/p12_topological_dag_ref,ff8d62f014c4f883a4a92583d804419d28cd71f59c5ecd60063c31281f36b041
p12,dev,p12_f14_dag_find_sinks,p12_f14_dag_find_sinks,p12_f14_dag_find_sinks,True,23,80,4,4,"[0, 1, 2, 3]","[76, 77, 78, 79]",72,ARM64_BOUNDARY_V1,True,NONE,data/v2/reference_builds/p12_topological_dag/p12_topological_dag_ref,ff8d62f014c4f883a4a92583d804419d28cd71f59c5ecd60063c31281f36b041
p12,dev,p12_f15_dag_is_reachable,p12_f15_dag_is_reachable,p12_f15_dag_is_reachable,True,37,153,4,4,"[0, 1, 2, 3]","[149, 150, 151, 152]",145,ARM64_BOUNDARY_V1,True,NONE,data/v2/reference_builds/p12_topological_dag/p12_topological_dag_ref,ff8d62f014c4f883a4a92583d804419d28cd71f59c5ecd60063c31281f36b041
p12,dev,p12_f16_dag_clear,p12_f16_dag_clear,p12_f16_dag_clear,True,5,16,3,3,"[0, 1, 2]","[13, 14, 15]",10,ARM64_BOUNDARY_V1,True,NONE,data/v2/reference_builds/p12_topological_dag/p12_topological_dag_ref,ff8d62f014c4f883a4a92583d804419d28cd71f59c5ecd60063c31281f36b041
p13,dev,p13_f01_slip_encode,p13_f01_slip_encode,p13_f01_slip_encode,True,28,119,1,2,[0],"[117, 118]",116,ARM64_BOUNDARY_V1,True,NONE,data/v2/reference_builds/p13_slip_framing/p13_slip_framing_ref,5575f2aa29c06959fdad5878c1f61eccd074a0d5f6ae3d11121564ec98492fe4
p13,dev,p13_f02_slip_decode,p13_f02_slip_decode,p13_f02_slip_decode,True,33,113,1,2,[0],"[111, 112]",110,ARM64_BOUNDARY_V1,True,NONE,data/v2/reference_builds/p13_slip_framing/p13_slip_framing_ref,5575f2aa29c06959fdad5878c1f61eccd074a0d5f6ae3d11121564ec98492fe4
p13,dev,p13_f03_cobs_encode,p13_f03_cobs_encode,p13_f03_cobs_encode,True,20,95,1,2,[0],"[93, 94]",92,ARM64_BOUNDARY_V1,True,NONE,data/v2/reference_builds/p13_slip_framing/p13_slip_framing_ref,5575f2aa29c06959fdad5878c1f61eccd074a0d5f6ae3d11121564ec98492fe4
p13,dev,p13_f04_cobs_decode,p13_f04_cobs_decode,p13_f04_cobs_decode,True,31,98,1,2,[0],"[96, 97]",95,ARM64_BOUNDARY_V1,True,NONE,data/v2/reference_builds/p13_slip_framing/p13_slip_framing_ref,5575f2aa29c06959fdad5878c1f61eccd074a0d5f6ae3d11121564ec98492fe4
p13,dev,p13_f05_fcs16_compute,p13_f05_fcs16_compute,p13_f05_fcs16_compute,True,15,50,1,2,[0],"[48, 49]",47,ARM64_BOUNDARY_V1,True,NONE,data/v2/reference_builds/p13_slip_framing/p13_slip_framing_ref,5575f2aa29c06959fdad5878c1f61eccd074a0d5f6ae3d11121564ec98492fe4
p13,dev,p13_f06_fcs16_verify,p13_f06_fcs16_verify,p13_f06_fcs16_verify,True,1,15,3,3,"[0, 1, 2]","[12, 13, 14]",9,ARM64_BOUNDARY_V1,True,NONE,data/v2/reference_builds/p13_slip_framing/p13_slip_framing_ref,5575f2aa29c06959fdad5878c1f61eccd074a0d5f6ae3d11121564ec98492fe4
p13,dev,p13_f07_pack_header,p13_f07_pack_header,p13_f07_pack_header,True,5,36,1,2,[0],"[34, 35]",33,ARM64_BOUNDARY_V1,True,NONE,data/v2/reference_builds/p13_slip_framing/p13_slip_framing_ref,5575f2aa29c06959fdad5878c1f61eccd074a0d5f6ae3d11121564ec98492fe4
p13,dev,p13_f08_unpack_header,p13_f08_unpack_header,p13_f08_unpack_header,True,16,57,1,2,[0],"[55, 56]",54,ARM64_BOUNDARY_V1,True,NONE,data/v2/reference_builds/p13_slip_framing/p13_slip_framing_ref,5575f2aa29c06959fdad5878c1f61eccd074a0d5f6ae3d11121564ec98492fe4
p13,dev,p13_f09_bit_stuff_encode,p13_f09_bit_stuff_encode,p13_f09_bit_stuff_encode,True,19,110,1,2,[0],"[108, 109]",107,ARM64_BOUNDARY_V1,True,NONE,data/v2/reference_builds/p13_slip_framing/p13_slip_framing_ref,5575f2aa29c06959fdad5878c1f61eccd074a0d5f6ae3d11121564ec98492fe4
p13,dev,p13_f10_bit_stuff_decode,p13_f10_bit_stuff_decode,p13_f10_bit_stuff_decode,True,20,96,1,2,[0],"[94, 95]",93,ARM64_BOUNDARY_V1,True,NONE,data/v2/reference_builds/p13_slip_framing/p13_slip_framing_ref,5575f2aa29c06959fdad5878c1f61eccd074a0d5f6ae3d11121564ec98492fe4
p13,dev,p13_f11_frame_checksum_valid,p13_f11_frame_checksum_valid,p13_f11_frame_checksum_valid,True,7,44,3,3,"[0, 1, 2]","[41, 42, 43]",38,ARM64_BOUNDARY_V1,True,NONE,data/v2/reference_builds/p13_slip_framing/p13_slip_framing_ref,5575f2aa29c06959fdad5878c1f61eccd074a0d5f6ae3d11121564ec98492fe4
p13,dev,p13_f12_byte_swap16,p13_f12_byte_swap16,p13_f12_byte_swap16,True,1,9,1,2,[0],"[7, 8]",6,ARM64_BOUNDARY_V1,True,NONE,data/v2/reference_builds/p13_slip_framing/p13_slip_framing_ref,5575f2aa29c06959fdad5878c1f61eccd074a0d5f6ae3d11121564ec98492fe4
p13,dev,p13_f13_byte_swap32,p13_f13_byte_swap32,p13_f13_byte_swap32,True,1,19,1,2,[0],"[17, 18]",16,ARM64_BOUNDARY_V1,True,NONE,data/v2/reference_builds/p13_slip_framing/p13_slip_framing_ref,5575f2aa29c06959fdad5878c1f61eccd074a0d5f6ae3d11121564ec98492fe4
p13,dev,p13_f14_parse_tlv_field,p13_f14_parse_tlv_field,p13_f14_parse_tlv_field,True,19,66,1,2,[0],"[64, 65]",63,ARM64_BOUNDARY_V1,True,NONE,data/v2/reference_builds/p13_slip_framing/p13_slip_framing_ref,5575f2aa29c06959fdad5878c1f61eccd074a0d5f6ae3d11121564ec98492fe4
p13,dev,p13_f15_frame_buf_append,p13_f15_frame_buf_append,p13_f15_frame_buf_append,True,9,49,3,3,"[0, 1, 2]","[46, 47, 48]",43,ARM64_BOUNDARY_V1,True,NONE,data/v2/reference_builds/p13_slip_framing/p13_slip_framing_ref,5575f2aa29c06959fdad5878c1f61eccd074a0d5f6ae3d11121564ec98492fe4
p13,dev,p13_f16_frame_buf_reset,p13_f16_frame_buf_reset,p13_f16_frame_buf_reset,True,5,14,1,2,[0],"[12, 13]",11,ARM64_BOUNDARY_V1,True,NONE,data/v2/reference_builds/p13_slip_framing/p13_slip_framing_ref,5575f2aa29c06959fdad5878c1f61eccd074a0d5f6ae3d11121564ec98492fe4
p14,dev,p14_f01_bm_init,p14_f01_bm_init,p14_f01_bm_init,True,13,37,1,2,[0],"[35, 36]",34,ARM64_BOUNDARY_V1,True,NONE,data/v2/reference_builds/p14_bitmap_index/p14_bitmap_index_ref,4380a98feb9f42d207248bd6e47034a5c1fdd82662e70d6584e3a282ea667e97
p14,dev,p14_f02_bm_set_bit,p14_f02_bm_set_bit,p14_f02_bm_set_bit,True,7,39,1,2,[0],"[37, 38]",36,ARM64_BOUNDARY_V1,True,NONE,data/v2/reference_builds/p14_bitmap_index/p14_bitmap_index_ref,4380a98feb9f42d207248bd6e47034a5c1fdd82662e70d6584e3a282ea667e97
p14,dev,p14_f03_bm_clear_bit,p14_f03_bm_clear_bit,p14_f03_bm_clear_bit,True,7,39,1,2,[0],"[37, 38]",36,ARM64_BOUNDARY_V1,True,NONE,data/v2/reference_builds/p14_bitmap_index/p14_bitmap_index_ref,4380a98feb9f42d207248bd6e47034a5c1fdd82662e70d6584e3a282ea667e97
p14,dev,p14_f04_bm_test_bit,p14_f04_bm_test_bit,p14_f04_bm_test_bit,True,7,37,1,2,[0],"[35, 36]",34,ARM64_BOUNDARY_V1,True,NONE,data/v2/reference_builds/p14_bitmap_index/p14_bitmap_index_ref,4380a98feb9f42d207248bd6e47034a5c1fdd82662e70d6584e3a282ea667e97
p14,dev,p14_f05_bm_toggle_bit,p14_f05_bm_toggle_bit,p14_f05_bm_toggle_bit,True,7,39,1,2,[0],"[37, 38]",36,ARM64_BOUNDARY_V1,True,NONE,data/v2/reference_builds/p14_bitmap_index/p14_bitmap_index_ref,4380a98feb9f42d207248bd6e47034a5c1fdd82662e70d6584e3a282ea667e97
p14,dev,p14_f06_bm_popcount,p14_f06_bm_popcount,p14_f06_bm_popcount,True,15,71,3,3,"[0, 1, 2]","[68, 69, 70]",65,ARM64_BOUNDARY_V1,True,NONE,data/v2/reference_builds/p14_bitmap_index/p14_bitmap_index_ref,4380a98feb9f42d207248bd6e47034a5c1fdd82662e70d6584e3a282ea667e97
p14,dev,p14_f07_bm_find_first_set,p14_f07_bm_find_first_set,p14_f07_bm_find_first_set,True,13,38,3,3,"[0, 1, 2]","[35, 36, 37]",32,ARM64_BOUNDARY_V1,True,NONE,data/v2/reference_builds/p14_bitmap_index/p14_bitmap_index_ref,4380a98feb9f42d207248bd6e47034a5c1fdd82662e70d6584e3a282ea667e97
p14,dev,p14_f08_bm_find_first_zero,p14_f08_bm_find_first_zero,p14_f08_bm_find_first_zero,True,13,38,3,3,"[0, 1, 2]","[35, 36, 37]",32,ARM64_BOUNDARY_V1,True,NONE,data/v2/reference_builds/p14_bitmap_index/p14_bitmap_index_ref,4380a98feb9f42d207248bd6e47034a5c1fdd82662e70d6584e3a282ea667e97
p14,dev,p14_f09_bm_find_next_set,p14_f09_bm_find_next_set,p14_f09_bm_find_next_set,True,13,40,3,3,"[0, 1, 2]","[37, 38, 39]",34,ARM64_BOUNDARY_V1,True,NONE,data/v2/reference_builds/p14_bitmap_index/p14_bitmap_index_ref,4380a98feb9f42d207248bd6e47034a5c1fdd82662e70d6584e3a282ea667e97
p14,dev,p14_f10_bm_bitwise_and,p14_f10_bm_bitwise_and,p14_f10_bm_bitwise_and,True,17,55,1,2,[0],"[53, 54]",52,ARM64_BOUNDARY_V1,True,NONE,data/v2/reference_builds/p14_bitmap_index/p14_bitmap_index_ref,4380a98feb9f42d207248bd6e47034a5c1fdd82662e70d6584e3a282ea667e97
p14,dev,p14_f11_bm_bitwise_or,p14_f11_bm_bitwise_or,p14_f11_bm_bitwise_or,True,17,55,1,2,[0],"[53, 54]",52,ARM64_BOUNDARY_V1,True,NONE,data/v2/reference_builds/p14_bitmap_index/p14_bitmap_index_ref,4380a98feb9f42d207248bd6e47034a5c1fdd82662e70d6584e3a282ea667e97
p14,dev,p14_f12_bm_bitwise_xor,p14_f12_bm_bitwise_xor,p14_f12_bm_bitwise_xor,True,17,55,1,2,[0],"[53, 54]",52,ARM64_BOUNDARY_V1,True,NONE,data/v2/reference_builds/p14_bitmap_index/p14_bitmap_index_ref,4380a98feb9f42d207248bd6e47034a5c1fdd82662e70d6584e3a282ea667e97
p14,dev,p14_f13_bm_bitwise_not,p14_f13_bm_bitwise_not,p14_f13_bm_bitwise_not,True,11,34,1,2,[0],"[32, 33]",31,ARM64_BOUNDARY_V1,True,NONE,data/v2/reference_builds/p14_bitmap_index/p14_bitmap_index_ref,4380a98feb9f42d207248bd6e47034a5c1fdd82662e70d6584e3a282ea667e97
p14,dev,p14_f14_bm_fill_range,p14_f14_bm_fill_range,p14_f14_bm_fill_range,True,14,45,3,3,"[0, 1, 2]","[42, 43, 44]",39,ARM64_BOUNDARY_V1,True,NONE,data/v2/reference_builds/p14_bitmap_index/p14_bitmap_index_ref,4380a98feb9f42d207248bd6e47034a5c1fdd82662e70d6584e3a282ea667e97
p14,dev,p14_f15_bm_clear_range,p14_f15_bm_clear_range,p14_f15_bm_clear_range,True,14,45,3,3,"[0, 1, 2]","[42, 43, 44]",39,ARM64_BOUNDARY_V1,True,NONE,data/v2/reference_builds/p14_bitmap_index/p14_bitmap_index_ref,4380a98feb9f42d207248bd6e47034a5c1fdd82662e70d6584e3a282ea667e97
p14,dev,p14_f16_bm_jaccard_similarity,p14_f16_bm_jaccard_similarity,p14_f16_bm_jaccard_similarity,True,10,47,3,3,"[0, 1, 2]","[44, 45, 46]",41,ARM64_BOUNDARY_V1,True,NONE,data/v2/reference_builds/p14_bitmap_index/p14_bitmap_index_ref,4380a98feb9f42d207248bd6e47034a5c1fdd82662e70d6584e3a282ea667e97
p15,sealed_test,p15_f01_fnv1_32,p15_f01_fnv1_32,p15_f01_fnv1_32,True,6,30,1,2,[0],"[28, 29]",27,ARM64_BOUNDARY_V1,True,NONE,data/v2/reference_builds/p15_fnv_murmur/p15_fnv_murmur_ref,c9387f3519b7c7010e0beb926766e34968ece1b4ae8357d36899aa170e8ce879
p15,sealed_test,p15_f02_fnv1a_32,p15_f02_fnv1a_32,p15_f02_fnv1a_32,True,6,30,1,2,[0],"[28, 29]",27,ARM64_BOUNDARY_V1,True,NONE,data/v2/reference_builds/p15_fnv_murmur/p15_fnv_murmur_ref,c9387f3519b7c7010e0beb926766e34968ece1b4ae8357d36899aa170e8ce879
p15,sealed_test,p15_f03_fnv1_64,p15_f03_fnv1_64,p15_f03_fnv1_64,True,6,32,1,2,[0],"[30, 31]",29,ARM64_BOUNDARY_V1,True,NONE,data/v2/reference_builds/p15_fnv_murmur/p15_fnv_murmur_ref,c9387f3519b7c7010e0beb926766e34968ece1b4ae8357d36899aa170e8ce879
p15,sealed_test,p15_f04_fnv1a_64,p15_f04_fnv1a_64,p15_f04_fnv1a_64,True,6,32,1,2,[0],"[30, 31]",29,ARM64_BOUNDARY_V1,True,NONE,data/v2/reference_builds/p15_fnv_murmur/p15_fnv_murmur_ref,c9387f3519b7c7010e0beb926766e34968ece1b4ae8357d36899aa170e8ce879
p15,sealed_test,p15_f05_murmur3_32_scramble,p15_f05_murmur3_32_scramble,p15_f05_murmur3_32_scramble,True,1,22,3,3,"[0, 1, 2]","[19, 20, 21]",16,ARM64_BOUNDARY_V1,True,NONE,data/v2/reference_builds/p15_fnv_murmur/p15_fnv_murmur_ref,c9387f3519b7c7010e0beb926766e34968ece1b4ae8357d36899aa170e8ce879
p15,sealed_test,p15_f06_murmur3_32_fmix,p15_f06_murmur3_32_fmix,p15_f06_murmur3_32_fmix,True,1,27,1,2,[0],"[25, 26]",24,ARM64_BOUNDARY_V1,True,NONE,data/v2/reference_builds/p15_fnv_murmur/p15_fnv_murmur_ref,c9387f3519b7c7010e0beb926766e34968ece1b4ae8357d36899aa170e8ce879
p15,sealed_test,p15_f07_murmur3_32,p15_f07_murmur3_32,p15_f07_murmur3_32,True,16,120,3,3,"[0, 1, 2]","[117, 118, 119]",114,ARM64_BOUNDARY_V1,True,NONE,data/v2/reference_builds/p15_fnv_murmur/p15_fnv_murmur_ref,c9387f3519b7c7010e0beb926766e34968ece1b4ae8357d36899aa170e8ce879
p15,sealed_test,p15_f08_jenkins_one_at_a_time,p15_f08_jenkins_one_at_a_time,p15_f08_jenkins_one_at_a_time,True,6,45,1,2,[0],"[43, 44]",42,ARM64_BOUNDARY_V1,True,NONE,data/v2/reference_builds/p15_fnv_murmur/p15_fnv_murmur_ref,c9387f3519b7c7010e0beb926766e34968ece1b4ae8357d36899aa170e8ce879
p15,sealed_test,p15_f09_super_fast_hash,p15_f09_super_fast_hash,p15_f09_super_fast_hash,True,22,154,1,2,[0],"[152, 153]",151,ARM64_BOUNDARY_V1,True,NONE,data/v2/reference_builds/p15_fnv_murmur/p15_fnv_murmur_ref,c9387f3519b7c7010e0beb926766e34968ece1b4ae8357d36899aa170e8ce879
p15,sealed_test,p15_f10_elf_hash,p15_f10_elf_hash,p15_f10_elf_hash,True,12,42,1,2,[0],"[40, 41]",39,ARM64_BOUNDARY_V1,True,NONE,data/v2/reference_builds/p15_fnv_murmur/p15_fnv_murmur_ref,c9387f3519b7c7010e0beb926766e34968ece1b4ae8357d36899aa170e8ce879
p15,sealed_test,p15_f11_dek_hash,p15_f11_dek_hash,p15_f11_dek_hash,True,9,31,1,2,[0],"[29, 30]",28,ARM64_BOUNDARY_V1,True,NONE,data/v2/reference_builds/p15_fnv_murmur/p15_fnv_murmur_ref,c9387f3519b7c7010e0beb926766e34968ece1b4ae8357d36899aa170e8ce879
p15,sealed_test,p15_f12_bp_hash,p15_f12_bp_hash,p15_f12_bp_hash,True,9,27,1,2,[0],"[25, 26]",24,ARM64_BOUNDARY_V1,True,NONE,data/v2/reference_builds/p15_fnv_murmur/p15_fnv_murmur_ref,c9387f3519b7c7010e0beb926766e34968ece1b4ae8357d36899aa170e8ce879
p15,sealed_test,p15_f13_ap_hash,p15_f13_ap_hash,p15_f13_ap_hash,True,14,53,1,2,[0],"[51, 52]",50,ARM64_BOUNDARY_V1,True,NONE,data/v2/reference_builds/p15_fnv_murmur/p15_fnv_murmur_ref,c9387f3519b7c7010e0beb926766e34968ece1b4ae8357d36899aa170e8ce879
p15,sealed_test,p15_f14_crc24_ble,p15_f14_crc24_ble,p15_f14_crc24_ble,True,14,61,1,2,[0],"[59, 60]",58,ARM64_BOUNDARY_V1,True,NONE,data/v2/reference_builds/p15_fnv_murmur/p15_fnv_murmur_ref,c9387f3519b7c7010e0beb926766e34968ece1b4ae8357d36899aa170e8ce879
p15,sealed_test,p15_f15_hash_combine64,p15_f15_hash_combine64,p15_f15_hash_combine64,True,1,17,1,2,[0],"[15, 16]",14,ARM64_BOUNDARY_V1,True,NONE,data/v2/reference_builds/p15_fnv_murmur/p15_fnv_murmur_ref,c9387f3519b7c7010e0beb926766e34968ece1b4ae8357d36899aa170e8ce879
p15,sealed_test,p15_f16_checksum_parity_byte,p15_f16_checksum_parity_byte,p15_f16_checksum_parity_byte,True,6,25,1,2,[0],"[23, 24]",22,ARM64_BOUNDARY_V1,True,NONE,data/v2/reference_builds/p15_fnv_murmur/p15_fnv_murmur_ref,c9387f3519b7c7010e0beb926766e34968ece1b4ae8357d36899aa170e8ce879
p16,sealed_test,p16_f01_btree_init,p16_f01_btree_init,p16_f01_btree_init,True,5,14,1,2,[0],"[12, 13]",11,ARM64_BOUNDARY_V1,True,NONE,data/v2/reference_builds/p16_b_tree_node/p16_b_tree_node_ref,9f0c17e003f03c92e98a1f3f637604817b524e9ca0fa2d14cf93dc1099e8475d
p16,sealed_test,p16_f02_btree_alloc_node,p16_f02_btree_alloc_node,p16_f02_btree_alloc_node,True,12,58,1,2,[0],"[56, 57]",55,ARM64_BOUNDARY_V1,True,NONE,data/v2/reference_builds/p16_b_tree_node/p16_b_tree_node_ref,9f0c17e003f03c92e98a1f3f637604817b524e9ca0fa2d14cf93dc1099e8475d
p16,sealed_test,p16_f03_btree_node_is_full,p16_f03_btree_node_is_full,p16_f03_btree_node_is_full,True,5,21,1,2,[0],"[19, 20]",18,ARM64_BOUNDARY_V1,True,NONE,data/v2/reference_builds/p16_b_tree_node/p16_b_tree_node_ref,9f0c17e003f03c92e98a1f3f637604817b524e9ca0fa2d14cf93dc1099e8475d
p16,sealed_test,p16_f04_btree_find_key_idx,p16_f04_btree_find_key_idx,p16_f04_btree_find_key_idx,True,13,39,1,2,[0],"[37, 38]",36,ARM64_BOUNDARY_V1,True,NONE,data/v2/reference_builds/p16_b_tree_node/p16_b_tree_node_ref,9f0c17e003f03c92e98a1f3f637604817b524e9ca0fa2d14cf93dc1099e8475d
p16,sealed_test,p16_f05_btree_split_child,p16_f05_btree_split_child,p16_f05_btree_split_child,True,35,163,3,3,"[0, 1, 2]","[160, 161, 162]",157,ARM64_BOUNDARY_V1,True,NONE,data/v2/reference_builds/p16_b_tree_node/p16_b_tree_node_ref,9f0c17e003f03c92e98a1f3f637604817b524e9ca0fa2d14cf93dc1099e8475d
p16,sealed_test,p16_f06_btree_insert_nonfull,p16_f06_btree_insert_nonfull,p16_f06_btree_insert_nonfull,True,30,136,3,3,"[0, 1, 2]","[133, 134, 135]",130,ARM64_BOUNDARY_V1,True,NONE,data/v2/reference_builds/p16_b_tree_node/p16_b_tree_node_ref,9f0c17e003f03c92e98a1f3f637604817b524e9ca0fa2d14cf93dc1099e8475d
p16,sealed_test,p16_f07_btree_insert,p16_f07_btree_insert,p16_f07_btree_insert,True,18,109,3,3,"[0, 1, 2]","[106, 107, 108]",103,ARM64_BOUNDARY_V1,True,NONE,data/v2/reference_builds/p16_b_tree_node/p16_b_tree_node_ref,9f0c17e003f03c92e98a1f3f637604817b524e9ca0fa2d14cf93dc1099e8475d
p16,sealed_test,p16_f08_btree_search,p16_f08_btree_search,p16_f08_btree_search,True,22,90,3,3,"[0, 1, 2]","[87, 88, 89]",84,ARM64_BOUNDARY_V1,True,NONE,data/v2/reference_builds/p16_b_tree_node/p16_b_tree_node_ref,9f0c17e003f03c92e98a1f3f637604817b524e9ca0fa2d14cf93dc1099e8475d
p16,sealed_test,p16_f09_btree_traverse,p16_f09_btree_traverse,p16_f09_btree_traverse,True,9,30,3,3,"[0, 1, 2]","[27, 28, 29]",24,ARM64_BOUNDARY_V1,True,NONE,data/v2/reference_builds/p16_b_tree_node/p16_b_tree_node_ref,9f0c17e003f03c92e98a1f3f637604817b524e9ca0fa2d14cf93dc1099e8475d
p16,sealed_test,p16_f10_btree_count_keys,p16_f10_btree_count_keys,p16_f10_btree_count_keys,True,15,56,3,3,"[0, 1, 2]","[53, 54, 55]",50,ARM64_BOUNDARY_V1,True,NONE,data/v2/reference_builds/p16_b_tree_node/p16_b_tree_node_ref,9f0c17e003f03c92e98a1f3f637604817b524e9ca0fa2d14cf93dc1099e8475d
p16,sealed_test,p16_f11_btree_depth,p16_f11_btree_depth,p16_f11_btree_depth,True,10,37,3,3,"[0, 1, 2]","[34, 35, 36]",31,ARM64_BOUNDARY_V1,True,NONE,data/v2/reference_builds/p16_b_tree_node/p16_b_tree_node_ref,9f0c17e003f03c92e98a1f3f637604817b524e9ca0fa2d14cf93dc1099e8475d
p16,sealed_test,p16_f12_btree_min_key,p16_f12_btree_min_key,p16_f12_btree_min_key,True,10,37,3,3,"[0, 1, 2]","[34, 35, 36]",31,ARM64_BOUNDARY_V1,True,NONE,data/v2/reference_builds/p16_b_tree_node/p16_b_tree_node_ref,9f0c17e003f03c92e98a1f3f637604817b524e9ca0fa2d14cf93dc1099e8475d
p16,sealed_test,p16_f13_btree_max_key,p16_f13_btree_max_key,p16_f13_btree_max_key,True,10,43,3,3,"[0, 1, 2]","[40, 41, 42]",37,ARM64_BOUNDARY_V1,True,NONE,data/v2/reference_builds/p16_b_tree_node/p16_b_tree_node_ref,9f0c17e003f03c92e98a1f3f637604817b524e9ca0fa2d14cf93dc1099e8475d
p16,sealed_test,p16_f14_btree_contains,p16_f14_btree_contains,p16_f14_btree_contains,True,7,30,3,3,"[0, 1, 2]","[27, 28, 29]",24,ARM64_BOUNDARY_V1,True,NONE,data/v2/reference_builds/p16_b_tree_node/p16_b_tree_node_ref,9f0c17e003f03c92e98a1f3f637604817b524e9ca0fa2d14cf93dc1099e8475d
p16,sealed_test,p16_f15_btree_is_valid_node,p16_f15_btree_is_valid_node,p16_f15_btree_is_valid_node,True,20,74,1,2,[0],"[72, 73]",71,ARM64_BOUNDARY_V1,True,NONE,data/v2/reference_builds/p16_b_tree_node/p16_b_tree_node_ref,9f0c17e003f03c92e98a1f3f637604817b524e9ca0fa2d14cf93dc1099e8475d
p16,sealed_test,p16_f16_btree_clear,p16_f16_btree_clear,p16_f16_btree_clear,True,5,14,1,2,[0],"[12, 13]",11,ARM64_BOUNDARY_V1,True,NONE,data/v2/reference_builds/p16_b_tree_node/p16_b_tree_node_ref,9f0c17e003f03c92e98a1f3f637604817b524e9ca0fa2d14cf93dc1099e8475d
p17,sealed_test,p17_f01_tok_init,p17_f01_tok_init,p17_f01_tok_init,True,5,19,1,2,[0],"[17, 18]",16,ARM64_BOUNDARY_V1,True,NONE,data/v2/reference_builds/p17_json_tokenizer/p17_json_tokenizer_ref,52b31150180c06eba57b21763e5517e01d0f274da0103d7f8403d6c174c4588f
p17,sealed_test,p17_f02_skip_whitespace,p17_f02_skip_whitespace,p17_f02_skip_whitespace,True,18,46,1,2,[0],"[44, 45]",43,ARM64_BOUNDARY_V1,True,NONE,data/v2/reference_builds/p17_json_tokenizer/p17_json_tokenizer_ref,52b31150180c06eba57b21763e5517e01d0f274da0103d7f8403d6c174c4588f
p17,sealed_test,p17_f03_parse_string,p17_f03_parse_string,p17_f03_parse_string,True,27,103,1,2,[0],"[101, 102]",100,ARM64_BOUNDARY_V1,True,NONE,data/v2/reference_builds/p17_json_tokenizer/p17_json_tokenizer_ref,52b31150180c06eba57b21763e5517e01d0f274da0103d7f8403d6c174c4588f
p17,sealed_test,p17_f04_parse_number,p17_f04_parse_number,p17_f04_parse_number,True,45,190,1,2,[0],"[188, 189]",187,ARM64_BOUNDARY_V1,True,NONE,data/v2/reference_builds/p17_json_tokenizer/p17_json_tokenizer_ref,52b31150180c06eba57b21763e5517e01d0f274da0103d7f8403d6c174c4588f
p17,sealed_test,p17_f05_parse_literal,p17_f05_parse_literal,p17_f05_parse_literal,True,16,82,3,3,"[0, 1, 2]","[79, 80, 81]",76,ARM64_BOUNDARY_V1,True,NONE,data/v2/reference_builds/p17_json_tokenizer/p17_json_tokenizer_ref,52b31150180c06eba57b21763e5517e01d0f274da0103d7f8403d6c174c4588f
p17,sealed_test,p17_f06_next_token,p17_f06_next_token,p17_f06_next_token,True,75,299,3,3,"[0, 1, 2]","[296, 297, 298]",293,ARM64_BOUNDARY_V1,True,NONE,data/v2/reference_builds/p17_json_tokenizer/p17_json_tokenizer_ref,52b31150180c06eba57b21763e5517e01d0f274da0103d7f8403d6c174c4588f
p17,sealed_test,p17_f07_peek_token,p17_f07_peek_token,p17_f07_peek_token,True,5,27,3,3,"[0, 1, 2]","[24, 25, 26]",21,ARM64_BOUNDARY_V1,True,NONE,data/v2/reference_builds/p17_json_tokenizer/p17_json_tokenizer_ref,52b31150180c06eba57b21763e5517e01d0f274da0103d7f8403d6c174c4588f
p17,sealed_test,p17_f08_consume_expected,p17_f08_consume_expected,p17_f08_consume_expected,True,1,14,3,3,"[0, 1, 2]","[11, 12, 13]",8,ARM64_BOUNDARY_V1,True,NONE,data/v2/reference_builds/p17_json_tokenizer/p17_json_tokenizer_ref,52b31150180c06eba57b21763e5517e01d0f274da0103d7f8403d6c174c4588f
p17,sealed_test,p17_f09_validate_brackets,p17_f09_validate_brackets,p17_f09_validate_brackets,True,56,161,3,3,"[0, 1, 2]","[158, 159, 160]",155,ARM64_BOUNDARY_V1,True,NONE,data/v2/reference_builds/p17_json_tokenizer/p17_json_tokenizer_ref,52b31150180c06eba57b21763e5517e01d0f274da0103d7f8403d6c174c4588f
p17,sealed_test,p17_f10_minify_json,p17_f10_minify_json,p17_f10_minify_json,True,50,142,1,2,[0],"[140, 141]",139,ARM64_BOUNDARY_V1,True,NONE,data/v2/reference_builds/p17_json_tokenizer/p17_json_tokenizer_ref,52b31150180c06eba57b21763e5517e01d0f274da0103d7f8403d6c174c4588f
p17,sealed_test,p17_f11_count_tokens_by_type,p17_f11_count_tokens_by_type,p17_f11_count_tokens_by_type,True,12,41,3,3,"[0, 1, 2]","[38, 39, 40]",35,ARM64_BOUNDARY_V1,True,NONE,data/v2/reference_builds/p17_json_tokenizer/p17_json_tokenizer_ref,52b31150180c06eba57b21763e5517e01d0f274da0103d7f8403d6c174c4588f
p17,sealed_test,p17_f12_find_key_in_object,p17_f12_find_key_in_object,p17_f12_find_key_in_object,True,27,82,3,3,"[0, 1, 2]","[79, 80, 81]",76,ARM64_BOUNDARY_V1,True,NONE,data/v2/reference_builds/p17_json_tokenizer/p17_json_tokenizer_ref,52b31150180c06eba57b21763e5517e01d0f274da0103d7f8403d6c174c4588f
p17,sealed_test,p17_f13_extract_string_value,p17_f13_extract_string_value,p17_f13_extract_string_value,True,14,55,3,3,"[0, 1, 2]","[52, 53, 54]",49,ARM64_BOUNDARY_V1,True,NONE,data/v2/reference_builds/p17_json_tokenizer/p17_json_tokenizer_ref,52b31150180c06eba57b21763e5517e01d0f274da0103d7f8403d6c174c4588f
p17,sealed_test,p17_f14_is_valid_number,p17_f14_is_valid_number,p17_f14_is_valid_number,True,38,127,1,2,[0],"[125, 126]",124,ARM64_BOUNDARY_V1,True,NONE,data/v2/reference_builds/p17_json_tokenizer/p17_json_tokenizer_ref,52b31150180c06eba57b21763e5517e01d0f274da0103d7f8403d6c174c4588f
p17,sealed_test,p17_f15_parse_integer,p17_f15_parse_integer,p17_f15_parse_integer,True,26,93,1,2,[0],"[91, 92]",90,ARM64_BOUNDARY_V1,True,NONE,data/v2/reference_builds/p17_json_tokenizer/p17_json_tokenizer_ref,52b31150180c06eba57b21763e5517e01d0f274da0103d7f8403d6c174c4588f
p17,sealed_test,p17_f16_tok_reset,p17_f16_tok_reset,p17_f16_tok_reset,True,5,11,1,2,[0],"[9, 10]",8,ARM64_BOUNDARY_V1,True,NONE,data/v2/reference_builds/p17_json_tokenizer/p17_json_tokenizer_ref,52b31150180c06eba57b21763e5517e01d0f274da0103d7f8403d6c174c4588f
p18,sealed_test,p18_f01_vec_mean,p18_f01_vec_mean,p18_f01_vec_mean,True,12,41,1,2,[0],"[39, 40]",38,ARM64_BOUNDARY_V1,True,NONE,data/v2/reference_builds/p18_stats_vector/p18_stats_vector_ref,6806573b8420ea3f0318cd5b1eb039d195086b4562faa1d55639de0a75b9e55e
p18,sealed_test,p18_f02_vec_variance,p18_f02_vec_variance,p18_f02_vec_variance,True,12,55,3,3,"[0, 1, 2]","[52, 53, 54]",49,ARM64_BOUNDARY_V1,True,NONE,data/v2/reference_builds/p18_stats_vector/p18_stats_vector_ref,6806573b8420ea3f0318cd5b1eb039d195086b4562faa1d55639de0a75b9e55e
p18,sealed_test,p18_f03_vec_stddev,p18_f03_vec_stddev,p18_f03_vec_stddev,True,1,12,3,3,"[0, 1, 2]","[9, 10, 11]",6,ARM64_BOUNDARY_V1,True,NONE,data/v2/reference_builds/p18_stats_vector/p18_stats_vector_ref,6806573b8420ea3f0318cd5b1eb039d195086b4562faa1d55639de0a75b9e55e
p18,sealed_test,p18_f04_vec_min_max,p18_f04_vec_min_max,p18_f04_vec_min_max,True,23,71,1,2,[0],"[69, 70]",68,ARM64_BOUNDARY_V1,True,NONE,data/v2/reference_builds/p18_stats_vector/p18_stats_vector_ref,6806573b8420ea3f0318cd5b1eb039d195086b4562faa1d55639de0a75b9e55e
p18,sealed_test,p18_f05_vec_dot_product,p18_f05_vec_dot_product,p18_f05_vec_dot_product,True,14,45,1,2,[0],"[43, 44]",42,ARM64_BOUNDARY_V1,True,NONE,data/v2/reference_builds/p18_stats_vector/p18_stats_vector_ref,6806573b8420ea3f0318cd5b1eb039d195086b4562faa1d55639de0a75b9e55e
p18,sealed_test,p18_f06_vec_l1_norm,p18_f06_vec_l1_norm,p18_f06_vec_l1_norm,True,12,39,1,2,[0],"[37, 38]",36,ARM64_BOUNDARY_V1,True,NONE,data/v2/reference_builds/p18_stats_vector/p18_stats_vector_ref,6806573b8420ea3f0318cd5b1eb039d195086b4562faa1d55639de0a75b9e55e
p18,sealed_test,p18_f07_vec_l2_norm,p18_f07_vec_l2_norm,p18_f07_vec_l2_norm,True,1,13,3,3,"[0, 1, 2]","[10, 11, 12]",7,ARM64_BOUNDARY_V1,True,NONE,data/v2/reference_builds/p18_stats_vector/p18_stats_vector_ref,6806573b8420ea3f0318cd5b1eb039d195086b4562faa1d55639de0a75b9e55e
p18,sealed_test,p18_f08_vec_cosine_similarity,p18_f08_vec_cosine_similarity,p18_f08_vec_cosine_similarity,True,7,41,3,3,"[0, 1, 2]","[38, 39, 40]",35,ARM64_BOUNDARY_V1,True,NONE,data/v2/reference_builds/p18_stats_vector/p18_stats_vector_ref,6806573b8420ea3f0318cd5b1eb039d195086b4562faa1d55639de0a75b9e55e
p18,sealed_test,p18_f09_vec_normalize,p18_f09_vec_normalize,p18_f09_vec_normalize,True,10,46,3,3,"[0, 1, 2]","[43, 44, 45]",40,ARM64_BOUNDARY_V1,True,NONE,data/v2/reference_builds/p18_stats_vector/p18_stats_vector_ref,6806573b8420ea3f0318cd5b1eb039d195086b4562faa1d55639de0a75b9e55e
p18,sealed_test,p18_f10_vec_pearson_corr,p18_f10_vec_pearson_corr,p18_f10_vec_pearson_corr,True,18,94,3,3,"[0, 1, 2]","[91, 92, 93]",88,ARM64_BOUNDARY_V1,True,NONE,data/v2/reference_builds/p18_stats_vector/p18_stats_vector_ref,6806573b8420ea3f0318cd5b1eb039d195086b4562faa1d55639de0a75b9e55e
p18,sealed_test,p18_f11_vec_z_score,p18_f11_vec_z_score,p18_f11_vec_z_score,True,21,70,3,3,"[0, 1, 2]","[67, 68, 69]",64,ARM64_BOUNDARY_V1,True,NONE,data/v2/reference_builds/p18_stats_vector/p18_stats_vector_ref,6806573b8420ea3f0318cd5b1eb039d195086b4562faa1d55639de0a75b9e55e
p18,sealed_test,p18_f12_vec_histogram,p18_f12_vec_histogram,p18_f12_vec_histogram,True,28,97,1,2,[0],"[95, 96]",94,ARM64_BOUNDARY_V1,True,NONE,data/v2/reference_builds/p18_stats_vector/p18_stats_vector_ref,6806573b8420ea3f0318cd5b1eb039d195086b4562faa1d55639de0a75b9e55e
p18,sealed_test,p18_f13_vec_median,p18_f13_vec_median,p18_f13_vec_median,True,10,51,3,3,"[0, 1, 2]","[48, 49, 50]",45,ARM64_BOUNDARY_V1,True,NONE,data/v2/reference_builds/p18_stats_vector/p18_stats_vector_ref,6806573b8420ea3f0318cd5b1eb039d195086b4562faa1d55639de0a75b9e55e
p18,sealed_test,p18_f14_vec_quantile,p18_f14_vec_quantile,p18_f14_vec_quantile,True,11,43,3,3,"[0, 1, 2]","[40, 41, 42]",37,ARM64_BOUNDARY_V1,True,NONE,data/v2/reference_builds/p18_stats_vector/p18_stats_vector_ref,6806573b8420ea3f0318cd5b1eb039d195086b4562faa1d55639de0a75b9e55e
p18,sealed_test,p18_f15_vec_covariance,p18_f15_vec_covariance,p18_f15_vec_covariance,True,14,65,3,3,"[0, 1, 2]","[62, 63, 64]",59,ARM64_BOUNDARY_V1,True,NONE,data/v2/reference_builds/p18_stats_vector/p18_stats_vector_ref,6806573b8420ea3f0318cd5b1eb039d195086b4562faa1d55639de0a75b9e55e
p18,sealed_test,p18_f16_vec_scale_add,p18_f16_vec_scale_add,p18_f16_vec_scale_add,True,11,36,1,2,[0],"[34, 35]",33,ARM64_BOUNDARY_V1,True,NONE,data/v2/reference_builds/p18_stats_vector/p18_stats_vector_ref,6806573b8420ea3f0318cd5b1eb039d195086b4562faa1d55639de0a75b9e55e
p19,sealed_test,p19_f01_sp_init,p19_f01_sp_init,p19_f01_sp_init,True,18,58,1,2,[0],"[56, 57]",55,ARM64_BOUNDARY_V1,True,NONE,data/v2/reference_builds/p19_shortest_path/p19_shortest_path_ref,507ed15c36b340c97cefd40a323287bfedf234ea3c8d8e280861c7ad56d7d592
p19,sealed_test,p19_f02_sp_add_edge,p19_f02_sp_add_edge,p19_f02_sp_add_edge,True,9,42,1,2,[0],"[40, 41]",39,ARM64_BOUNDARY_V1,True,NONE,data/v2/reference_builds/p19_shortest_path/p19_shortest_path_ref,507ed15c36b340c97cefd40a323287bfedf234ea3c8d8e280861c7ad56d7d592
p19,sealed_test,p19_f03_dijkstra,p19_f03_dijkstra,p19_f03_dijkstra,True,53,194,3,3,"[0, 1, 2]","[191, 192, 193]",188,ARM64_BOUNDARY_V1,True,NONE,data/v2/reference_builds/p19_shortest_path/p19_shortest_path_ref,507ed15c36b340c97cefd40a323287bfedf234ea3c8d8e280861c7ad56d7d592
p19,sealed_test,p19_f04_bellman_ford,p19_f04_bellman_ford,p19_f04_bellman_ford,True,57,214,1,2,[0],"[212, 213]",211,ARM64_BOUNDARY_V1,True,NONE,data/v2/reference_builds/p19_shortest_path/p19_shortest_path_ref,507ed15c36b340c97cefd40a323287bfedf234ea3c8d8e280861c7ad56d7d592
p19,sealed_test,p19_f05_floyd_warshall,p19_f05_floyd_warshall,p19_f05_floyd_warshall,True,39,159,1,2,[0],"[157, 158]",156,ARM64_BOUNDARY_V1,True,NONE,data/v2/reference_builds/p19_shortest_path/p19_shortest_path_ref,507ed15c36b340c97cefd40a323287bfedf234ea3c8d8e280861c7ad56d7d592
p19,sealed_test,p19_f06_reconstruct_path,p19_f06_reconstruct_path,p19_f06_reconstruct_path,True,28,103,4,4,"[0, 1, 2, 3]","[99, 100, 101, 102]",95,ARM64_BOUNDARY_V1,True,NONE,data/v2/reference_builds/p19_shortest_path/p19_shortest_path_ref,507ed15c36b340c97cefd40a323287bfedf234ea3c8d8e280861c7ad56d7d592
p19,sealed_test,p19_f07_has_negative_cycle,p19_f07_has_negative_cycle,p19_f07_has_negative_cycle,True,8,40,3,3,"[0, 1, 2]","[37, 38, 39]",34,ARM64_BOUNDARY_V1,True,NONE,data/v2/reference_builds/p19_shortest_path/p19_shortest_path_ref,507ed15c36b340c97cefd40a323287bfedf234ea3c8d8e280861c7ad56d7d592
p19,sealed_test,p19_f08_bidirectional_dijkstra,p19_f08_bidirectional_dijkstra,p19_f08_bidirectional_dijkstra,True,12,62,4,4,"[0, 1, 2, 3]","[58, 59, 60, 61]",54,ARM64_BOUNDARY_V1,True,NONE,data/v2/reference_builds/p19_shortest_path/p19_shortest_path_ref,507ed15c36b340c97cefd40a323287bfedf234ea3c8d8e280861c7ad56d7d592
p19,sealed_test,p19_f09_prim_mst,p19_f09_prim_mst,p19_f09_prim_mst,True,45,186,3,3,"[0, 1, 2]","[183, 184, 185]",180,ARM64_BOUNDARY_V1,True,NONE,data/v2/reference_builds/p19_shortest_path/p19_shortest_path_ref,507ed15c36b340c97cefd40a323287bfedf234ea3c8d8e280861c7ad56d7d592
p19,sealed_test,p19_f10_kruskal_mst,p19_f10_kruskal_mst,p19_f10_kruskal_mst,True,1,10,3,3,"[0, 1, 2]","[7, 8, 9]",4,ARM64_BOUNDARY_V1,True,NONE,data/v2/reference_builds/p19_shortest_path/p19_shortest_path_ref,507ed15c36b340c97cefd40a323287bfedf234ea3c8d8e280861c7ad56d7d592
p19,sealed_test,p19_f11_eccentricity,p19_f11_eccentricity,p19_f11_eccentricity,True,20,78,3,3,"[0, 1, 2]","[75, 76, 77]",72,ARM64_BOUNDARY_V1,True,NONE,data/v2/reference_builds/p19_shortest_path/p19_shortest_path_ref,507ed15c36b340c97cefd40a323287bfedf234ea3c8d8e280861c7ad56d7d592
p19,sealed_test,p19_f12_graph_diameter,p19_f12_graph_diameter,p19_f12_graph_diameter,True,15,48,3,3,"[0, 1, 2]","[45, 46, 47]",42,ARM64_BOUNDARY_V1,True,NONE,data/v2/reference_builds/p19_shortest_path/p19_shortest_path_ref,507ed15c36b340c97cefd40a323287bfedf234ea3c8d8e280861c7ad56d7d592
p19,sealed_test,p19_f13_graph_radius,p19_f13_graph_radius,p19_f13_graph_radius,True,13,44,3,3,"[0, 1, 2]","[41, 42, 43]",38,ARM64_BOUNDARY_V1,True,NONE,data/v2/reference_builds/p19_shortest_path/p19_shortest_path_ref,507ed15c36b340c97cefd40a323287bfedf234ea3c8d8e280861c7ad56d7d592
p19,sealed_test,p19_f14_count_connected_components,p19_f14_count_connected_components,p19_f14_count_connected_components,True,37,154,4,4,"[0, 1, 2, 3]","[150, 151, 152, 153]",146,ARM64_BOUNDARY_V1,True,NONE,data/v2/reference_builds/p19_shortest_path/p19_shortest_path_ref,507ed15c36b340c97cefd40a323287bfedf234ea3c8d8e280861c7ad56d7d592
p19,sealed_test,p19_f15_is_bipartite,p19_f15_is_bipartite,p19_f15_is_bipartite,True,40,160,4,4,"[0, 1, 2, 3]","[156, 157, 158, 159]",152,ARM64_BOUNDARY_V1,True,NONE,data/v2/reference_builds/p19_shortest_path/p19_shortest_path_ref,507ed15c36b340c97cefd40a323287bfedf234ea3c8d8e280861c7ad56d7d592
p19,sealed_test,p19_f16_sp_clear,p19_f16_sp_clear,p19_f16_sp_clear,True,5,16,3,3,"[0, 1, 2]","[13, 14, 15]",10,ARM64_BOUNDARY_V1,True,NONE,data/v2/reference_builds/p19_shortest_path/p19_shortest_path_ref,507ed15c36b340c97cefd40a323287bfedf234ea3c8d8e280861c7ad56d7d592
p20,sealed_test,p20_f01_ring_init,p20_f01_ring_init,p20_f01_ring_init,True,9,31,1,2,[0],"[29, 30]",28,ARM64_BOUNDARY_V1,True,NONE,data/v2/reference_builds/p20_ring_frame/p20_ring_frame_ref,80cc6c8327ea6a8ae85009c2d6ca85e41989c01863c516c97b0176113645bac0
p20,sealed_test,p20_f02_ring_is_empty,p20_f02_ring_is_empty,p20_f02_ring_is_empty,True,5,21,1,2,[0],"[19, 20]",18,ARM64_BOUNDARY_V1,True,NONE,data/v2/reference_builds/p20_ring_frame/p20_ring_frame_ref,80cc6c8327ea6a8ae85009c2d6ca85e41989c01863c516c97b0176113645bac0
p20,sealed_test,p20_f03_ring_is_full,p20_f03_ring_is_full,p20_f03_ring_is_full,True,5,21,1,2,[0],"[19, 20]",18,ARM64_BOUNDARY_V1,True,NONE,data/v2/reference_builds/p20_ring_frame/p20_ring_frame_ref,80cc6c8327ea6a8ae85009c2d6ca85e41989c01863c516c97b0176113645bac0
p20,sealed_test,p20_f04_ring_available,p20_f04_ring_available,p20_f04_ring_available,True,5,14,1,2,[0],"[12, 13]",11,ARM64_BOUNDARY_V1,True,NONE,data/v2/reference_builds/p20_ring_frame/p20_ring_frame_ref,80cc6c8327ea6a8ae85009c2d6ca85e41989c01863c516c97b0176113645bac0
p20,sealed_test,p20_f05_ring_free_space,p20_f05_ring_free_space,p20_f05_ring_free_space,True,5,16,1,2,[0],"[14, 15]",13,ARM64_BOUNDARY_V1,True,NONE,data/v2/reference_builds/p20_ring_frame/p20_ring_frame_ref,80cc6c8327ea6a8ae85009c2d6ca85e41989c01863c516c97b0176113645bac0
p20,sealed_test,p20_f06_ring_write_byte,p20_f06_ring_write_byte,p20_f06_ring_write_byte,True,10,56,1,2,[0],"[54, 55]",53,ARM64_BOUNDARY_V1,True,NONE,data/v2/reference_builds/p20_ring_frame/p20_ring_frame_ref,80cc6c8327ea6a8ae85009c2d6ca85e41989c01863c516c97b0176113645bac0
p20,sealed_test,p20_f07_ring_read_byte,p20_f07_ring_read_byte,p20_f07_ring_read_byte,True,10,48,1,2,[0],"[46, 47]",45,ARM64_BOUNDARY_V1,True,NONE,data/v2/reference_builds/p20_ring_frame/p20_ring_frame_ref,80cc6c8327ea6a8ae85009c2d6ca85e41989c01863c516c97b0176113645bac0
p20,sealed_test,p20_f08_ring_write_slice,p20_f08_ring_write_slice,p20_f08_ring_write_slice,True,17,73,1,2,[0],"[71, 72]",70,ARM64_BOUNDARY_V1,True,NONE,data/v2/reference_builds/p20_ring_frame/p20_ring_frame_ref,80cc6c8327ea6a8ae85009c2d6ca85e41989c01863c516c97b0176113645bac0
p20,sealed_test,p20_f09_ring_read_slice,p20_f09_ring_read_slice,p20_f09_ring_read_slice,True,14,61,1,2,[0],"[59, 60]",58,ARM64_BOUNDARY_V1,True,NONE,data/v2/reference_builds/p20_ring_frame/p20_ring_frame_ref,80cc6c8327ea6a8ae85009c2d6ca85e41989c01863c516c97b0176113645bac0
p20,sealed_test,p20_f10_ring_peek_byte,p20_f10_ring_peek_byte,p20_f10_ring_peek_byte,True,10,46,1,2,[0],"[44, 45]",43,ARM64_BOUNDARY_V1,True,NONE,data/v2/reference_builds/p20_ring_frame/p20_ring_frame_ref,80cc6c8327ea6a8ae85009c2d6ca85e41989c01863c516c97b0176113645bac0
p20,sealed_test,p20_f11_ring_discard,p20_f11_ring_discard,p20_f11_ring_discard,True,9,44,1,2,[0],"[42, 43]",41,ARM64_BOUNDARY_V1,True,NONE,data/v2/reference_builds/p20_ring_frame/p20_ring_frame_ref,80cc6c8327ea6a8ae85009c2d6ca85e41989c01863c516c97b0176113645bac0
p20,sealed_test,p20_f12_ring_find_marker,p20_f12_ring_find_marker,p20_f12_ring_find_marker,True,27,85,1,2,[0],"[83, 84]",82,ARM64_BOUNDARY_V1,True,NONE,data/v2/reference_builds/p20_ring_frame/p20_ring_frame_ref,80cc6c8327ea6a8ae85009c2d6ca85e41989c01863c516c97b0176113645bac0
p20,sealed_test,p20_f13_ring_linearize,p20_f13_ring_linearize,p20_f13_ring_linearize,True,16,60,1,2,[0],"[58, 59]",57,ARM64_BOUNDARY_V1,True,NONE,data/v2/reference_builds/p20_ring_frame/p20_ring_frame_ref,80cc6c8327ea6a8ae85009c2d6ca85e41989c01863c516c97b0176113645bac0
p20,sealed_test,p20_f14_ring_high_watermark,p20_f14_ring_high_watermark,p20_f14_ring_high_watermark,True,5,14,1,2,[0],"[12, 13]",11,ARM64_BOUNDARY_V1,True,NONE,data/v2/reference_builds/p20_ring_frame/p20_ring_frame_ref,80cc6c8327ea6a8ae85009c2d6ca85e41989c01863c516c97b0176113645bac0
p20,sealed_test,p20_f15_ring_checksum,p20_f15_ring_checksum,p20_f15_ring_checksum,True,10,40,1,2,[0],"[38, 39]",37,ARM64_BOUNDARY_V1,True,NONE,data/v2/reference_builds/p20_ring_frame/p20_ring_frame_ref,80cc6c8327ea6a8ae85009c2d6ca85e41989c01863c516c97b0176113645bac0
p20,sealed_test,p20_f16_ring_clear,p20_f16_ring_clear,p20_f16_ring_clear,True,5,14,3,3,"[0, 1, 2]","[11, 12, 13]",8,ARM64_BOUNDARY_V1,True,NONE,data/v2/reference_builds/p20_ring_frame/p20_ring_frame_ref,80cc6c8327ea6a8ae85009c2d6ca85e41989c01863c516c97b0176113645bac0
p21,sealed_test,p21_f01_log_init,p21_f01_log_init,p21_f01_log_init,True,5,16,1,2,[0],"[14, 15]",13,ARM64_BOUNDARY_V1,True,NONE,data/v2/reference_builds/p21_circular_log/p21_circular_log_ref,d47bc79db762534954f8b1e726a8545543efea637f66bbad4b8f5fdcbcd768ab
p21,sealed_test,p21_f02_log_append,p21_f02_log_append,p21_f02_log_append,True,10,74,3,3,"[0, 1, 2]","[71, 72, 73]",68,ARM64_BOUNDARY_V1,True,NONE,data/v2/reference_builds/p21_circular_log/p21_circular_log_ref,d47bc79db762534954f8b1e726a8545543efea637f66bbad4b8f5fdcbcd768ab
p21,sealed_test,p21_f03_log_get_by_seq,p21_f03_log_get_by_seq,p21_f03_log_get_by_seq,True,18,86,3,3,"[0, 1, 2]","[83, 84, 85]",80,ARM64_BOUNDARY_V1,True,NONE,data/v2/reference_builds/p21_circular_log/p21_circular_log_ref,d47bc79db762534954f8b1e726a8545543efea637f66bbad4b8f5fdcbcd768ab
p21,sealed_test,p21_f04_log_get_latest,p21_f04_log_get_latest,p21_f04_log_get_latest,True,10,48,3,3,"[0, 1, 2]","[45, 46, 47]",42,ARM64_BOUNDARY_V1,True,NONE,data/v2/reference_builds/p21_circular_log/p21_circular_log_ref,d47bc79db762534954f8b1e726a8545543efea637f66bbad4b8f5fdcbcd768ab
p21,sealed_test,p21_f05_log_get_oldest,p21_f05_log_get_oldest,p21_f05_log_get_oldest,True,10,50,3,3,"[0, 1, 2]","[47, 48, 49]",44,ARM64_BOUNDARY_V1,True,NONE,data/v2/reference_builds/p21_circular_log/p21_circular_log_ref,d47bc79db762534954f8b1e726a8545543efea637f66bbad4b8f5fdcbcd768ab
p21,sealed_test,p21_f06_log_count,p21_f06_log_count,p21_f06_log_count,True,5,14,1,2,[0],"[12, 13]",11,ARM64_BOUNDARY_V1,True,NONE,data/v2/reference_builds/p21_circular_log/p21_circular_log_ref,d47bc79db762534954f8b1e726a8545543efea637f66bbad4b8f5fdcbcd768ab
p21,sealed_test,p21_f07_log_filter_level,p21_f07_log_filter_level,p21_f07_log_filter_level,True,20,93,3,3,"[0, 1, 2]","[90, 91, 92]",87,ARM64_BOUNDARY_V1,True,NONE,data/v2/reference_builds/p21_circular_log/p21_circular_log_ref,d47bc79db762534954f8b1e726a8545543efea637f66bbad4b8f5fdcbcd768ab
p21,sealed_test,p21_f08_log_search_substring,p21_f08_log_search_substring,p21_f08_log_search_substring,True,17,74,3,3,"[0, 1, 2]","[71, 72, 73]",68,ARM64_BOUNDARY_V1,True,NONE,data/v2/reference_builds/p21_circular_log/p21_circular_log_ref,d47bc79db762534954f8b1e726a8545543efea637f66bbad4b8f5fdcbcd768ab
p21,sealed_test,p21_f09_log_checksum,p21_f09_log_checksum,p21_f09_log_checksum,True,10,63,1,2,[0],"[61, 62]",60,ARM64_BOUNDARY_V1,True,NONE,data/v2/reference_builds/p21_circular_log/p21_circular_log_ref,d47bc79db762534954f8b1e726a8545543efea637f66bbad4b8f5fdcbcd768ab
p21,sealed_test,p21_f10_log_verify_checksum,p21_f10_log_verify_checksum,p21_f10_log_verify_checksum,True,1,13,3,3,"[0, 1, 2]","[10, 11, 12]",7,ARM64_BOUNDARY_V1,True,NONE,data/v2/reference_builds/p21_circular_log/p21_circular_log_ref,d47bc79db762534954f8b1e726a8545543efea637f66bbad4b8f5fdcbcd768ab
p21,sealed_test,p21_f11_rle_compress,p21_f11_rle_compress,p21_f11_rle_compress,True,25,97,1,2,[0],"[95, 96]",94,ARM64_BOUNDARY_V1,True,NONE,data/v2/reference_builds/p21_circular_log/p21_circular_log_ref,d47bc79db762534954f8b1e726a8545543efea637f66bbad4b8f5fdcbcd768ab
p21,sealed_test,p21_f12_rle_decompress,p21_f12_rle_decompress,p21_f12_rle_decompress,True,24,82,1,2,[0],"[80, 81]",79,ARM64_BOUNDARY_V1,True,NONE,data/v2/reference_builds/p21_circular_log/p21_circular_log_ref,d47bc79db762534954f8b1e726a8545543efea637f66bbad4b8f5fdcbcd768ab
p21,sealed_test,p21_f13_log_filter_timestamp,p21_f13_log_filter_timestamp,p21_f13_log_filter_timestamp,True,22,104,3,3,"[0, 1, 2]","[101, 102, 103]",98,ARM64_BOUNDARY_V1,True,NONE,data/v2/reference_builds/p21_circular_log/p21_circular_log_ref,d47bc79db762534954f8b1e726a8545543efea637f66bbad4b8f5fdcbcd768ab
p21,sealed_test,p21_f14_log_truncate_older,p21_f14_log_truncate_older,p21_f14_log_truncate_older,True,14,47,1,2,[0],"[45, 46]",44,ARM64_BOUNDARY_V1,True,NONE,data/v2/reference_builds/p21_circular_log/p21_circular_log_ref,d47bc79db762534954f8b1e726a8545543efea637f66bbad4b8f5fdcbcd768ab
p21,sealed_test,p21_f15_log_export_stats,p21_f15_log_export_stats,p21_f15_log_export_stats,True,14,73,1,2,[0],"[71, 72]",70,ARM64_BOUNDARY_V1,True,NONE,data/v2/reference_builds/p21_circular_log/p21_circular_log_ref,d47bc79db762534954f8b1e726a8545543efea637f66bbad4b8f5fdcbcd768ab
p21,sealed_test,p21_f16_log_clear,p21_f16_log_clear,p21_f16_log_clear,True,5,14,3,3,"[0, 1, 2]","[11, 12, 13]",8,ARM64_BOUNDARY_V1,True,NONE,data/v2/reference_builds/p21_circular_log/p21_circular_log_ref,d47bc79db762534954f8b1e726a8545543efea637f66bbad4b8f5fdcbcd768ab
