program_id,program_name,domain,split,source_file,header_file,test_file,num_candidate_functions,provenance,description
p01,p01_crc_fletcher,crypto_checksum,train,data/v2/train/p01_crc_fletcher/p01_crc_fletcher.c,data/v2/train/p01_crc_fletcher/p01_crc_fletcher.h,data/v2/train/p01_crc_fletcher/test_p01_crc_fletcher.c,16,newly_authored_dataset_v2,Cyclic redundancy checks and Fletcher/BSD/SysV checksum algorithms
p02,p02_binary_heap,data_structures,train,data/v2/train/p02_binary_heap/p02_binary_heap.c,data/v2/train/p02_binary_heap/p02_binary_heap.h,data/v2/train/p02_binary_heap/test_p02_binary_heap.c,16,newly_authored_dataset_v2,Binary min-heap operations heapsort and priority queue algorithms
p03,p03_string_token,string_text,train,data/v2/train/p03_string_token/p03_string_token.c,data/v2/train/p03_string_token/p03_string_token.h,data/v2/train/p03_string_token/test_p03_string_token.c,16,newly_authored_dataset_v2,String tokenization delimiters Boyer-Moore search and string manipulation
p04,p04_matrix_linear,numerical_math,train,data/v2/train/p04_matrix_linear/p04_matrix_linear.c,data/v2/train/p04_matrix_linear/p04_matrix_linear.h,data/v2/train/p04_matrix_linear/test_p04_matrix_linear.c,16,newly_authored_dataset_v2,Linear algebra 4x4 matrix operations determinant inversion and transformations
p05,p05_graph_traversal,graph_algorithms,train,data/v2/train/p05_graph_traversal/p05_graph_traversal.c,data/v2/train/p05_graph_traversal/p05_graph_traversal.h,data/v2/train/p05_graph_traversal/test_p05_graph_traversal.c,16,newly_authored_dataset_v2,Adjacency matrix graph BFS DFS Kosaraju SCC and connectivity algorithms
p06,p06_packet_tlv,network_packet,train,data/v2/train/p06_packet_tlv/p06_packet_tlv.c,data/v2/train/p06_packet_tlv/p06_packet_tlv.h,data/v2/train/p06_packet_tlv/test_p06_packet_tlv.c,16,newly_authored_dataset_v2,Network packet framing Type-Length-Value encoding and parsing
p07,p07_slab_allocator,system_memory,train,data/v2/train/p07_slab_allocator/p07_slab_allocator.c,data/v2/train/p07_slab_allocator/p07_slab_allocator.h,data/v2/train/p07_slab_allocator/test_p07_slab_allocator.c,16,newly_authored_dataset_v2,Fixed-size slab block memory allocator freelist and buffer management
p08,p08_adler_siphash,crypto_checksum,dev,data/v2/dev/p08_adler_siphash/p08_adler_siphash.c,data/v2/dev/p08_adler_siphash/p08_adler_siphash.h,data/v2/dev/p08_adler_siphash/test_p08_adler_siphash.c,16,newly_authored_dataset_v2,Adler32 SipHash-2-4 Half-SipHash DJB2 SDBM and rolling hash algorithms
p09,p09_avl_tree,data_structures,dev,data/v2/dev/p09_avl_tree/p09_avl_tree.c,data/v2/dev/p09_avl_tree/p09_avl_tree.h,data/v2/dev/p09_avl_tree/test_p09_avl_tree.c,16,newly_authored_dataset_v2,Self-balancing AVL tree rotations insertions deletions and traversals
p10,p10_regex_nfa,string_text,dev,data/v2/dev/p10_regex_nfa/p10_regex_nfa.c,data/v2/dev/p10_regex_nfa/p10_regex_nfa.h,data/v2/dev/p10_regex_nfa/test_p10_regex_nfa.c,16,newly_authored_dataset_v2,Thompson NFA state machine regular expression simulation and matching
p11,p11_fixed_point,numerical_math,dev,data/v2/dev/p11_fixed_point/p11_fixed_point.c,data/v2/dev/p11_fixed_point/p11_fixed_point.h,data/v2/dev/p11_fixed_point/test_p11_fixed_point.c,16,newly_authored_dataset_v2,Q16.16 fixed-point arithmetic Taylor series and CORDIC trigonometry
p12,p12_topological_dag,graph_algorithms,dev,data/v2/dev/p12_topological_dag/p12_topological_dag.c,data/v2/dev/p12_topological_dag/p12_topological_dag.h,data/v2/dev/p12_topological_dag/test_p12_topological_dag.c,16,newly_authored_dataset_v2,Directed Acyclic Graph Kahn toposort longest path and transitive reduction
p13,p13_slip_framing,network_packet,dev,data/v2/dev/p13_slip_framing/p13_slip_framing.c,data/v2/dev/p13_slip_framing/p13_slip_framing.h,data/v2/dev/p13_slip_framing/test_p13_slip_framing.c,16,newly_authored_dataset_v2,Serial Line Internet Protocol SLIP COBS framing and FCS16 verification
p14,p14_bitmap_index,system_memory,dev,data/v2/dev/p14_bitmap_index/p14_bitmap_index.c,data/v2/dev/p14_bitmap_index/p14_bitmap_index.h,data/v2/dev/p14_bitmap_index/test_p14_bitmap_index.c,16,newly_authored_dataset_v2,64-bit word bitmap indexing bit manipulation popcount and range filling
p15,p15_fnv_murmur,crypto_checksum,sealed_test,data/v2/sealed_test/p15_fnv_murmur/p15_fnv_murmur.c,data/v2/sealed_test/p15_fnv_murmur/p15_fnv_murmur.h,data/v2/sealed_test/p15_fnv_murmur/test_p15_fnv_murmur.c,16,newly_authored_dataset_v2,FNV-1 FNV-1a MurmurHash3 Jenkins SuperFastHash and non-cryptographic hashes
p16,p16_b_tree_node,data_structures,sealed_test,data/v2/sealed_test/p16_b_tree_node/p16_b_tree_node.c,data/v2/sealed_test/p16_b_tree_node/p16_b_tree_node.h,data/v2/sealed_test/p16_b_tree_node/test_p16_b_tree_node.c,16,newly_authored_dataset_v2,B-Tree node indexing child splitting and multiway search tree traversal
p17,p17_json_tokenizer,string_text,sealed_test,data/v2/sealed_test/p17_json_tokenizer/p17_json_tokenizer.c,data/v2/sealed_test/p17_json_tokenizer/p17_json_tokenizer.h,data/v2/sealed_test/p17_json_tokenizer/test_p17_json_tokenizer.c,16,newly_authored_dataset_v2,JSON lexical tokenizer minifier key extractor and syntax validator
p18,p18_stats_vector,numerical_math,sealed_test,data/v2/sealed_test/p18_stats_vector/p18_stats_vector.c,data/v2/sealed_test/p18_stats_vector/p18_stats_vector.h,data/v2/sealed_test/p18_stats_vector/test_p18_stats_vector.c,16,newly_authored_dataset_v2,Vector statistical metrics Pearson correlation L1/L2 norms and quantiles
p19,p19_shortest_path,graph_algorithms,sealed_test,data/v2/sealed_test/p19_shortest_path/p19_shortest_path.c,data/v2/sealed_test/p19_shortest_path/p19_shortest_path.h,data/v2/sealed_test/p19_shortest_path/test_p19_shortest_path.c,16,newly_authored_dataset_v2,Dijkstra Bellman-Ford Floyd-Warshall path reconstruction and MST algorithms
p20,p20_ring_frame,network_packet,sealed_test,data/v2/sealed_test/p20_ring_frame/p20_ring_frame.c,data/v2/sealed_test/p20_ring_frame/p20_ring_frame.h,data/v2/sealed_test/p20_ring_frame/test_p20_ring_frame.c,16,newly_authored_dataset_v2,Circular ring buffer stream framer marker search and linear unrolling
p21,p21_circular_log,system_memory,sealed_test,data/v2/sealed_test/p21_circular_log/p21_circular_log.c,data/v2/sealed_test/p21_circular_log/p21_circular_log.h,data/v2/sealed_test/p21_circular_log/test_p21_circular_log.c,16,newly_authored_dataset_v2,Circular memory log record ring buffer RLE compression and timestamp filtering
