program_id,split,function_id,direct_eligible_callees,transitive_eligible_callees,non_function_support_dependencies,noneligible_function_support,notes
p01,train,p01_f01_crc8_smbus,NONE,NONE,"P01_NOINLINE,P01_CRC_FLETCHER_H",NONE,standalone
p01,train,p01_f02_crc8_cdma,NONE,NONE,"P01_NOINLINE,P01_CRC_FLETCHER_H",NONE,standalone
p01,train,p01_f03_crc16_ccitt,NONE,NONE,"P01_NOINLINE,P01_CRC_FLETCHER_H",NONE,standalone
p01,train,p01_f04_crc16_modbus,NONE,NONE,"P01_NOINLINE,P01_CRC_FLETCHER_H",NONE,standalone
p01,train,p01_f05_crc32_ieee,NONE,NONE,"P01_NOINLINE,P01_CRC_FLETCHER_H",NONE,standalone
p01,train,p01_f06_crc32_table_driven,NONE,NONE,"P01_NOINLINE,P01_CRC_FLETCHER_H",NONE,standalone
p01,train,p01_f07_fletcher16,NONE,NONE,"P01_NOINLINE,P01_CRC_FLETCHER_H",NONE,standalone
p01,train,p01_f08_fletcher32,NONE,NONE,"P01_NOINLINE,P01_CRC_FLETCHER_H",NONE,standalone
p01,train,p01_f09_bsd_checksum,NONE,NONE,"P01_NOINLINE,P01_CRC_FLETCHER_H",NONE,standalone
p01,train,p01_f10_sysv_checksum,NONE,NONE,"P01_NOINLINE,P01_CRC_FLETCHER_H",NONE,standalone
p01,train,p01_f11_luhn_validate,NONE,NONE,"P01_NOINLINE,P01_CRC_FLETCHER_H",NONE,standalone
p01,train,p01_f12_xor8_block,NONE,NONE,"P01_NOINLINE,P01_CRC_FLETCHER_H",NONE,standalone
p01,train,p01_f13_internet_checksum,NONE,NONE,"P01_NOINLINE,P01_CRC_FLETCHER_H",NONE,standalone
p01,train,p01_f14_adler16_simple,NONE,NONE,"P01_NOINLINE,P01_CRC_FLETCHER_H",NONE,standalone
p01,train,p01_f15_pearson_hash8,NONE,NONE,"P01_NOINLINE,P01_CRC_FLETCHER_H",NONE,standalone
p01,train,p01_f16_checksum_combine,NONE,NONE,"P01_NOINLINE,P01_CRC_FLETCHER_H",NONE,standalone
p02,train,p02_f01_heap_init,NONE,NONE,"p02_heap_t,P02_MAX_CAP,P02_NOINLINE",NONE,standalone
p02,train,p02_f02_heap_sift_up,NONE,NONE,"p02_heap_t,P02_MAX_CAP,P02_NOINLINE",NONE,standalone
p02,train,p02_f03_heap_sift_down,NONE,NONE,"p02_heap_t,P02_MAX_CAP,P02_NOINLINE",NONE,standalone
p02,train,p02_f04_heap_push,p02_f02_heap_sift_up,p02_f02_heap_sift_up,"p02_heap_t,P02_MAX_CAP,P02_NOINLINE",NONE,calls 1 eligible function(s)
p02,train,p02_f05_heap_pop_min,p02_f03_heap_sift_down,p02_f03_heap_sift_down,"p02_heap_t,P02_MAX_CAP,P02_NOINLINE",NONE,calls 1 eligible function(s)
p02,train,p02_f06_heap_peek,NONE,NONE,"p02_heap_t,P02_MAX_CAP,P02_NOINLINE",NONE,standalone
p02,train,p02_f07_heapify_array,p02_f01_heap_init;p02_f03_heap_sift_down,p02_f01_heap_init;p02_f03_heap_sift_down,"p02_heap_t,P02_MAX_CAP,P02_NOINLINE",NONE,calls 2 eligible function(s)
p02,train,p02_f08_heapsort_asc,p02_f05_heap_pop_min;p02_f07_heapify_array,p02_f01_heap_init;p02_f03_heap_sift_down;p02_f05_heap_pop_min;p02_f07_heapify_array,"p02_heap_t,P02_MAX_CAP,P02_NOINLINE",NONE,calls 2 eligible function(s)
p02,train,p02_f09_heap_replace,p02_f03_heap_sift_down,p02_f03_heap_sift_down,"p02_heap_t,P02_MAX_CAP,P02_NOINLINE",NONE,calls 1 eligible function(s)
p02,train,p02_f10_heap_delete_at,p02_f02_heap_sift_up;p02_f03_heap_sift_down,p02_f02_heap_sift_up;p02_f03_heap_sift_down,"p02_heap_t,P02_MAX_CAP,P02_NOINLINE",NONE,calls 2 eligible function(s)
p02,train,p02_f11_heap_increase_key,p02_f03_heap_sift_down,p02_f03_heap_sift_down,"p02_heap_t,P02_MAX_CAP,P02_NOINLINE",NONE,calls 1 eligible function(s)
p02,train,p02_f12_heap_decrease_key,p02_f02_heap_sift_up,p02_f02_heap_sift_up,"p02_heap_t,P02_MAX_CAP,P02_NOINLINE",NONE,calls 1 eligible function(s)
p02,train,p02_f13_heap_merge,p02_f03_heap_sift_down,p02_f03_heap_sift_down,"p02_heap_t,P02_MAX_CAP,P02_NOINLINE",NONE,calls 1 eligible function(s)
p02,train,p02_f14_heap_is_valid,NONE,NONE,"p02_heap_t,P02_MAX_CAP,P02_NOINLINE",NONE,standalone
p02,train,p02_f15_heap_kth_smallest,p02_f05_heap_pop_min;p02_f07_heapify_array,p02_f01_heap_init;p02_f03_heap_sift_down;p02_f05_heap_pop_min;p02_f07_heapify_array,"p02_heap_t,P02_MAX_CAP,P02_NOINLINE",NONE,calls 2 eligible function(s)
p02,train,p02_f16_heap_clear,NONE,NONE,"p02_heap_t,P02_MAX_CAP,P02_NOINLINE",NONE,standalone
p03,train,p03_f01_str_trim,NONE,NONE,"P03_NOINLINE,P03_STRING_TOKEN_H",NONE,standalone
p03,train,p03_f02_str_split_delim,NONE,NONE,"P03_NOINLINE,P03_STRING_TOKEN_H",NONE,standalone
p03,train,p03_f03_str_join,NONE,NONE,"P03_NOINLINE,P03_STRING_TOKEN_H",NONE,standalone
p03,train,p03_f04_str_starts_with,NONE,NONE,"P03_NOINLINE,P03_STRING_TOKEN_H",NONE,standalone
p03,train,p03_f05_str_ends_with,NONE,NONE,"P03_NOINLINE,P03_STRING_TOKEN_H",NONE,standalone
p03,train,p03_f06_str_replace_char,NONE,NONE,"P03_NOINLINE,P03_STRING_TOKEN_H",NONE,standalone
p03,train,p03_f07_str_count_substr,NONE,NONE,"P03_NOINLINE,P03_STRING_TOKEN_H",NONE,standalone
p03,train,p03_f08_str_to_lower_ascii,NONE,NONE,"P03_NOINLINE,P03_STRING_TOKEN_H",NONE,standalone
p03,train,p03_f09_str_to_upper_ascii,NONE,NONE,"P03_NOINLINE,P03_STRING_TOKEN_H",NONE,standalone
p03,train,p03_f10_str_reverse,NONE,NONE,"P03_NOINLINE,P03_STRING_TOKEN_H",NONE,standalone
p03,train,p03_f11_str_levenshtein,NONE,NONE,"P03_NOINLINE,P03_STRING_TOKEN_H",NONE,standalone
p03,train,p03_f12_str_escape_c,NONE,NONE,"P03_NOINLINE,P03_STRING_TOKEN_H",NONE,standalone
p03,train,p03_f13_str_unescape_c,NONE,NONE,"P03_NOINLINE,P03_STRING_TOKEN_H",NONE,standalone
p03,train,p03_f14_str_parse_int,NONE,NONE,"P03_NOINLINE,P03_STRING_TOKEN_H",NONE,standalone
p03,train,p03_f15_str_format_hex,NONE,NONE,"P03_NOINLINE,P03_STRING_TOKEN_H",NONE,standalone
p03,train,p03_f16_str_parse_hex,NONE,NONE,"P03_NOINLINE,P03_STRING_TOKEN_H",NONE,standalone
p04,train,p04_f01_mat_init_zero,NONE,NONE,"p04_mat4_t,P04_NOINLINE,P04_MATRIX_LINEAR_H",NONE,standalone
p04,train,p04_f02_mat_init_identity,NONE,NONE,"p04_mat4_t,P04_NOINLINE,P04_MATRIX_LINEAR_H",NONE,standalone
p04,train,p04_f03_mat_add,NONE,NONE,"p04_mat4_t,P04_NOINLINE,P04_MATRIX_LINEAR_H",NONE,standalone
p04,train,p04_f04_mat_sub,NONE,NONE,"p04_mat4_t,P04_NOINLINE,P04_MATRIX_LINEAR_H",NONE,standalone
p04,train,p04_f05_mat_scale,NONE,NONE,"p04_mat4_t,P04_NOINLINE,P04_MATRIX_LINEAR_H",NONE,standalone
p04,train,p04_f06_mat_transpose,NONE,NONE,"p04_mat4_t,P04_NOINLINE,P04_MATRIX_LINEAR_H",NONE,standalone
p04,train,p04_f07_mat_mul,NONE,NONE,"p04_mat4_t,P04_NOINLINE,P04_MATRIX_LINEAR_H",NONE,standalone
p04,train,p04_f08_mat_vec_mul,NONE,NONE,"p04_mat4_t,P04_NOINLINE,P04_MATRIX_LINEAR_H",NONE,standalone
p04,train,p04_f09_mat_trace,NONE,NONE,"p04_mat4_t,P04_NOINLINE,P04_MATRIX_LINEAR_H",NONE,standalone
p04,train,p04_f10_mat_det_2x2,NONE,NONE,"p04_mat4_t,P04_NOINLINE,P04_MATRIX_LINEAR_H",NONE,standalone
p04,train,p04_f11_mat_det_3x3,p04_f10_mat_det_2x2,p04_f10_mat_det_2x2,"p04_mat4_t,P04_NOINLINE,P04_MATRIX_LINEAR_H",NONE,calls 1 eligible function(s)
p04,train,p04_f12_mat_frobenius_norm,NONE,NONE,"p04_mat4_t,P04_NOINLINE,P04_MATRIX_LINEAR_H",NONE,standalone
p04,train,p04_f13_mat_is_symmetric,NONE,NONE,"p04_mat4_t,P04_NOINLINE,P04_MATRIX_LINEAR_H",NONE,standalone
p04,train,p04_f14_mat_lu_decompose_3x3,p04_f01_mat_init_zero,p04_f01_mat_init_zero,"p04_mat4_t,P04_NOINLINE,P04_MATRIX_LINEAR_H",NONE,calls 1 eligible function(s)
p04,train,p04_f15_mat_solve_upper_tri,NONE,NONE,"p04_mat4_t,P04_NOINLINE,P04_MATRIX_LINEAR_H",NONE,standalone
p04,train,p04_f16_mat_hadamard_product,NONE,NONE,"p04_mat4_t,P04_NOINLINE,P04_MATRIX_LINEAR_H",NONE,standalone
p05,train,p05_f01_adj_init,NONE,NONE,"p05_graph_t,P05_MAX_V,P05_NOINLINE",NONE,standalone
p05,train,p05_f02_adj_add_edge,NONE,NONE,"p05_graph_t,P05_MAX_V,P05_NOINLINE",NONE,standalone
p05,train,p05_f03_adj_has_edge,NONE,NONE,"p05_graph_t,P05_MAX_V,P05_NOINLINE",NONE,standalone
p05,train,p05_f04_adj_in_degree,NONE,NONE,"p05_graph_t,P05_MAX_V,P05_NOINLINE",NONE,standalone
p05,train,p05_f05_adj_out_degree,NONE,NONE,"p05_graph_t,P05_MAX_V,P05_NOINLINE",NONE,standalone
p05,train,p05_f06_graph_bfs,NONE,NONE,"p05_graph_t,P05_MAX_V,P05_NOINLINE",NONE,standalone
p05,train,p05_f07_graph_dfs_iterative,NONE,NONE,"p05_graph_t,P05_MAX_V,P05_NOINLINE",NONE,standalone
p05,train,p05_f08_graph_has_cycle_directed,NONE,NONE,"p05_graph_t,P05_MAX_V,P05_NOINLINE",NONE,standalone
p05,train,p05_f09_graph_connected_components,NONE,NONE,"p05_graph_t,P05_MAX_V,P05_NOINLINE",NONE,standalone
p05,train,p05_f10_graph_bipartite_check,NONE,NONE,"p05_graph_t,P05_MAX_V,P05_NOINLINE",NONE,standalone
p05,train,p05_f11_graph_transitive_closure,NONE,NONE,"p05_graph_t,P05_MAX_V,P05_NOINLINE",NONE,standalone
p05,train,p05_f12_graph_density,NONE,NONE,"p05_graph_t,P05_MAX_V,P05_NOINLINE",NONE,standalone
p05,train,p05_f13_graph_isolate_count,p05_f04_adj_in_degree;p05_f05_adj_out_degree,p05_f04_adj_in_degree;p05_f05_adj_out_degree,"p05_graph_t,P05_MAX_V,P05_NOINLINE",NONE,calls 2 eligible function(s)
p05,train,p05_f14_graph_eulerian_path_check,p05_f04_adj_in_degree;p05_f05_adj_out_degree,p05_f04_adj_in_degree;p05_f05_adj_out_degree,"p05_graph_t,P05_MAX_V,P05_NOINLINE",NONE,calls 2 eligible function(s)
p05,train,p05_f15_graph_subgraph_induced,p05_f01_adj_init,p05_f01_adj_init,"p05_graph_t,P05_MAX_V,P05_NOINLINE",NONE,calls 1 eligible function(s)
p05,train,p05_f16_graph_vertex_eccentricity,NONE,NONE,"p05_graph_t,P05_MAX_V,P05_NOINLINE",NONE,standalone
p06,train,p06_f01_tlv_encode_uint8,NONE,NONE,"p06_tlv_t,p06_packet_t,P06_MAX_BUF,P06_NOINLINE",NONE,standalone
p06,train,p06_f02_tlv_encode_uint16,NONE,NONE,"p06_tlv_t,p06_packet_t,P06_MAX_BUF,P06_NOINLINE",NONE,standalone
p06,train,p06_f03_tlv_encode_uint32,NONE,NONE,"p06_tlv_t,p06_packet_t,P06_MAX_BUF,P06_NOINLINE",NONE,standalone
p06,train,p06_f04_tlv_encode_bytes,NONE,NONE,"p06_tlv_t,p06_packet_t,P06_MAX_BUF,P06_NOINLINE",NONE,standalone
p06,train,p06_f05_tlv_decode_header,NONE,NONE,"p06_tlv_t,p06_packet_t,P06_MAX_BUF,P06_NOINLINE",NONE,standalone
p06,train,p06_f06_tlv_decode_uint8,NONE,NONE,"p06_tlv_t,p06_packet_t,P06_MAX_BUF,P06_NOINLINE",NONE,standalone
p06,train,p06_f07_tlv_decode_uint16,NONE,NONE,"p06_tlv_t,p06_packet_t,P06_MAX_BUF,P06_NOINLINE",NONE,standalone
p06,train,p06_f08_tlv_decode_uint32,NONE,NONE,"p06_tlv_t,p06_packet_t,P06_MAX_BUF,P06_NOINLINE",NONE,standalone
p06,train,p06_f09_tlv_find_tag,NONE,NONE,"p06_tlv_t,p06_packet_t,P06_MAX_BUF,P06_NOINLINE",NONE,standalone
p06,train,p06_f10_tlv_count_tags,NONE,NONE,"p06_tlv_t,p06_packet_t,P06_MAX_BUF,P06_NOINLINE",NONE,standalone
p06,train,p06_f11_tlv_validate_buffer,NONE,NONE,"p06_tlv_t,p06_packet_t,P06_MAX_BUF,P06_NOINLINE",NONE,standalone
p06,train,p06_f12_packet_header_build,NONE,NONE,"p06_tlv_t,p06_packet_t,P06_MAX_BUF,P06_NOINLINE",NONE,standalone
p06,train,p06_f13_packet_header_parse,NONE,NONE,"p06_tlv_t,p06_packet_t,P06_MAX_BUF,P06_NOINLINE",NONE,standalone
p06,train,p06_f14_packet_payload_pad,NONE,NONE,"p06_tlv_t,p06_packet_t,P06_MAX_BUF,P06_NOINLINE",NONE,standalone
p06,train,p06_f15_packet_payload_unpad,NONE,NONE,"p06_tlv_t,p06_packet_t,P06_MAX_BUF,P06_NOINLINE",NONE,standalone
p06,train,p06_f16_packet_serialize,p06_f12_packet_header_build,p06_f12_packet_header_build,"p06_tlv_t,p06_packet_t,P06_MAX_BUF,P06_NOINLINE",NONE,calls 1 eligible function(s)
p07,train,p07_f01_slab_init,NONE,NONE,"p07_slab_t,P07_BLOCK_SZ,P07_NUM_BLOCKS,P07_NOINLINE",NONE,standalone
p07,train,p07_f02_slab_alloc_block,p07_f06_slab_mark_busy;p07_f08_slab_find_first_free_bit;p07_f12_slab_index_to_pointer,p07_f06_slab_mark_busy;p07_f08_slab_find_first_free_bit;p07_f12_slab_index_to_pointer,"p07_slab_t,P07_BLOCK_SZ,P07_NUM_BLOCKS,P07_NOINLINE",NONE,calls 3 eligible function(s)
p07,train,p07_f03_slab_free_block,p07_f07_slab_mark_free;p07_f11_slab_block_index,p07_f07_slab_mark_free;p07_f11_slab_block_index,"p07_slab_t,P07_BLOCK_SZ,P07_NUM_BLOCKS,P07_NOINLINE",NONE,calls 2 eligible function(s)
p07,train,p07_f04_slab_available_count,NONE,NONE,"p07_slab_t,P07_BLOCK_SZ,P07_NUM_BLOCKS,P07_NOINLINE",NONE,standalone
p07,train,p07_f05_slab_is_pointer_valid,p07_f11_slab_block_index,p07_f11_slab_block_index,"p07_slab_t,P07_BLOCK_SZ,P07_NUM_BLOCKS,P07_NOINLINE",NONE,calls 1 eligible function(s)
p07,train,p07_f06_slab_mark_busy,NONE,NONE,"p07_slab_t,P07_BLOCK_SZ,P07_NUM_BLOCKS,P07_NOINLINE",NONE,standalone
p07,train,p07_f07_slab_mark_free,NONE,NONE,"p07_slab_t,P07_BLOCK_SZ,P07_NUM_BLOCKS,P07_NOINLINE",NONE,standalone
p07,train,p07_f08_slab_find_first_free_bit,NONE,NONE,"p07_slab_t,P07_BLOCK_SZ,P07_NUM_BLOCKS,P07_NOINLINE",NONE,standalone
p07,train,p07_f09_slab_defragment_check,NONE,NONE,"p07_slab_t,P07_BLOCK_SZ,P07_NUM_BLOCKS,P07_NOINLINE",NONE,standalone
p07,train,p07_f10_slab_reset,p07_f01_slab_init,p07_f01_slab_init,"p07_slab_t,P07_BLOCK_SZ,P07_NUM_BLOCKS,P07_NOINLINE",NONE,calls 1 eligible function(s)
p07,train,p07_f11_slab_block_index,NONE,NONE,"p07_slab_t,P07_BLOCK_SZ,P07_NUM_BLOCKS,P07_NOINLINE",NONE,standalone
p07,train,p07_f12_slab_index_to_pointer,NONE,NONE,"p07_slab_t,P07_BLOCK_SZ,P07_NUM_BLOCKS,P07_NOINLINE",NONE,standalone
p07,train,p07_f13_slab_stats_utilization,NONE,NONE,"p07_slab_t,P07_BLOCK_SZ,P07_NUM_BLOCKS,P07_NOINLINE",NONE,standalone
p07,train,p07_f14_slab_audit_integrity,NONE,NONE,"p07_slab_t,P07_BLOCK_SZ,P07_NUM_BLOCKS,P07_NOINLINE",NONE,standalone
p07,train,p07_f15_slab_scrub_pattern,p07_f12_slab_index_to_pointer,p07_f12_slab_index_to_pointer,"p07_slab_t,P07_BLOCK_SZ,P07_NUM_BLOCKS,P07_NOINLINE",NONE,calls 1 eligible function(s)
p07,train,p07_f16_slab_compact_scan,NONE,NONE,"p07_slab_t,P07_BLOCK_SZ,P07_NUM_BLOCKS,P07_NOINLINE",NONE,standalone
p08,dev,p08_f01_adler32,NONE,NONE,"P08_NOINLINE,P08_ADLER_SIPHASH_H",NONE,standalone
p08,dev,p08_f02_siphash_round,NONE,NONE,"P08_NOINLINE,P08_ADLER_SIPHASH_H",rotl64,standalone
p08,dev,p08_f03_siphash24,p08_f02_siphash_round,p08_f02_siphash_round,"P08_NOINLINE,P08_ADLER_SIPHASH_H",NONE,calls 1 eligible function(s)
p08,dev,p08_f04_half_siphash,NONE,NONE,"P08_NOINLINE,P08_ADLER_SIPHASH_H",rotl32,standalone
p08,dev,p08_f05_djb2_hash,NONE,NONE,"P08_NOINLINE,P08_ADLER_SIPHASH_H",NONE,standalone
p08,dev,p08_f06_sdbm_hash,NONE,NONE,"P08_NOINLINE,P08_ADLER_SIPHASH_H",NONE,standalone
p08,dev,p08_f07_rabin_karp_rolling,NONE,NONE,"P08_NOINLINE,P08_ADLER_SIPHASH_H",NONE,standalone
p08,dev,p08_f08_jenkins_lookup2,NONE,NONE,"P08_NOINLINE,P08_ADLER_SIPHASH_H",NONE,standalone
p08,dev,p08_f09_knuth_multiplicative,NONE,NONE,"P08_NOINLINE,P08_ADLER_SIPHASH_H",NONE,standalone
p08,dev,p08_f10_rot13_cipher,NONE,NONE,"P08_NOINLINE,P08_ADLER_SIPHASH_H",NONE,standalone
p08,dev,p08_f11_rotate_mix32,NONE,NONE,"P08_NOINLINE,P08_ADLER_SIPHASH_H",rotl32,standalone
p08,dev,p08_f12_crc16_usb,NONE,NONE,"P08_NOINLINE,P08_ADLER_SIPHASH_H",NONE,standalone
p08,dev,p08_f13_poly1305_clamp,NONE,NONE,"P08_NOINLINE,P08_ADLER_SIPHASH_H",NONE,standalone
p08,dev,p08_f14_chash_simple,NONE,NONE,"P08_NOINLINE,P08_ADLER_SIPHASH_H",NONE,standalone
p08,dev,p08_f15_hash_mix32,NONE,NONE,"P08_NOINLINE,P08_ADLER_SIPHASH_H",NONE,standalone
p08,dev,p08_f16_checksum_fold64_to_32,NONE,NONE,"P08_NOINLINE,P08_ADLER_SIPHASH_H",NONE,standalone
p09,dev,p09_f01_avl_init,NONE,NONE,"p09_node_t,p09_avl_tree_t,P09_MAX_NODES,P09_NOINLINE",NONE,standalone
p09,dev,p09_f02_avl_height,NONE,NONE,"p09_node_t,p09_avl_tree_t,P09_MAX_NODES,P09_NOINLINE",NONE,standalone
p09,dev,p09_f03_avl_balance_factor,p09_f02_avl_height,p09_f02_avl_height,"p09_node_t,p09_avl_tree_t,P09_MAX_NODES,P09_NOINLINE",NONE,calls 1 eligible function(s)
p09,dev,p09_f04_avl_rotate_right,p09_f02_avl_height,p09_f02_avl_height,"p09_node_t,p09_avl_tree_t,P09_MAX_NODES,P09_NOINLINE",max_i32,calls 1 eligible function(s)
p09,dev,p09_f05_avl_rotate_left,p09_f02_avl_height,p09_f02_avl_height,"p09_node_t,p09_avl_tree_t,P09_MAX_NODES,P09_NOINLINE",max_i32,calls 1 eligible function(s)
p09,dev,p09_f06_avl_insert_internal,p09_f02_avl_height;p09_f03_avl_balance_factor;p09_f04_avl_rotate_right;p09_f05_avl_rotate_left,p09_f02_avl_height;p09_f03_avl_balance_factor;p09_f04_avl_rotate_right;p09_f05_avl_rotate_left,"p09_node_t,p09_avl_tree_t,P09_MAX_NODES,P09_NOINLINE",max_i32,calls 4 eligible function(s)
p09,dev,p09_f07_avl_insert,p09_f06_avl_insert_internal,p09_f02_avl_height;p09_f03_avl_balance_factor;p09_f04_avl_rotate_right;p09_f05_avl_rotate_left;p09_f06_avl_insert_internal,"p09_node_t,p09_avl_tree_t,P09_MAX_NODES,P09_NOINLINE",NONE,calls 1 eligible function(s)
p09,dev,p09_f08_avl_min_node,NONE,NONE,"p09_node_t,p09_avl_tree_t,P09_MAX_NODES,P09_NOINLINE",NONE,standalone
p09,dev,p09_f09_avl_delete_internal,p09_f02_avl_height;p09_f03_avl_balance_factor;p09_f04_avl_rotate_right;p09_f05_avl_rotate_left;p09_f08_avl_min_node,p09_f02_avl_height;p09_f03_avl_balance_factor;p09_f04_avl_rotate_right;p09_f05_avl_rotate_left;p09_f08_avl_min_node,"p09_node_t,p09_avl_tree_t,P09_MAX_NODES,P09_NOINLINE",max_i32,calls 5 eligible function(s)
p09,dev,p09_f10_avl_delete,p09_f09_avl_delete_internal,p09_f02_avl_height;p09_f03_avl_balance_factor;p09_f04_avl_rotate_right;p09_f05_avl_rotate_left;p09_f08_avl_min_node;p09_f09_avl_delete_internal,"p09_node_t,p09_avl_tree_t,P09_MAX_NODES,P09_NOINLINE",NONE,calls 1 eligible function(s)
p09,dev,p09_f11_avl_search,NONE,NONE,"p09_node_t,p09_avl_tree_t,P09_MAX_NODES,P09_NOINLINE",NONE,standalone
p09,dev,p09_f12_avl_inorder,NONE,NONE,"p09_node_t,p09_avl_tree_t,P09_MAX_NODES,P09_NOINLINE",inorder_rec,standalone
p09,dev,p09_f13_avl_preorder,NONE,NONE,"p09_node_t,p09_avl_tree_t,P09_MAX_NODES,P09_NOINLINE",preorder_rec,standalone
p09,dev,p09_f14_avl_count,NONE,NONE,"p09_node_t,p09_avl_tree_t,P09_MAX_NODES,P09_NOINLINE",NONE,standalone
p09,dev,p09_f15_avl_is_balanced,p09_f03_avl_balance_factor,p09_f02_avl_height;p09_f03_avl_balance_factor,"p09_node_t,p09_avl_tree_t,P09_MAX_NODES,P09_NOINLINE",NONE,calls 1 eligible function(s)
p09,dev,p09_f16_avl_clear,NONE,NONE,"p09_node_t,p09_avl_tree_t,P09_MAX_NODES,P09_NOINLINE",NONE,standalone
p10,dev,p10_f01_nfa_init,NONE,NONE,"p10_nfa_t,P10_MAX_STATES,P10_EPSILON,P10_NOINLINE",NONE,standalone
p10,dev,p10_f02_nfa_add_state,NONE,NONE,"p10_nfa_t,P10_MAX_STATES,P10_EPSILON,P10_NOINLINE",NONE,standalone
p10,dev,p10_f03_nfa_set_transition,NONE,NONE,"p10_nfa_t,P10_MAX_STATES,P10_EPSILON,P10_NOINLINE",NONE,standalone
p10,dev,p10_f04_nfa_set_match,NONE,NONE,"p10_nfa_t,P10_MAX_STATES,P10_EPSILON,P10_NOINLINE",NONE,standalone
p10,dev,p10_f05_nfa_create_literal,p10_f02_nfa_add_state;p10_f04_nfa_set_match,p10_f02_nfa_add_state;p10_f04_nfa_set_match,"p10_nfa_t,P10_MAX_STATES,P10_EPSILON,P10_NOINLINE",NONE,calls 2 eligible function(s)
p10,dev,p10_f06_nfa_concat,NONE,NONE,"p10_nfa_t,P10_MAX_STATES,P10_EPSILON,P10_NOINLINE",NONE,standalone
p10,dev,p10_f07_nfa_alternate,p10_f02_nfa_add_state,p10_f02_nfa_add_state,"p10_nfa_t,P10_MAX_STATES,P10_EPSILON,P10_NOINLINE",NONE,calls 1 eligible function(s)
p10,dev,p10_f08_nfa_star,p10_f02_nfa_add_state,p10_f02_nfa_add_state,"p10_nfa_t,P10_MAX_STATES,P10_EPSILON,P10_NOINLINE",NONE,calls 1 eligible function(s)
p10,dev,p10_f09_nfa_plus,NONE,NONE,"p10_nfa_t,P10_MAX_STATES,P10_EPSILON,P10_NOINLINE",NONE,standalone
p10,dev,p10_f10_nfa_optional,p10_f02_nfa_add_state,p10_f02_nfa_add_state,"p10_nfa_t,P10_MAX_STATES,P10_EPSILON,P10_NOINLINE",NONE,calls 1 eligible function(s)
p10,dev,p10_f11_nfa_epsilon_closure,NONE,NONE,"p10_nfa_t,P10_MAX_STATES,P10_EPSILON,P10_NOINLINE",NONE,standalone
p10,dev,p10_f12_nfa_step,p10_f11_nfa_epsilon_closure,p10_f11_nfa_epsilon_closure,"p10_nfa_t,P10_MAX_STATES,P10_EPSILON,P10_NOINLINE",NONE,calls 1 eligible function(s)
p10,dev,p10_f13_nfa_simulate,p10_f11_nfa_epsilon_closure;p10_f12_nfa_step,p10_f11_nfa_epsilon_closure;p10_f12_nfa_step,"p10_nfa_t,P10_MAX_STATES,P10_EPSILON,P10_NOINLINE",NONE,calls 2 eligible function(s)
p10,dev,p10_f14_nfa_match_prefix,p10_f11_nfa_epsilon_closure;p10_f12_nfa_step,p10_f11_nfa_epsilon_closure;p10_f12_nfa_step,"p10_nfa_t,P10_MAX_STATES,P10_EPSILON,P10_NOINLINE",NONE,calls 2 eligible function(s)
p10,dev,p10_f15_nfa_active_count,NONE,NONE,"p10_nfa_t,P10_MAX_STATES,P10_EPSILON,P10_NOINLINE",NONE,standalone
p10,dev,p10_f16_nfa_reset,p10_f01_nfa_init,p10_f01_nfa_init,"p10_nfa_t,P10_MAX_STATES,P10_EPSILON,P10_NOINLINE",NONE,calls 1 eligible function(s)
p11,dev,p11_f01_fp_from_int,NONE,NONE,"P11_FP_SHIFT,P11_FP_ONE,P11_NOINLINE",NONE,standalone
p11,dev,p11_f02_fp_to_int,NONE,NONE,"P11_FP_SHIFT,P11_FP_ONE,P11_NOINLINE",NONE,standalone
p11,dev,p11_f03_fp_add,NONE,NONE,"P11_FP_SHIFT,P11_FP_ONE,P11_NOINLINE",NONE,standalone
p11,dev,p11_f04_fp_sub,NONE,NONE,"P11_FP_SHIFT,P11_FP_ONE,P11_NOINLINE",NONE,standalone
p11,dev,p11_f05_fp_mul,NONE,NONE,"P11_FP_SHIFT,P11_FP_ONE,P11_NOINLINE",NONE,standalone
p11,dev,p11_f06_fp_div,NONE,NONE,"P11_FP_SHIFT,P11_FP_ONE,P11_NOINLINE",NONE,standalone
p11,dev,p11_f07_fp_abs,NONE,NONE,"P11_FP_SHIFT,P11_FP_ONE,P11_NOINLINE",NONE,standalone
p11,dev,p11_f08_fp_sqrt,NONE,NONE,"P11_FP_SHIFT,P11_FP_ONE,P11_NOINLINE",NONE,standalone
p11,dev,p11_f09_fp_exp_taylor,p11_f03_fp_add;p11_f05_fp_mul,p11_f03_fp_add;p11_f05_fp_mul,"P11_FP_SHIFT,P11_FP_ONE,P11_NOINLINE",NONE,calls 2 eligible function(s)
p11,dev,p11_f10_fp_ln_approx,p11_f03_fp_add;p11_f04_fp_sub;p11_f05_fp_mul;p11_f06_fp_div,p11_f03_fp_add;p11_f04_fp_sub;p11_f05_fp_mul;p11_f06_fp_div,"P11_FP_SHIFT,P11_FP_ONE,P11_NOINLINE",NONE,calls 4 eligible function(s)
p11,dev,p11_f11_fp_sin_cordic,NONE,NONE,"P11_FP_SHIFT,P11_FP_ONE,P11_NOINLINE",cordic_kernel,standalone
p11,dev,p11_f12_fp_cos_cordic,NONE,NONE,"P11_FP_SHIFT,P11_FP_ONE,P11_NOINLINE",cordic_kernel,standalone
p11,dev,p11_f13_fp_atan2_cordic,NONE,NONE,"P11_FP_SHIFT,P11_FP_ONE,P11_NOINLINE",NONE,standalone
p11,dev,p11_f14_fp_lerp,p11_f03_fp_add;p11_f04_fp_sub;p11_f05_fp_mul,p11_f03_fp_add;p11_f04_fp_sub;p11_f05_fp_mul,"P11_FP_SHIFT,P11_FP_ONE,P11_NOINLINE",NONE,calls 3 eligible function(s)
p11,dev,p11_f15_fp_clamp,NONE,NONE,"P11_FP_SHIFT,P11_FP_ONE,P11_NOINLINE",NONE,standalone
p11,dev,p11_f16_fp_poly_eval,p11_f03_fp_add;p11_f05_fp_mul,p11_f03_fp_add;p11_f05_fp_mul,"P11_FP_SHIFT,P11_FP_ONE,P11_NOINLINE",NONE,calls 2 eligible function(s)
p12,dev,p12_f01_dag_init,NONE,NONE,"p12_dag_t,P12_MAX_VERTICES,P12_NOINLINE",NONE,standalone
p12,dev,p12_f02_dag_add_edge,NONE,NONE,"p12_dag_t,P12_MAX_VERTICES,P12_NOINLINE",NONE,standalone
p12,dev,p12_f03_dag_compute_indegrees,NONE,NONE,"p12_dag_t,P12_MAX_VERTICES,P12_NOINLINE",NONE,standalone
p12,dev,p12_f04_dag_compute_outdegrees,NONE,NONE,"p12_dag_t,P12_MAX_VERTICES,P12_NOINLINE",NONE,standalone
p12,dev,p12_f05_dag_kahn_toposort,p12_f03_dag_compute_indegrees,p12_f03_dag_compute_indegrees,"p12_dag_t,P12_MAX_VERTICES,P12_NOINLINE",NONE,calls 1 eligible function(s)
p12,dev,p12_f06_dag_has_cycle,p12_f05_dag_kahn_toposort,p12_f03_dag_compute_indegrees;p12_f05_dag_kahn_toposort,"p12_dag_t,P12_MAX_VERTICES,P12_NOINLINE",NONE,calls 1 eligible function(s)
p12,dev,p12_f07_dag_longest_path,p12_f05_dag_kahn_toposort,p12_f03_dag_compute_indegrees;p12_f05_dag_kahn_toposort,"p12_dag_t,P12_MAX_VERTICES,P12_NOINLINE",NONE,calls 1 eligible function(s)
p12,dev,p12_f08_dag_shortest_path,p12_f05_dag_kahn_toposort,p12_f03_dag_compute_indegrees;p12_f05_dag_kahn_toposort,"p12_dag_t,P12_MAX_VERTICES,P12_NOINLINE",NONE,calls 1 eligible function(s)
p12,dev,p12_f09_dag_count_ancestors,NONE,NONE,"p12_dag_t,P12_MAX_VERTICES,P12_NOINLINE",NONE,standalone
p12,dev,p12_f10_dag_count_descendants,NONE,NONE,"p12_dag_t,P12_MAX_VERTICES,P12_NOINLINE",NONE,standalone
p12,dev,p12_f11_dag_assign_levels,p12_f05_dag_kahn_toposort,p12_f03_dag_compute_indegrees;p12_f05_dag_kahn_toposort,"p12_dag_t,P12_MAX_VERTICES,P12_NOINLINE",NONE,calls 1 eligible function(s)
p12,dev,p12_f12_dag_transitive_reduction,NONE,NONE,"p12_dag_t,P12_MAX_VERTICES,P12_NOINLINE",NONE,standalone
p12,dev,p12_f13_dag_find_sources,p12_f03_dag_compute_indegrees,p12_f03_dag_compute_indegrees,"p12_dag_t,P12_MAX_VERTICES,P12_NOINLINE",NONE,calls 1 eligible function(s)
p12,dev,p12_f14_dag_find_sinks,p12_f04_dag_compute_outdegrees,p12_f04_dag_compute_outdegrees,"p12_dag_t,P12_MAX_VERTICES,P12_NOINLINE",NONE,calls 1 eligible function(s)
p12,dev,p12_f15_dag_is_reachable,NONE,NONE,"p12_dag_t,P12_MAX_VERTICES,P12_NOINLINE",NONE,standalone
p12,dev,p12_f16_dag_clear,p12_f01_dag_init,p12_f01_dag_init,"p12_dag_t,P12_MAX_VERTICES,P12_NOINLINE",NONE,calls 1 eligible function(s)
p13,dev,p13_f01_slip_encode,NONE,NONE,"p13_slip_t,P13_SLIP_END,P13_SLIP_ESC,P13_NOINLINE",NONE,standalone
p13,dev,p13_f02_slip_decode,NONE,NONE,"p13_slip_t,P13_SLIP_END,P13_SLIP_ESC,P13_NOINLINE",NONE,standalone
p13,dev,p13_f03_cobs_encode,NONE,NONE,"p13_slip_t,P13_SLIP_END,P13_SLIP_ESC,P13_NOINLINE",NONE,standalone
p13,dev,p13_f04_cobs_decode,NONE,NONE,"p13_slip_t,P13_SLIP_END,P13_SLIP_ESC,P13_NOINLINE",NONE,standalone
p13,dev,p13_f05_fcs16_compute,NONE,NONE,"p13_slip_t,P13_SLIP_END,P13_SLIP_ESC,P13_NOINLINE",NONE,standalone
p13,dev,p13_f06_fcs16_verify,p13_f05_fcs16_compute,p13_f05_fcs16_compute,"p13_slip_t,P13_SLIP_END,P13_SLIP_ESC,P13_NOINLINE",NONE,calls 1 eligible function(s)
p13,dev,p13_f07_pack_header,NONE,NONE,"p13_slip_t,P13_SLIP_END,P13_SLIP_ESC,P13_NOINLINE",NONE,standalone
p13,dev,p13_f08_unpack_header,NONE,NONE,"p13_slip_t,P13_SLIP_END,P13_SLIP_ESC,P13_NOINLINE",NONE,standalone
p13,dev,p13_f09_bit_stuff_encode,NONE,NONE,"p13_slip_t,P13_SLIP_END,P13_SLIP_ESC,P13_NOINLINE",NONE,standalone
p13,dev,p13_f10_bit_stuff_decode,NONE,NONE,"p13_slip_t,P13_SLIP_END,P13_SLIP_ESC,P13_NOINLINE",NONE,standalone
p13,dev,p13_f11_frame_checksum_valid,p13_f05_fcs16_compute,p13_f05_fcs16_compute,"p13_slip_t,P13_SLIP_END,P13_SLIP_ESC,P13_NOINLINE",NONE,calls 1 eligible function(s)
p13,dev,p13_f12_byte_swap16,NONE,NONE,"p13_slip_t,P13_SLIP_END,P13_SLIP_ESC,P13_NOINLINE",NONE,standalone
p13,dev,p13_f13_byte_swap32,NONE,NONE,"p13_slip_t,P13_SLIP_END,P13_SLIP_ESC,P13_NOINLINE",NONE,standalone
p13,dev,p13_f14_parse_tlv_field,NONE,NONE,"p13_slip_t,P13_SLIP_END,P13_SLIP_ESC,P13_NOINLINE",NONE,standalone
p13,dev,p13_f15_frame_buf_append,NONE,NONE,"p13_slip_t,P13_SLIP_END,P13_SLIP_ESC,P13_NOINLINE",NONE,standalone
p13,dev,p13_f16_frame_buf_reset,NONE,NONE,"p13_slip_t,P13_SLIP_END,P13_SLIP_ESC,P13_NOINLINE",NONE,standalone
p14,dev,p14_f01_bm_init,NONE,NONE,"p14_bm_t,P14_BM_WORDS,P14_NOINLINE",NONE,standalone
p14,dev,p14_f02_bm_set_bit,NONE,NONE,"p14_bm_t,P14_BM_WORDS,P14_NOINLINE",NONE,standalone
p14,dev,p14_f03_bm_clear_bit,NONE,NONE,"p14_bm_t,P14_BM_WORDS,P14_NOINLINE",NONE,standalone
p14,dev,p14_f04_bm_test_bit,NONE,NONE,"p14_bm_t,P14_BM_WORDS,P14_NOINLINE",NONE,standalone
p14,dev,p14_f05_bm_toggle_bit,NONE,NONE,"p14_bm_t,P14_BM_WORDS,P14_NOINLINE",NONE,standalone
p14,dev,p14_f06_bm_popcount,NONE,NONE,"p14_bm_t,P14_BM_WORDS,P14_NOINLINE",popcount64,standalone
p14,dev,p14_f07_bm_find_first_set,p14_f04_bm_test_bit,p14_f04_bm_test_bit,"p14_bm_t,P14_BM_WORDS,P14_NOINLINE",NONE,calls 1 eligible function(s)
p14,dev,p14_f08_bm_find_first_zero,p14_f04_bm_test_bit,p14_f04_bm_test_bit,"p14_bm_t,P14_BM_WORDS,P14_NOINLINE",NONE,calls 1 eligible function(s)
p14,dev,p14_f09_bm_find_next_set,p14_f04_bm_test_bit,p14_f04_bm_test_bit,"p14_bm_t,P14_BM_WORDS,P14_NOINLINE",NONE,calls 1 eligible function(s)
p14,dev,p14_f10_bm_bitwise_and,NONE,NONE,"p14_bm_t,P14_BM_WORDS,P14_NOINLINE",NONE,standalone
p14,dev,p14_f11_bm_bitwise_or,NONE,NONE,"p14_bm_t,P14_BM_WORDS,P14_NOINLINE",NONE,standalone
p14,dev,p14_f12_bm_bitwise_xor,NONE,NONE,"p14_bm_t,P14_BM_WORDS,P14_NOINLINE",NONE,standalone
p14,dev,p14_f13_bm_bitwise_not,NONE,NONE,"p14_bm_t,P14_BM_WORDS,P14_NOINLINE",NONE,standalone
p14,dev,p14_f14_bm_fill_range,p14_f02_bm_set_bit,p14_f02_bm_set_bit,"p14_bm_t,P14_BM_WORDS,P14_NOINLINE",NONE,calls 1 eligible function(s)
p14,dev,p14_f15_bm_clear_range,p14_f03_bm_clear_bit,p14_f03_bm_clear_bit,"p14_bm_t,P14_BM_WORDS,P14_NOINLINE",NONE,calls 1 eligible function(s)
p14,dev,p14_f16_bm_jaccard_similarity,p14_f06_bm_popcount;p14_f10_bm_bitwise_and;p14_f11_bm_bitwise_or,p14_f06_bm_popcount;p14_f10_bm_bitwise_and;p14_f11_bm_bitwise_or,"p14_bm_t,P14_BM_WORDS,P14_NOINLINE",NONE,calls 3 eligible function(s)
p15,sealed_test,p15_f01_fnv1_32,NONE,NONE,"P15_NOINLINE,P15_FNV_MURMUR_H",NONE,standalone
p15,sealed_test,p15_f02_fnv1a_32,NONE,NONE,"P15_NOINLINE,P15_FNV_MURMUR_H",NONE,standalone
p15,sealed_test,p15_f03_fnv1_64,NONE,NONE,"P15_NOINLINE,P15_FNV_MURMUR_H",NONE,standalone
p15,sealed_test,p15_f04_fnv1a_64,NONE,NONE,"P15_NOINLINE,P15_FNV_MURMUR_H",NONE,standalone
p15,sealed_test,p15_f05_murmur3_32_scramble,NONE,NONE,"P15_NOINLINE,P15_FNV_MURMUR_H",rotl32,standalone
p15,sealed_test,p15_f06_murmur3_32_fmix,NONE,NONE,"P15_NOINLINE,P15_FNV_MURMUR_H",NONE,standalone
p15,sealed_test,p15_f07_murmur3_32,p15_f05_murmur3_32_scramble;p15_f06_murmur3_32_fmix,p15_f05_murmur3_32_scramble;p15_f06_murmur3_32_fmix,"P15_NOINLINE,P15_FNV_MURMUR_H",rotl32,calls 2 eligible function(s)
p15,sealed_test,p15_f08_jenkins_one_at_a_time,NONE,NONE,"P15_NOINLINE,P15_FNV_MURMUR_H",NONE,standalone
p15,sealed_test,p15_f09_super_fast_hash,NONE,NONE,"P15_NOINLINE,P15_FNV_MURMUR_H",NONE,standalone
p15,sealed_test,p15_f10_elf_hash,NONE,NONE,"P15_NOINLINE,P15_FNV_MURMUR_H",NONE,standalone
p15,sealed_test,p15_f11_dek_hash,NONE,NONE,"P15_NOINLINE,P15_FNV_MURMUR_H",NONE,standalone
p15,sealed_test,p15_f12_bp_hash,NONE,NONE,"P15_NOINLINE,P15_FNV_MURMUR_H",NONE,standalone
p15,sealed_test,p15_f13_ap_hash,NONE,NONE,"P15_NOINLINE,P15_FNV_MURMUR_H",NONE,standalone
p15,sealed_test,p15_f14_crc24_ble,NONE,NONE,"P15_NOINLINE,P15_FNV_MURMUR_H",NONE,standalone
p15,sealed_test,p15_f15_hash_combine64,NONE,NONE,"P15_NOINLINE,P15_FNV_MURMUR_H",NONE,standalone
p15,sealed_test,p15_f16_checksum_parity_byte,NONE,NONE,"P15_NOINLINE,P15_FNV_MURMUR_H",NONE,standalone
p16,sealed_test,p16_f01_btree_init,NONE,NONE,"p16_btree_node_t,P16_BTREE_T,P16_MAX_KEYS,P16_NOINLINE",NONE,standalone
p16,sealed_test,p16_f02_btree_alloc_node,NONE,NONE,"p16_btree_node_t,P16_BTREE_T,P16_MAX_KEYS,P16_NOINLINE",NONE,standalone
p16,sealed_test,p16_f03_btree_node_is_full,NONE,NONE,"p16_btree_node_t,P16_BTREE_T,P16_MAX_KEYS,P16_NOINLINE",NONE,standalone
p16,sealed_test,p16_f04_btree_find_key_idx,NONE,NONE,"p16_btree_node_t,P16_BTREE_T,P16_MAX_KEYS,P16_NOINLINE",NONE,standalone
p16,sealed_test,p16_f05_btree_split_child,p16_f02_btree_alloc_node,p16_f02_btree_alloc_node,"p16_btree_node_t,P16_BTREE_T,P16_MAX_KEYS,P16_NOINLINE",NONE,calls 1 eligible function(s)
p16,sealed_test,p16_f06_btree_insert_nonfull,p16_f03_btree_node_is_full;p16_f05_btree_split_child,p16_f02_btree_alloc_node;p16_f03_btree_node_is_full;p16_f05_btree_split_child,"p16_btree_node_t,P16_BTREE_T,P16_MAX_KEYS,P16_NOINLINE",NONE,calls 2 eligible function(s)
p16,sealed_test,p16_f07_btree_insert,p16_f02_btree_alloc_node;p16_f03_btree_node_is_full;p16_f05_btree_split_child;p16_f06_btree_insert_nonfull,p16_f02_btree_alloc_node;p16_f03_btree_node_is_full;p16_f05_btree_split_child;p16_f06_btree_insert_nonfull,"p16_btree_node_t,P16_BTREE_T,P16_MAX_KEYS,P16_NOINLINE",NONE,calls 4 eligible function(s)
p16,sealed_test,p16_f08_btree_search,NONE,NONE,"p16_btree_node_t,P16_BTREE_T,P16_MAX_KEYS,P16_NOINLINE",NONE,standalone
p16,sealed_test,p16_f09_btree_traverse,NONE,NONE,"p16_btree_node_t,P16_BTREE_T,P16_MAX_KEYS,P16_NOINLINE",traverse_rec,standalone
p16,sealed_test,p16_f10_btree_count_keys,NONE,NONE,"p16_btree_node_t,P16_BTREE_T,P16_MAX_KEYS,P16_NOINLINE",NONE,standalone
p16,sealed_test,p16_f11_btree_depth,NONE,NONE,"p16_btree_node_t,P16_BTREE_T,P16_MAX_KEYS,P16_NOINLINE",NONE,standalone
p16,sealed_test,p16_f12_btree_min_key,NONE,NONE,"p16_btree_node_t,P16_BTREE_T,P16_MAX_KEYS,P16_NOINLINE",NONE,standalone
p16,sealed_test,p16_f13_btree_max_key,NONE,NONE,"p16_btree_node_t,P16_BTREE_T,P16_MAX_KEYS,P16_NOINLINE",NONE,standalone
p16,sealed_test,p16_f14_btree_contains,p16_f08_btree_search,p16_f08_btree_search,"p16_btree_node_t,P16_BTREE_T,P16_MAX_KEYS,P16_NOINLINE",NONE,calls 1 eligible function(s)
p16,sealed_test,p16_f15_btree_is_valid_node,NONE,NONE,"p16_btree_node_t,P16_BTREE_T,P16_MAX_KEYS,P16_NOINLINE",NONE,standalone
p16,sealed_test,p16_f16_btree_clear,NONE,NONE,"p16_btree_node_t,P16_BTREE_T,P16_MAX_KEYS,P16_NOINLINE",NONE,standalone
p17,sealed_test,p17_f01_tok_init,NONE,NONE,"p17_tok_t,p17_token_type_t,P17_NOINLINE",NONE,standalone
p17,sealed_test,p17_f02_skip_whitespace,NONE,NONE,"p17_tok_t,p17_token_type_t,P17_NOINLINE",NONE,standalone
p17,sealed_test,p17_f03_parse_string,NONE,NONE,"p17_tok_t,p17_token_type_t,P17_NOINLINE",NONE,standalone
p17,sealed_test,p17_f04_parse_number,NONE,NONE,"p17_tok_t,p17_token_type_t,P17_NOINLINE",NONE,standalone
p17,sealed_test,p17_f05_parse_literal,NONE,NONE,"p17_tok_t,p17_token_type_t,P17_NOINLINE",NONE,standalone
p17,sealed_test,p17_f06_next_token,p17_f02_skip_whitespace;p17_f03_parse_string;p17_f04_parse_number;p17_f05_parse_literal,p17_f02_skip_whitespace;p17_f03_parse_string;p17_f04_parse_number;p17_f05_parse_literal,"p17_tok_t,p17_token_type_t,P17_NOINLINE",NONE,calls 4 eligible function(s)
p17,sealed_test,p17_f07_peek_token,p17_f06_next_token,p17_f02_skip_whitespace;p17_f03_parse_string;p17_f04_parse_number;p17_f05_parse_literal;p17_f06_next_token,"p17_tok_t,p17_token_type_t,P17_NOINLINE",NONE,calls 1 eligible function(s)
p17,sealed_test,p17_f08_consume_expected,p17_f06_next_token,p17_f02_skip_whitespace;p17_f03_parse_string;p17_f04_parse_number;p17_f05_parse_literal;p17_f06_next_token,"p17_tok_t,p17_token_type_t,P17_NOINLINE",NONE,calls 1 eligible function(s)
p17,sealed_test,p17_f09_validate_brackets,NONE,NONE,"p17_tok_t,p17_token_type_t,P17_NOINLINE",NONE,standalone
p17,sealed_test,p17_f10_minify_json,NONE,NONE,"p17_tok_t,p17_token_type_t,P17_NOINLINE",NONE,standalone
p17,sealed_test,p17_f11_count_tokens_by_type,p17_f06_next_token,p17_f02_skip_whitespace;p17_f03_parse_string;p17_f04_parse_number;p17_f05_parse_literal;p17_f06_next_token,"p17_tok_t,p17_token_type_t,P17_NOINLINE",NONE,calls 1 eligible function(s)
p17,sealed_test,p17_f12_find_key_in_object,p17_f01_tok_init;p17_f06_next_token,p17_f01_tok_init;p17_f02_skip_whitespace;p17_f03_parse_string;p17_f04_parse_number;p17_f05_parse_literal;p17_f06_next_token,"p17_tok_t,p17_token_type_t,P17_NOINLINE",NONE,calls 2 eligible function(s)
p17,sealed_test,p17_f13_extract_string_value,NONE,NONE,"p17_tok_t,p17_token_type_t,P17_NOINLINE",NONE,standalone
p17,sealed_test,p17_f14_is_valid_number,NONE,NONE,"p17_tok_t,p17_token_type_t,P17_NOINLINE",NONE,standalone
p17,sealed_test,p17_f15_parse_integer,NONE,NONE,"p17_tok_t,p17_token_type_t,P17_NOINLINE",NONE,standalone
p17,sealed_test,p17_f16_tok_reset,NONE,NONE,"p17_tok_t,p17_token_type_t,P17_NOINLINE",NONE,standalone
p18,sealed_test,p18_f01_vec_mean,NONE,NONE,"p18_vec_t,P18_NOINLINE,P18_STATS_VECTOR_H",NONE,standalone
p18,sealed_test,p18_f02_vec_variance,p18_f01_vec_mean,p18_f01_vec_mean,"p18_vec_t,P18_NOINLINE,P18_STATS_VECTOR_H",NONE,calls 1 eligible function(s)
p18,sealed_test,p18_f03_vec_stddev,p18_f02_vec_variance,p18_f01_vec_mean;p18_f02_vec_variance,"p18_vec_t,P18_NOINLINE,P18_STATS_VECTOR_H",NONE,calls 1 eligible function(s)
p18,sealed_test,p18_f04_vec_min_max,NONE,NONE,"p18_vec_t,P18_NOINLINE,P18_STATS_VECTOR_H",NONE,standalone
p18,sealed_test,p18_f05_vec_dot_product,NONE,NONE,"p18_vec_t,P18_NOINLINE,P18_STATS_VECTOR_H",NONE,standalone
p18,sealed_test,p18_f06_vec_l1_norm,NONE,NONE,"p18_vec_t,P18_NOINLINE,P18_STATS_VECTOR_H",NONE,standalone
p18,sealed_test,p18_f07_vec_l2_norm,p18_f05_vec_dot_product,p18_f05_vec_dot_product,"p18_vec_t,P18_NOINLINE,P18_STATS_VECTOR_H",NONE,calls 1 eligible function(s)
p18,sealed_test,p18_f08_vec_cosine_similarity,p18_f05_vec_dot_product;p18_f07_vec_l2_norm,p18_f05_vec_dot_product;p18_f07_vec_l2_norm,"p18_vec_t,P18_NOINLINE,P18_STATS_VECTOR_H",NONE,calls 2 eligible function(s)
p18,sealed_test,p18_f09_vec_normalize,p18_f07_vec_l2_norm,p18_f05_vec_dot_product;p18_f07_vec_l2_norm,"p18_vec_t,P18_NOINLINE,P18_STATS_VECTOR_H",NONE,calls 1 eligible function(s)
p18,sealed_test,p18_f10_vec_pearson_corr,p18_f01_vec_mean,p18_f01_vec_mean,"p18_vec_t,P18_NOINLINE,P18_STATS_VECTOR_H",NONE,calls 1 eligible function(s)
p18,sealed_test,p18_f11_vec_z_score,p18_f01_vec_mean;p18_f03_vec_stddev,p18_f01_vec_mean;p18_f02_vec_variance;p18_f03_vec_stddev,"p18_vec_t,P18_NOINLINE,P18_STATS_VECTOR_H",NONE,calls 2 eligible function(s)
p18,sealed_test,p18_f12_vec_histogram,NONE,NONE,"p18_vec_t,P18_NOINLINE,P18_STATS_VECTOR_H",NONE,standalone
p18,sealed_test,p18_f13_vec_median,NONE,NONE,"p18_vec_t,P18_NOINLINE,P18_STATS_VECTOR_H",sort_double,standalone
p18,sealed_test,p18_f14_vec_quantile,NONE,NONE,"p18_vec_t,P18_NOINLINE,P18_STATS_VECTOR_H",sort_double,standalone
p18,sealed_test,p18_f15_vec_covariance,p18_f01_vec_mean,p18_f01_vec_mean,"p18_vec_t,P18_NOINLINE,P18_STATS_VECTOR_H",NONE,calls 1 eligible function(s)
p18,sealed_test,p18_f16_vec_scale_add,NONE,NONE,"p18_vec_t,P18_NOINLINE,P18_STATS_VECTOR_H",NONE,standalone
p19,sealed_test,p19_f01_sp_init,NONE,NONE,"p19_sp_graph_t,P19_MAX_VERTICES,P19_INF,P19_NOINLINE",NONE,standalone
p19,sealed_test,p19_f02_sp_add_edge,NONE,NONE,"p19_sp_graph_t,P19_MAX_VERTICES,P19_INF,P19_NOINLINE",NONE,standalone
p19,sealed_test,p19_f03_dijkstra,NONE,NONE,"p19_sp_graph_t,P19_MAX_VERTICES,P19_INF,P19_NOINLINE",NONE,standalone
p19,sealed_test,p19_f04_bellman_ford,NONE,NONE,"p19_sp_graph_t,P19_MAX_VERTICES,P19_INF,P19_NOINLINE",NONE,standalone
p19,sealed_test,p19_f05_floyd_warshall,NONE,NONE,"p19_sp_graph_t,P19_MAX_VERTICES,P19_INF,P19_NOINLINE",NONE,standalone
p19,sealed_test,p19_f06_reconstruct_path,NONE,NONE,"p19_sp_graph_t,P19_MAX_VERTICES,P19_INF,P19_NOINLINE",NONE,standalone
p19,sealed_test,p19_f07_has_negative_cycle,p19_f04_bellman_ford,p19_f04_bellman_ford,"p19_sp_graph_t,P19_MAX_VERTICES,P19_INF,P19_NOINLINE",NONE,calls 1 eligible function(s)
p19,sealed_test,p19_f08_bidirectional_dijkstra,p19_f03_dijkstra,p19_f03_dijkstra,"p19_sp_graph_t,P19_MAX_VERTICES,P19_INF,P19_NOINLINE",NONE,calls 1 eligible function(s)
p19,sealed_test,p19_f09_prim_mst,NONE,NONE,"p19_sp_graph_t,P19_MAX_VERTICES,P19_INF,P19_NOINLINE",NONE,standalone
p19,sealed_test,p19_f10_kruskal_mst,p19_f09_prim_mst,p19_f09_prim_mst,"p19_sp_graph_t,P19_MAX_VERTICES,P19_INF,P19_NOINLINE",NONE,calls 1 eligible function(s)
p19,sealed_test,p19_f11_eccentricity,p19_f03_dijkstra,p19_f03_dijkstra,"p19_sp_graph_t,P19_MAX_VERTICES,P19_INF,P19_NOINLINE",NONE,calls 1 eligible function(s)
p19,sealed_test,p19_f12_graph_diameter,p19_f11_eccentricity,p19_f03_dijkstra;p19_f11_eccentricity,"p19_sp_graph_t,P19_MAX_VERTICES,P19_INF,P19_NOINLINE",NONE,calls 1 eligible function(s)
p19,sealed_test,p19_f13_graph_radius,p19_f11_eccentricity,p19_f03_dijkstra;p19_f11_eccentricity,"p19_sp_graph_t,P19_MAX_VERTICES,P19_INF,P19_NOINLINE",NONE,calls 1 eligible function(s)
p19,sealed_test,p19_f14_count_connected_components,NONE,NONE,"p19_sp_graph_t,P19_MAX_VERTICES,P19_INF,P19_NOINLINE",NONE,standalone
p19,sealed_test,p19_f15_is_bipartite,NONE,NONE,"p19_sp_graph_t,P19_MAX_VERTICES,P19_INF,P19_NOINLINE",NONE,standalone
p19,sealed_test,p19_f16_sp_clear,p19_f01_sp_init,p19_f01_sp_init,"p19_sp_graph_t,P19_MAX_VERTICES,P19_INF,P19_NOINLINE",NONE,calls 1 eligible function(s)
p20,sealed_test,p20_f01_ring_init,NONE,NONE,"p20_ring_t,P20_RING_CAP,P20_NOINLINE",NONE,standalone
p20,sealed_test,p20_f02_ring_is_empty,NONE,NONE,"p20_ring_t,P20_RING_CAP,P20_NOINLINE",NONE,standalone
p20,sealed_test,p20_f03_ring_is_full,NONE,NONE,"p20_ring_t,P20_RING_CAP,P20_NOINLINE",NONE,standalone
p20,sealed_test,p20_f04_ring_available,NONE,NONE,"p20_ring_t,P20_RING_CAP,P20_NOINLINE",NONE,standalone
p20,sealed_test,p20_f05_ring_free_space,NONE,NONE,"p20_ring_t,P20_RING_CAP,P20_NOINLINE",NONE,standalone
p20,sealed_test,p20_f06_ring_write_byte,NONE,NONE,"p20_ring_t,P20_RING_CAP,P20_NOINLINE",NONE,standalone
p20,sealed_test,p20_f07_ring_read_byte,NONE,NONE,"p20_ring_t,P20_RING_CAP,P20_NOINLINE",NONE,standalone
p20,sealed_test,p20_f08_ring_write_slice,NONE,NONE,"p20_ring_t,P20_RING_CAP,P20_NOINLINE",NONE,standalone
p20,sealed_test,p20_f09_ring_read_slice,NONE,NONE,"p20_ring_t,P20_RING_CAP,P20_NOINLINE",NONE,standalone
p20,sealed_test,p20_f10_ring_peek_byte,NONE,NONE,"p20_ring_t,P20_RING_CAP,P20_NOINLINE",NONE,standalone
p20,sealed_test,p20_f11_ring_discard,NONE,NONE,"p20_ring_t,P20_RING_CAP,P20_NOINLINE",NONE,standalone
p20,sealed_test,p20_f12_ring_find_marker,NONE,NONE,"p20_ring_t,P20_RING_CAP,P20_NOINLINE",NONE,standalone
p20,sealed_test,p20_f13_ring_linearize,NONE,NONE,"p20_ring_t,P20_RING_CAP,P20_NOINLINE",NONE,standalone
p20,sealed_test,p20_f14_ring_high_watermark,NONE,NONE,"p20_ring_t,P20_RING_CAP,P20_NOINLINE",NONE,standalone
p20,sealed_test,p20_f15_ring_checksum,NONE,NONE,"p20_ring_t,P20_RING_CAP,P20_NOINLINE",NONE,standalone
p20,sealed_test,p20_f16_ring_clear,p20_f01_ring_init,p20_f01_ring_init,"p20_ring_t,P20_RING_CAP,P20_NOINLINE",NONE,calls 1 eligible function(s)
p21,sealed_test,p21_f01_log_init,NONE,NONE,"p21_log_t,p21_entry_t,P21_MAX_ENTRIES,P21_NOINLINE",NONE,standalone
p21,sealed_test,p21_f02_log_append,NONE,NONE,"p21_log_t,p21_entry_t,P21_MAX_ENTRIES,P21_NOINLINE",NONE,standalone
p21,sealed_test,p21_f03_log_get_by_seq,NONE,NONE,"p21_log_t,p21_entry_t,P21_MAX_ENTRIES,P21_NOINLINE",NONE,standalone
p21,sealed_test,p21_f04_log_get_latest,NONE,NONE,"p21_log_t,p21_entry_t,P21_MAX_ENTRIES,P21_NOINLINE",NONE,standalone
p21,sealed_test,p21_f05_log_get_oldest,NONE,NONE,"p21_log_t,p21_entry_t,P21_MAX_ENTRIES,P21_NOINLINE",NONE,standalone
p21,sealed_test,p21_f06_log_count,NONE,NONE,"p21_log_t,p21_entry_t,P21_MAX_ENTRIES,P21_NOINLINE",NONE,standalone
p21,sealed_test,p21_f07_log_filter_level,NONE,NONE,"p21_log_t,p21_entry_t,P21_MAX_ENTRIES,P21_NOINLINE",NONE,standalone
p21,sealed_test,p21_f08_log_search_substring,NONE,NONE,"p21_log_t,p21_entry_t,P21_MAX_ENTRIES,P21_NOINLINE",NONE,standalone
p21,sealed_test,p21_f09_log_checksum,NONE,NONE,"p21_log_t,p21_entry_t,P21_MAX_ENTRIES,P21_NOINLINE",NONE,standalone
p21,sealed_test,p21_f10_log_verify_checksum,p21_f09_log_checksum,p21_f09_log_checksum,"p21_log_t,p21_entry_t,P21_MAX_ENTRIES,P21_NOINLINE",NONE,calls 1 eligible function(s)
p21,sealed_test,p21_f11_rle_compress,NONE,NONE,"p21_log_t,p21_entry_t,P21_MAX_ENTRIES,P21_NOINLINE",NONE,standalone
p21,sealed_test,p21_f12_rle_decompress,NONE,NONE,"p21_log_t,p21_entry_t,P21_MAX_ENTRIES,P21_NOINLINE",NONE,standalone
p21,sealed_test,p21_f13_log_filter_timestamp,NONE,NONE,"p21_log_t,p21_entry_t,P21_MAX_ENTRIES,P21_NOINLINE",NONE,standalone
p21,sealed_test,p21_f14_log_truncate_older,NONE,NONE,"p21_log_t,p21_entry_t,P21_MAX_ENTRIES,P21_NOINLINE",NONE,standalone
p21,sealed_test,p21_f15_log_export_stats,NONE,NONE,"p21_log_t,p21_entry_t,P21_MAX_ENTRIES,P21_NOINLINE",NONE,standalone
p21,sealed_test,p21_f16_log_clear,p21_f01_log_init,p21_f01_log_init,"p21_log_t,p21_entry_t,P21_MAX_ENTRIES,P21_NOINLINE",NONE,calls 1 eligible function(s)
