target_id,split,query_program_id,donor_program_id,nominal_reuse_level,eligible_query_count_M,reused_query_count_k,donor_function_count,realized_reuse_ratio,query_seed_material,query_seed_digest,query_seed_int,query_selection_attempt,selected_query_function_ids,donor_seed_material,donor_seed_digest,donor_seed_int,donor_selection_attempt,selected_donor_function_ids,query_closure_size,donor_closure_size,total_target_eligible_functions,construction_status
p01_reuse000,train,p01,p05,0.00,16,0,16,0.00,p01|0.00|20261008,199bf25de6be5c1a21977fbd2db279502b5bc4ed804de9a3cbf07a300dcd2b75,429650525,1,,p01|p05|0.00|20261008|DONOR,e2dc72cc7c9dfbeed7aa97db348ecdb42b437bdc834af047840e0ce61a51e2b1,3806098124,1,p05_f01_adj_init;p05_f02_adj_add_edge;p05_f03_adj_has_edge;p05_f04_adj_in_degree;p05_f05_adj_out_degree;p05_f06_graph_bfs;p05_f07_graph_dfs_iterative;p05_f08_graph_has_cycle_directed;p05_f09_graph_connected_components;p05_f10_graph_bipartite_check;p05_f11_graph_transitive_closure;p05_f12_graph_density;p05_f13_graph_isolate_count;p05_f14_graph_eulerian_path_check;p05_f15_graph_subgraph_induced;p05_f16_graph_vertex_eccentricity,0,16,16,planned_frozen
p01_reuse025,train,p01,p05,0.25,16,4,12,0.25,p01|0.25|20261008,a69160629406ffaf5040b1df4a16dfdbc1276da7e653f58fe2b3e909ca2920f7,2794545250,1,p01_f06_crc32_table_driven;p01_f11_luhn_validate;p01_f15_pearson_hash8;p01_f16_checksum_combine,p01|p05|0.25|20261008|DONOR,f5e8c67f64361fa2242f1e2bb37099f67ebd6b53be98bfb7b42ad25bb0ae2176,4125673087,1,p05_f01_adj_init;p05_f02_adj_add_edge;p05_f03_adj_has_edge;p05_f04_adj_in_degree;p05_f05_adj_out_degree;p05_f06_graph_bfs;p05_f08_graph_has_cycle_directed;p05_f10_graph_bipartite_check;p05_f11_graph_transitive_closure;p05_f12_graph_density;p05_f13_graph_isolate_count;p05_f14_graph_eulerian_path_check,4,12,16,planned_frozen
p01_reuse050,train,p01,p05,0.50,16,8,8,0.50,p01|0.50|20261008,2a82c07f04764c6cf59a07ff8e978fa16d5896531c8c1456b0418a606db590f9,713212031,1,p01_f01_crc8_smbus;p01_f03_crc16_ccitt;p01_f04_crc16_modbus;p01_f07_fletcher16;p01_f08_fletcher32;p01_f11_luhn_validate;p01_f13_internet_checksum;p01_f15_pearson_hash8,p01|p05|0.50|20261008|DONOR,8abd0d4dbd6e8c50ef6d70ba38e5371f5fbba89f2cc33b377714d093caeec3d2,2327645517,1,p05_f01_adj_init;p05_f04_adj_in_degree;p05_f05_adj_out_degree;p05_f06_graph_bfs;p05_f11_graph_transitive_closure;p05_f13_graph_isolate_count;p05_f14_graph_eulerian_path_check;p05_f16_graph_vertex_eccentricity,8,8,16,planned_frozen
p01_reuse075,train,p01,p05,0.75,16,12,4,0.75,p01|0.75|20261008,16a8e584b4a81344aaad67618ea09fab24f0df06aa8a4f61fc020d70deaafb55,380167556,1,p01_f02_crc8_cdma;p01_f04_crc16_modbus;p01_f05_crc32_ieee;p01_f06_crc32_table_driven;p01_f07_fletcher16;p01_f09_bsd_checksum;p01_f11_luhn_validate;p01_f12_xor8_block;p01_f13_internet_checksum;p01_f14_adler16_simple;p01_f15_pearson_hash8;p01_f16_checksum_combine,p01|p05|0.75|20261008|DONOR,0fce258c2e204399ef5d35541ddda300348723b9cf407b67379dcd4b48e3a72f,265168268,3,p05_f01_adj_init;p05_f02_adj_add_edge;p05_f12_graph_density;p05_f16_graph_vertex_eccentricity,12,4,16,planned_frozen
p01_reuse100,train,p01,p05,1.00,16,16,0,1.00,p01|1.00|20261008,0521de04f85bd6108ccb13cfb05cedfd451c925407587beda75ade8604c00e63,86105604,1,p01_f01_crc8_smbus;p01_f02_crc8_cdma;p01_f03_crc16_ccitt;p01_f04_crc16_modbus;p01_f05_crc32_ieee;p01_f06_crc32_table_driven;p01_f07_fletcher16;p01_f08_fletcher32;p01_f09_bsd_checksum;p01_f10_sysv_checksum;p01_f11_luhn_validate;p01_f12_xor8_block;p01_f13_internet_checksum;p01_f14_adler16_simple;p01_f15_pearson_hash8;p01_f16_checksum_combine,p01|p05|1.00|20261008|DONOR,3ba5fd5cdaf0303c021afb8270699ea82b8ef45b0344be07de06c7d2ad24feb3,1000734044,1,,16,0,16,planned_frozen
p02_reuse000,train,p02,p06,0.00,16,0,16,0.00,p02|0.00|20261008,0d1c04f2752930c613b309b5d64572eeefd8984c3f241ae2cce6af2e95954c11,219940082,1,,p02|p06|0.00|20261008|DONOR,f24817282794f123a9a907858adf626a9d136ae816e5b45c4049cd579ca7481c,4064810792,1,p06_f01_tlv_encode_uint8;p06_f02_tlv_encode_uint16;p06_f03_tlv_encode_uint32;p06_f04_tlv_encode_bytes;p06_f05_tlv_decode_header;p06_f06_tlv_decode_uint8;p06_f07_tlv_decode_uint16;p06_f08_tlv_decode_uint32;p06_f09_tlv_find_tag;p06_f10_tlv_count_tags;p06_f11_tlv_validate_buffer;p06_f12_packet_header_build;p06_f13_packet_header_parse;p06_f14_packet_payload_pad;p06_f15_packet_payload_unpad;p06_f16_packet_serialize,0,16,16,planned_frozen
p02_reuse025,train,p02,p06,0.25,16,4,12,0.25,p02|0.25|20261008,0e4352da9d3258edaf03852ed33f3f1302110275d1221b4d3db4fac20eada882,239293146,55,p02_f02_heap_sift_up;p02_f03_heap_sift_down;p02_f11_heap_increase_key;p02_f14_heap_is_valid,p02|p06|0.25|20261008|DONOR,690f6e008dc415b7b89dd6c2197427eb1a77ad18deaaa373e34bdfff4475217d,1762618880,1,p06_f01_tlv_encode_uint8;p06_f02_tlv_encode_uint16;p06_f03_tlv_encode_uint32;p06_f04_tlv_encode_bytes;p06_f05_tlv_decode_header;p06_f06_tlv_decode_uint8;p06_f08_tlv_decode_uint32;p06_f10_tlv_count_tags;p06_f11_tlv_validate_buffer;p06_f12_packet_header_build;p06_f14_packet_payload_pad;p06_f15_packet_payload_unpad,4,12,16,planned_frozen
p02_reuse050,train,p02,p06,0.50,16,8,8,0.50,p02|0.50|20261008,10b2633a535e945ae4743aef8fe35ff68fe6f6d2644dd6f2997ae16d944807d9,280126266,1,p02_f01_heap_init;p02_f02_heap_sift_up;p02_f03_heap_sift_down;p02_f04_heap_push;p02_f06_heap_peek;p02_f10_heap_delete_at;p02_f13_heap_merge;p02_f16_heap_clear,p02|p06|0.50|20261008|DONOR,994318b3e80ebdd505c2653fcfb3a4705b5175637a8d2836577485e55194f837,2571311283,1,p06_f02_tlv_encode_uint16;p06_f04_tlv_encode_bytes;p06_f07_tlv_decode_uint16;p06_f08_tlv_decode_uint32;p06_f09_tlv_find_tag;p06_f10_tlv_count_tags;p06_f14_packet_payload_pad;p06_f15_packet_payload_unpad,8,8,16,planned_frozen
p02_reuse075,train,p02,p06,0.75,16,12,4,0.75,p02|0.75|20261008,6641fd410cea2fc77ea6a098a322fe40e409d662d4deae85bff449a63262b25f,1715600705,2,p02_f01_heap_init;p02_f02_heap_sift_up;p02_f03_heap_sift_down;p02_f04_heap_push;p02_f05_heap_pop_min;p02_f06_heap_peek;p02_f07_heapify_array;p02_f08_heapsort_asc;p02_f09_heap_replace;p02_f12_heap_decrease_key;p02_f13_heap_merge;p02_f14_heap_is_valid,p02|p06|0.75|20261008|DONOR,10cd924b684f01ec5a4dfb520aa15470b3945132f5222ca3d95f37ded5572976,281907787,1,p06_f08_tlv_decode_uint32;p06_f10_tlv_count_tags;p06_f12_packet_header_build;p06_f16_packet_serialize,12,4,16,planned_frozen
p02_reuse100,train,p02,p06,1.00,16,16,0,1.00,p02|1.00|20261008,9e9b240b433d2a19e6f3195a069f831ffd803033773321d5f52f76cfc05cc731,2660967435,1,p02_f01_heap_init;p02_f02_heap_sift_up;p02_f03_heap_sift_down;p02_f04_heap_push;p02_f05_heap_pop_min;p02_f06_heap_peek;p02_f07_heapify_array;p02_f08_heapsort_asc;p02_f09_heap_replace;p02_f10_heap_delete_at;p02_f11_heap_increase_key;p02_f12_heap_decrease_key;p02_f13_heap_merge;p02_f14_heap_is_valid;p02_f15_heap_kth_smallest;p02_f16_heap_clear,p02|p06|1.00|20261008|DONOR,c595d9adedb196bcbc2317a56c06b80c7625f3d0c999eeca1ee22936ee717c0c,3314932141,1,,16,0,16,planned_frozen
p03_reuse000,train,p03,p07,0.00,16,0,16,0.00,p03|0.00|20261008,8de79fe8bb81a10a36843a21b1bb6fa04933e9b4ba657d733ffa5a0be2802377,2380767208,1,,p03|p07|0.00|20261008|DONOR,ea1ee733a30cc61b2bcff6494fe9073587655c9cd014a539953f7006fd48b29e,3927893811,1,p07_f01_slab_init;p07_f02_slab_alloc_block;p07_f03_slab_free_block;p07_f04_slab_available_count;p07_f05_slab_is_pointer_valid;p07_f06_slab_mark_busy;p07_f07_slab_mark_free;p07_f08_slab_find_first_free_bit;p07_f09_slab_defragment_check;p07_f10_slab_reset;p07_f11_slab_block_index;p07_f12_slab_index_to_pointer;p07_f13_slab_stats_utilization;p07_f14_slab_audit_integrity;p07_f15_slab_scrub_pattern;p07_f16_slab_compact_scan,0,16,16,planned_frozen
p03_reuse025,train,p03,p07,0.25,16,4,12,0.25,p03|0.25|20261008,98030340e12d9d4868422a06e2bb4ca9af666f6d9a17fd5c875be00782ad2e40,2550334272,1,p03_f01_str_trim;p03_f05_str_ends_with;p03_f08_str_to_lower_ascii;p03_f13_str_unescape_c,p03|p07|0.25|20261008|DONOR,de1da6025fa2188b82085d529075dd88496a60f1fb4588980888f7b4fbc3653d,3726484994,2,p07_f01_slab_init;p07_f04_slab_available_count;p07_f06_slab_mark_busy;p07_f07_slab_mark_free;p07_f08_slab_find_first_free_bit;p07_f09_slab_defragment_check;p07_f11_slab_block_index;p07_f12_slab_index_to_pointer;p07_f13_slab_stats_utilization;p07_f14_slab_audit_integrity;p07_f15_slab_scrub_pattern;p07_f16_slab_compact_scan,4,12,16,planned_frozen
p03_reuse050,train,p03,p07,0.50,16,8,8,0.50,p03|0.50|20261008,ea86d56bc7a6df353ddead3e89fafcb1f8030f84ec404b5655f7e67e2d969521,3934705003,1,p03_f01_str_trim;p03_f02_str_split_delim;p03_f03_str_join;p03_f09_str_to_upper_ascii;p03_f10_str_reverse;p03_f11_str_levenshtein;p03_f14_str_parse_int;p03_f15_str_format_hex,p03|p07|0.50|20261008|DONOR,b9f56b7d9772f0700675a0dd3308f36da35708da1ef74297f79eb3a5a20954ac,3119868797,2,p07_f07_slab_mark_free;p07_f08_slab_find_first_free_bit;p07_f09_slab_defragment_check;p07_f11_slab_block_index;p07_f12_slab_index_to_pointer;p07_f13_slab_stats_utilization;p07_f14_slab_audit_integrity;p07_f15_slab_scrub_pattern,8,8,16,planned_frozen
p03_reuse075,train,p03,p07,0.75,16,12,4,0.75,p03|0.75|20261008,476cda6c898d9f6d45f85a51b1f3266892d71b2b46805ab046954e18bfdd993a,1198316140,1,p03_f01_str_trim;p03_f02_str_split_delim;p03_f03_str_join;p03_f04_str_starts_with;p03_f05_str_ends_with;p03_f06_str_replace_char;p03_f07_str_count_substr;p03_f08_str_to_lower_ascii;p03_f09_str_to_upper_ascii;p03_f10_str_reverse;p03_f15_str_format_hex;p03_f16_str_parse_hex,p03|p07|0.75|20261008|DONOR,bb34ea106683a6f216ef34ec0e1896c48ec347c87377adf5e8f08059b11f5c75,3140807184,4,p07_f06_slab_mark_busy;p07_f08_slab_find_first_free_bit;p07_f09_slab_defragment_check;p07_f12_slab_index_to_pointer,12,4,16,planned_frozen
p03_reuse100,train,p03,p07,1.00,16,16,0,1.00,p03|1.00|20261008,050a4e0cd2b987c0474465823e55adc4ad648f9653d584e9ae43b269611244e0,84561420,1,p03_f01_str_trim;p03_f02_str_split_delim;p03_f03_str_join;p03_f04_str_starts_with;p03_f05_str_ends_with;p03_f06_str_replace_char;p03_f07_str_count_substr;p03_f08_str_to_lower_ascii;p03_f09_str_to_upper_ascii;p03_f10_str_reverse;p03_f11_str_levenshtein;p03_f12_str_escape_c;p03_f13_str_unescape_c;p03_f14_str_parse_int;p03_f15_str_format_hex;p03_f16_str_parse_hex,p03|p07|1.00|20261008|DONOR,9b947d6ac34aca2e7714e0e2b6955c10ba1695f21a127eaf8950df3045bd260f,2610199914,1,,16,0,16,planned_frozen
p04_reuse000,train,p04,p01,0.00,16,0,16,0.00,p04|0.00|20261008,244d69c5327bb93f7cf53c94ed6e954ae676aa957a68073cd0ab3beac20acea0,609053125,1,,p04|p01|0.00|20261008|DONOR,99b4e058eae22d13a885bc4c5483785915f86f6440f6dfd0cb3c47b09c2b2fb4,2578767960,1,p01_f01_crc8_smbus;p01_f02_crc8_cdma;p01_f03_crc16_ccitt;p01_f04_crc16_modbus;p01_f05_crc32_ieee;p01_f06_crc32_table_driven;p01_f07_fletcher16;p01_f08_fletcher32;p01_f09_bsd_checksum;p01_f10_sysv_checksum;p01_f11_luhn_validate;p01_f12_xor8_block;p01_f13_internet_checksum;p01_f14_adler16_simple;p01_f15_pearson_hash8;p01_f16_checksum_combine,0,16,16,planned_frozen
p04_reuse025,train,p04,p01,0.25,16,4,12,0.25,p04|0.25|20261008,8a1e83374e32a5f9b850837321ada269a9a121ac9dbd75b51f4cf2cd66516322,2317255479,1,p04_f02_mat_init_identity;p04_f03_mat_add;p04_f07_mat_mul;p04_f10_mat_det_2x2,p04|p01|0.25|20261008|DONOR,4e6212a42cf43fc8316e3ccbc49afd4da4e7fcdd16fb5d91dd9df5ca26a21e38,1315050148,1,p01_f01_crc8_smbus;p01_f02_crc8_cdma;p01_f03_crc16_ccitt;p01_f04_crc16_modbus;p01_f05_crc32_ieee;p01_f06_crc32_table_driven;p01_f07_fletcher16;p01_f09_bsd_checksum;p01_f11_luhn_validate;p01_f14_adler16_simple;p01_f15_pearson_hash8;p01_f16_checksum_combine,4,12,16,planned_frozen
p04_reuse050,train,p04,p01,0.50,16,8,8,0.50,p04|0.50|20261008,512f761ac2ddc056823b445e5f5b58fc9b77c4c570b0faeee279d9d4eced7ee1,1362064922,1,p04_f03_mat_add;p04_f05_mat_scale;p04_f06_mat_transpose;p04_f07_mat_mul;p04_f10_mat_det_2x2;p04_f11_mat_det_3x3;p04_f15_mat_solve_upper_tri;p04_f16_mat_hadamard_product,p04|p01|0.50|20261008|DONOR,98560d7921709eb88dabeff8c933628b048c9f2a2e7b53ac3176b422c3b1b294,2555776377,1,p01_f02_crc8_cdma;p01_f05_crc32_ieee;p01_f07_fletcher16;p01_f08_fletcher32;p01_f09_bsd_checksum;p01_f10_sysv_checksum;p01_f13_internet_checksum;p01_f14_adler16_simple,8,8,16,planned_frozen
p04_reuse075,train,p04,p01,0.75,16,12,4,0.75,p04|0.75|20261008,2c43647dc80582b1032816762fac9175ad688b81651b420719b039a45e2d0ef9,742614141,1,p04_f01_mat_init_zero;p04_f02_mat_init_identity;p04_f04_mat_sub;p04_f05_mat_scale;p04_f06_mat_transpose;p04_f07_mat_mul;p04_f08_mat_vec_mul;p04_f09_mat_trace;p04_f10_mat_det_2x2;p04_f11_mat_det_3x3;p04_f15_mat_solve_upper_tri;p04_f16_mat_hadamard_product,p04|p01|0.75|20261008|DONOR,7b4759fc0f5919b3e488af7680150c6bd40e3d8d243e37d1bb3f54fd3f1591a1,2068273660,1,p01_f06_crc32_table_driven;p01_f07_fletcher16;p01_f10_sysv_checksum;p01_f13_internet_checksum,12,4,16,planned_frozen
p04_reuse100,train,p04,p01,1.00,16,16,0,1.00,p04|1.00|20261008,2ff094c77c3ef9392f13f25ca4b7731ccb456b9924e13b50c94c5f53b87d351a,804295879,1,p04_f01_mat_init_zero;p04_f02_mat_init_identity;p04_f03_mat_add;p04_f04_mat_sub;p04_f05_mat_scale;p04_f06_mat_transpose;p04_f07_mat_mul;p04_f08_mat_vec_mul;p04_f09_mat_trace;p04_f10_mat_det_2x2;p04_f11_mat_det_3x3;p04_f12_mat_frobenius_norm;p04_f13_mat_is_symmetric;p04_f14_mat_lu_decompose_3x3;p04_f15_mat_solve_upper_tri;p04_f16_mat_hadamard_product,p04|p01|1.00|20261008|DONOR,1b02f4e62dc48763f8a7afe691731a0c87e9a96344fb576272bdfe370284a2eb,453178598,1,,16,0,16,planned_frozen
p05_reuse000,train,p05,p02,0.00,16,0,16,0.00,p05|0.00|20261008,e2c05e70874d08fdb0622d6ece304844b53940a815864adb49c3055d61361118,3804257904,1,,p05|p02|0.00|20261008|DONOR,9a7ed10be50f2765c4a2c22d333394e69460c1f0fffe62774d97ae1227f9bbec,2592002315,1,p02_f01_heap_init;p02_f02_heap_sift_up;p02_f03_heap_sift_down;p02_f04_heap_push;p02_f05_heap_pop_min;p02_f06_heap_peek;p02_f07_heapify_array;p02_f08_heapsort_asc;p02_f09_heap_replace;p02_f10_heap_delete_at;p02_f11_heap_increase_key;p02_f12_heap_decrease_key;p02_f13_heap_merge;p02_f14_heap_is_valid;p02_f15_heap_kth_smallest;p02_f16_heap_clear,0,16,16,planned_frozen
p05_reuse025,train,p05,p02,0.25,16,4,12,0.25,p05|0.25|20261008,aa40a45437023f2ebacaca7af2d0200cd35e7312e30414789d5db3ecbafd854b,2856363092,1,p05_f05_adj_out_degree;p05_f08_graph_has_cycle_directed;p05_f11_graph_transitive_closure;p05_f12_graph_density,p05|p02|0.25|20261008|DONOR,064614b0fad4e2ebb8d9d99929ed61c5482b25195873b5f7da097edc451b11b5,105256112,5,p02_f01_heap_init;p02_f02_heap_sift_up;p02_f03_heap_sift_down;p02_f05_heap_pop_min;p02_f06_heap_peek;p02_f07_heapify_array;p02_f08_heapsort_asc;p02_f09_heap_replace;p02_f12_heap_decrease_key;p02_f13_heap_merge;p02_f14_heap_is_valid;p02_f15_heap_kth_smallest,4,12,16,planned_frozen
p05_reuse050,train,p05,p02,0.50,16,8,8,0.50,p05|0.50|20261008,0fa2b4241ff147fcf3504f5d779dec190878a17c1ed5cc3fdd2cc6d1a4f91c8f,262321188,1,p05_f01_adj_init;p05_f02_adj_add_edge;p05_f03_adj_has_edge;p05_f04_adj_in_degree;p05_f06_graph_bfs;p05_f07_graph_dfs_iterative;p05_f10_graph_bipartite_check;p05_f15_graph_subgraph_induced,p05|p02|0.50|20261008|DONOR,ea34296277e121c22a1b7b4efad0121a93f59c93bc0bc985ad5d1047c1157b62,3929287010,5,p02_f01_heap_init;p02_f02_heap_sift_up;p02_f03_heap_sift_down;p02_f07_heapify_array;p02_f10_heap_delete_at;p02_f13_heap_merge;p02_f14_heap_is_valid;p02_f16_heap_clear,8,8,16,planned_frozen
p05_reuse075,train,p05,p02,0.75,16,12,4,0.75,p05|0.75|20261008,a129a9b73797549a33b3f6fac47e220df0d18a798d5ec667e423924e85c1e0e7,2703862199,1,p05_f01_adj_init;p05_f02_adj_add_edge;p05_f03_adj_has_edge;p05_f04_adj_in_degree;p05_f05_adj_out_degree;p05_f06_graph_bfs;p05_f07_graph_dfs_iterative;p05_f10_graph_bipartite_check;p05_f12_graph_density;p05_f13_graph_isolate_count;p05_f14_graph_eulerian_path_check;p05_f16_graph_vertex_eccentricity,p05|p02|0.75|20261008|DONOR,a87fd887ad81598a67c7fe4a3b386a57c6f0061ebe8af253043d35c321458d15,2826950791,2,p02_f03_heap_sift_down;p02_f05_heap_pop_min;p02_f06_heap_peek;p02_f09_heap_replace,12,4,16,planned_frozen
p05_reuse100,train,p05,p02,1.00,16,16,0,1.00,p05|1.00|20261008,6c4cbb3e7f04b7d12ee05ba683f1f32e4d3fc5be26a3d266405885baa0b28d08,1816967998,1,p05_f01_adj_init;p05_f02_adj_add_edge;p05_f03_adj_has_edge;p05_f04_adj_in_degree;p05_f05_adj_out_degree;p05_f06_graph_bfs;p05_f07_graph_dfs_iterative;p05_f08_graph_has_cycle_directed;p05_f09_graph_connected_components;p05_f10_graph_bipartite_check;p05_f11_graph_transitive_closure;p05_f12_graph_density;p05_f13_graph_isolate_count;p05_f14_graph_eulerian_path_check;p05_f15_graph_subgraph_induced;p05_f16_graph_vertex_eccentricity,p05|p02|1.00|20261008|DONOR,6f72be0a0c49f23182cff3ff1e79a18b62a6418b905f2773980a25a788704df5,1869790730,1,,16,0,16,planned_frozen
p06_reuse000,train,p06,p03,0.00,16,0,16,0.00,p06|0.00|20261008,ceff068c3a0361b1681fbbd085b4a13d6a97900967286ffbf0aa203a502c53fb,3472819852,1,,p06|p03|0.00|20261008|DONOR,65b640a6a6b2da100197f406051d36778b8c85d95006491d873f30f1225b6dba,1706442918,1,p03_f01_str_trim;p03_f02_str_split_delim;p03_f03_str_join;p03_f04_str_starts_with;p03_f05_str_ends_with;p03_f06_str_replace_char;p03_f07_str_count_substr;p03_f08_str_to_lower_ascii;p03_f09_str_to_upper_ascii;p03_f10_str_reverse;p03_f11_str_levenshtein;p03_f12_str_escape_c;p03_f13_str_unescape_c;p03_f14_str_parse_int;p03_f15_str_format_hex;p03_f16_str_parse_hex,0,16,16,planned_frozen
p06_reuse025,train,p06,p03,0.25,16,4,12,0.25,p06|0.25|20261008,2e25920413666eea520e4f3acf5a1287d577e0c5dd9a10d324c605c6f11b7311,774214148,1,p06_f02_tlv_encode_uint16;p06_f03_tlv_encode_uint32;p06_f05_tlv_decode_header;p06_f08_tlv_decode_uint32,p06|p03|0.25|20261008|DONOR,db4685e658f1310d350cc0a758a3f24fe72f450773e0783611ccb37a8c8fbb33,3678832102,1,p03_f01_str_trim;p03_f02_str_split_delim;p03_f03_str_join;p03_f06_str_replace_char;p03_f08_str_to_lower_ascii;p03_f09_str_to_upper_ascii;p03_f10_str_reverse;p03_f11_str_levenshtein;p03_f12_str_escape_c;p03_f13_str_unescape_c;p03_f14_str_parse_int;p03_f15_str_format_hex,4,12,16,planned_frozen
p06_reuse050,train,p06,p03,0.50,16,8,8,0.50,p06|0.50|20261008,7809109aa34e5b3e677c44d2c770a5c1681e075d9ee28175ee82bf9dc9ef2ba7,2013859994,2,p06_f02_tlv_encode_uint16;p06_f03_tlv_encode_uint32;p06_f05_tlv_decode_header;p06_f06_tlv_decode_uint8;p06_f12_packet_header_build;p06_f13_packet_header_parse;p06_f14_packet_payload_pad;p06_f15_packet_payload_unpad,p06|p03|0.50|20261008|DONOR,a877021edc4f7e1b4d907663fccd229341412e9b1132fcb41b93ea941a740444,2826371614,1,p03_f01_str_trim;p03_f03_str_join;p03_f06_str_replace_char;p03_f07_str_count_substr;p03_f09_str_to_upper_ascii;p03_f10_str_reverse;p03_f11_str_levenshtein;p03_f14_str_parse_int,8,8,16,planned_frozen
p06_reuse075,train,p06,p03,0.75,16,12,4,0.75,p06|0.75|20261008,4388044f81c0c5363ad8fe5c1fe86ae70b849c1ddd69d12358cb9317f4eed11d,1132987471,1,p06_f01_tlv_encode_uint8;p06_f02_tlv_encode_uint16;p06_f03_tlv_encode_uint32;p06_f05_tlv_decode_header;p06_f08_tlv_decode_uint32;p06_f09_tlv_find_tag;p06_f10_tlv_count_tags;p06_f11_tlv_validate_buffer;p06_f12_packet_header_build;p06_f14_packet_payload_pad;p06_f15_packet_payload_unpad;p06_f16_packet_serialize,p06|p03|0.75|20261008|DONOR,5c2a8774403e65465a02db2ccccb5a1da654fd7ec3404fbdf51a2ae2137c51ae,1546291060,1,p03_f03_str_join;p03_f05_str_ends_with;p03_f12_str_escape_c;p03_f15_str_format_hex,12,4,16,planned_frozen
p06_reuse100,train,p06,p03,1.00,16,16,0,1.00,p06|1.00|20261008,64b5528f3821d2b15fa41f6cd3ec6185a3521bbcc5b13a737477a2949e122265,1689604751,1,p06_f01_tlv_encode_uint8;p06_f02_tlv_encode_uint16;p06_f03_tlv_encode_uint32;p06_f04_tlv_encode_bytes;p06_f05_tlv_decode_header;p06_f06_tlv_decode_uint8;p06_f07_tlv_decode_uint16;p06_f08_tlv_decode_uint32;p06_f09_tlv_find_tag;p06_f10_tlv_count_tags;p06_f11_tlv_validate_buffer;p06_f12_packet_header_build;p06_f13_packet_header_parse;p06_f14_packet_payload_pad;p06_f15_packet_payload_unpad;p06_f16_packet_serialize,p06|p03|1.00|20261008|DONOR,9a009d84b96032a0f0db6c7d4055363ea0673241fdb7f5ddf6a9a3ab750fa033,2583731588,1,,16,0,16,planned_frozen
p07_reuse000,train,p07,p04,0.00,16,0,16,0.00,p07|0.00|20261008,dca16def241bec9a191823af546f42ed0f26a7e150f9db92a4c45efc69493337,3701566959,1,,p07|p04|0.00|20261008|DONOR,816a4ef0db80f3bce4b50aeb81200e2fd1f9929eb22ba0571ae0fcbe5d2e0059,2171227888,1,p04_f01_mat_init_zero;p04_f02_mat_init_identity;p04_f03_mat_add;p04_f04_mat_sub;p04_f05_mat_scale;p04_f06_mat_transpose;p04_f07_mat_mul;p04_f08_mat_vec_mul;p04_f09_mat_trace;p04_f10_mat_det_2x2;p04_f11_mat_det_3x3;p04_f12_mat_frobenius_norm;p04_f13_mat_is_symmetric;p04_f14_mat_lu_decompose_3x3;p04_f15_mat_solve_upper_tri;p04_f16_mat_hadamard_product,0,16,16,planned_frozen
p07_reuse025,train,p07,p04,0.25,16,4,12,0.25,p07|0.25|20261008,a5267a5880e961e1ce9cd7859d87f069ac9c2ab94444998415f3dc108c074c68,2770762328,1,p07_f01_slab_init;p07_f06_slab_mark_busy;p07_f13_slab_stats_utilization;p07_f16_slab_compact_scan,p07|p04|0.25|20261008|DONOR,730307d29dae91d2d680dfc55db8460c78e8b5fd4d1fb53e0a7a884c12d23867,1929578450,1,p04_f01_mat_init_zero;p04_f02_mat_init_identity;p04_f03_mat_add;p04_f04_mat_sub;p04_f05_mat_scale;p04_f06_mat_transpose;p04_f08_mat_vec_mul;p04_f10_mat_det_2x2;p04_f11_mat_det_3x3;p04_f12_mat_frobenius_norm;p04_f15_mat_solve_upper_tri;p04_f16_mat_hadamard_product,4,12,16,planned_frozen
p07_reuse050,train,p07,p04,0.50,16,8,8,0.50,p07|0.50|20261008,fe035f9f260e21238fd5f60aee6180aea98458b342a940dd3bec5be980390812,4261633951,1,p07_f01_slab_init;p07_f09_slab_defragment_check;p07_f11_slab_block_index;p07_f12_slab_index_to_pointer;p07_f13_slab_stats_utilization;p07_f14_slab_audit_integrity;p07_f15_slab_scrub_pattern;p07_f16_slab_compact_scan,p07|p04|0.50|20261008|DONOR,5b77decfee1eee529cb9c03cc9aad1b63b273377970c8caf8c8337119d675443,1534582479,1,p04_f04_mat_sub;p04_f05_mat_scale;p04_f06_mat_transpose;p04_f07_mat_mul;p04_f08_mat_vec_mul;p04_f09_mat_trace;p04_f10_mat_det_2x2;p04_f16_mat_hadamard_product,8,8,16,planned_frozen
p07_reuse075,train,p07,p04,0.75,16,12,4,0.75,p07|0.75|20261008,bdde4f7f977456aba6e020bac142360de4ea04b5b2f7d29b7483a9af3e38cee7,3185463167,1,p07_f01_slab_init;p07_f03_slab_free_block;p07_f06_slab_mark_busy;p07_f07_slab_mark_free;p07_f08_slab_find_first_free_bit;p07_f09_slab_defragment_check;p07_f10_slab_reset;p07_f11_slab_block_index;p07_f12_slab_index_to_pointer;p07_f14_slab_audit_integrity;p07_f15_slab_scrub_pattern;p07_f16_slab_compact_scan,p07|p04|0.75|20261008|DONOR,6697f851b587c0f14f07c4f478247fd30ae7c70fefd1caa66b48d388a1d71975,1721235537,1,p04_f01_mat_init_zero;p04_f09_mat_trace;p04_f12_mat_frobenius_norm;p04_f15_mat_solve_upper_tri,12,4,16,planned_frozen
p07_reuse100,train,p07,p04,1.00,16,16,0,1.00,p07|1.00|20261008,dd04742bdae7c2af9d475931f2d0742b127062b44774993d5321a94b490fff5e,3708056619,1,p07_f01_slab_init;p07_f02_slab_alloc_block;p07_f03_slab_free_block;p07_f04_slab_available_count;p07_f05_slab_is_pointer_valid;p07_f06_slab_mark_busy;p07_f07_slab_mark_free;p07_f08_slab_find_first_free_bit;p07_f09_slab_defragment_check;p07_f10_slab_reset;p07_f11_slab_block_index;p07_f12_slab_index_to_pointer;p07_f13_slab_stats_utilization;p07_f14_slab_audit_integrity;p07_f15_slab_scrub_pattern;p07_f16_slab_compact_scan,p07|p04|1.00|20261008|DONOR,a7f581716e869ea63c9649ba88d40726201ae23c7bae17cf26e96a2f5d987ee0,2817884529,1,,16,0,16,planned_frozen
p08_reuse000,dev,p08,p10,0.00,16,0,16,0.00,p08|0.00|20261008,90d9d30b15ff7413ae433dcd3f7d28d01da36d511dbfafe51925248805ee66b0,2430194443,1,,p08|p10|0.00|20261008|DONOR,c87fae336ec9e6499ad3f59a6e453d463a61452d8ce260739d7aba111b07dcf2,3363810867,1,p10_f01_nfa_init;p10_f02_nfa_add_state;p10_f03_nfa_set_transition;p10_f04_nfa_set_match;p10_f05_nfa_create_literal;p10_f06_nfa_concat;p10_f07_nfa_alternate;p10_f08_nfa_star;p10_f09_nfa_plus;p10_f10_nfa_optional;p10_f11_nfa_epsilon_closure;p10_f12_nfa_step;p10_f13_nfa_simulate;p10_f14_nfa_match_prefix;p10_f15_nfa_active_count;p10_f16_nfa_reset,0,16,16,planned_frozen
p08_reuse025,dev,p08,p10,0.25,16,4,12,0.25,p08|0.25|20261008,73520d809768467cafe9436110011cee035a08b9a41c5e39939cfff37f47758e,1934757248,1,p08_f05_djb2_hash;p08_f10_rot13_cipher;p08_f13_poly1305_clamp;p08_f16_checksum_fold64_to_32,p08|p10|0.25|20261008|DONOR,3954a6386f33bb6635a276652b156a3ab5cc3991dee8667437c7a80ff6f24f0a,961848888,5,p10_f01_nfa_init;p10_f02_nfa_add_state;p10_f04_nfa_set_match;p10_f05_nfa_create_literal;p10_f06_nfa_concat;p10_f07_nfa_alternate;p10_f09_nfa_plus;p10_f10_nfa_optional;p10_f11_nfa_epsilon_closure;p10_f12_nfa_step;p10_f14_nfa_match_prefix;p10_f15_nfa_active_count,4,12,16,planned_frozen
p08_reuse050,dev,p08,p10,0.50,16,8,8,0.50,p08|0.50|20261008,a70a6d09ddb0bc6d8de1ca55b6de5f90b56fb5da16965d32a82f21aa6ca70619,2802478345,1,p08_f01_adler32;p08_f02_siphash_round;p08_f04_half_siphash;p08_f06_sdbm_hash;p08_f07_rabin_karp_rolling;p08_f10_rot13_cipher;p08_f12_crc16_usb;p08_f14_chash_simple,p08|p10|0.50|20261008|DONOR,47e67b8469987f620e00e5cf4034ab7e0e233ad03dc37fd49ca923c9ba333f07,1206287236,3,p10_f01_nfa_init;p10_f02_nfa_add_state;p10_f04_nfa_set_match;p10_f05_nfa_create_literal;p10_f06_nfa_concat;p10_f11_nfa_epsilon_closure;p10_f12_nfa_step;p10_f16_nfa_reset,8,8,16,planned_frozen
p08_reuse075,dev,p08,p10,0.75,16,12,4,0.75,p08|0.75|20261008,b21c04c7bf38247128351d9185cbb32153e7b4f38fc35da38c2dad0d2b1c3332,2988180679,1,p08_f02_siphash_round;p08_f03_siphash24;p08_f05_djb2_hash;p08_f06_sdbm_hash;p08_f08_jenkins_lookup2;p08_f09_knuth_multiplicative;p08_f10_rot13_cipher;p08_f11_rotate_mix32;p08_f12_crc16_usb;p08_f14_chash_simple;p08_f15_hash_mix32;p08_f16_checksum_fold64_to_32,p08|p10|0.75|20261008|DONOR,efd6911e5d8d2500fcc8678e5ebe4c0e9fc36076a3cb1275856ea4d20155224a,4023816478,10,p10_f02_nfa_add_state;p10_f07_nfa_alternate;p10_f08_nfa_star;p10_f11_nfa_epsilon_closure,12,4,16,planned_frozen
p08_reuse100,dev,p08,p10,1.00,16,16,0,1.00,p08|1.00|20261008,83613cce869f12c85159a427affc78d2eba305dd171fd9108a95af3198bec8dd,2204187854,1,p08_f01_adler32;p08_f02_siphash_round;p08_f03_siphash24;p08_f04_half_siphash;p08_f05_djb2_hash;p08_f06_sdbm_hash;p08_f07_rabin_karp_rolling;p08_f08_jenkins_lookup2;p08_f09_knuth_multiplicative;p08_f10_rot13_cipher;p08_f11_rotate_mix32;p08_f12_crc16_usb;p08_f13_poly1305_clamp;p08_f14_chash_simple;p08_f15_hash_mix32;p08_f16_checksum_fold64_to_32,p08|p10|1.00|20261008|DONOR,025670f78123f83b4a1bbc6111403180821997c56be37529e77d0d824b2cf7b9,39219447,1,,16,0,16,planned_frozen
p09_reuse000,dev,p09,p11,0.00,16,0,16,0.00,p09|0.00|20261008,bfbe9cc52d947f809b228a94eb20e287d387318f52a2074dd5e251d28a96b809,3216940229,1,,p09|p11|0.00|20261008|DONOR,bd5f86c6a42208277c38e47118bc5d6a55c1c7ac292b9900d03d490687712212,3177154246,1,p11_f01_fp_from_int;p11_f02_fp_to_int;p11_f03_fp_add;p11_f04_fp_sub;p11_f05_fp_mul;p11_f06_fp_div;p11_f07_fp_abs;p11_f08_fp_sqrt;p11_f09_fp_exp_taylor;p11_f10_fp_ln_approx;p11_f11_fp_sin_cordic;p11_f12_fp_cos_cordic;p11_f13_fp_atan2_cordic;p11_f14_fp_lerp;p11_f15_fp_clamp;p11_f16_fp_poly_eval,0,16,16,planned_frozen
p09_reuse025,dev,p09,p11,0.25,16,4,12,0.25,p09|0.25|20261008,45171de812d39fbf92665fca1dfe49bf409e729150b4ea30f0e9d0814ce0978e,1159142888,6,p09_f02_avl_height;p09_f03_avl_balance_factor;p09_f04_avl_rotate_right;p09_f14_avl_count,p09|p11|0.25|20261008|DONOR,febb34807a3812fcc9ef2fde211d5cd093d95b6530d10582bdc32b4c95350bb0,4273681536,6,p11_f02_fp_to_int;p11_f03_fp_add;p11_f04_fp_sub;p11_f05_fp_mul;p11_f06_fp_div;p11_f07_fp_abs;p11_f09_fp_exp_taylor;p11_f10_fp_ln_approx;p11_f12_fp_cos_cordic;p11_f14_fp_lerp;p11_f15_fp_clamp;p11_f16_fp_poly_eval,4,12,16,planned_frozen
p09_reuse050,dev,p09,p11,0.50,16,8,8,0.50,p09|0.50|20261008,88d31bcf018cb59a8c506950c27f2cff03407d30e6af78b0d8ec0a2bab5c9b06,2295536591,9,p09_f02_avl_height;p09_f04_avl_rotate_right;p09_f05_avl_rotate_left;p09_f08_avl_min_node;p09_f11_avl_search;p09_f13_avl_preorder;p09_f14_avl_count;p09_f16_avl_clear,p09|p11|0.50|20261008|DONOR,2f3fb3ce1c5d099aa534f46a4a1c32d5d19d877e14cf2f9acf973dae2ee65e6d,792703950,2,p11_f02_fp_to_int;p11_f03_fp_add;p11_f04_fp_sub;p11_f05_fp_mul;p11_f06_fp_div;p11_f07_fp_abs;p11_f11_fp_sin_cordic;p11_f15_fp_clamp,8,8,16,planned_frozen
p09_reuse075,dev,p09,p11,0.75,16,12,4,0.75,p09|0.75|20261008,f6d0f57d32563c90fbe37e5114a618f369d94b9cfb342145a4eacf21a3677304,4140889469,6,p09_f02_avl_height;p09_f03_avl_balance_factor;p09_f04_avl_rotate_right;p09_f05_avl_rotate_left;p09_f06_avl_insert_internal;p09_f07_avl_insert;p09_f08_avl_min_node;p09_f09_avl_delete_internal;p09_f10_avl_delete;p09_f12_avl_inorder;p09_f13_avl_preorder;p09_f15_avl_is_balanced,p09|p11|0.75|20261008|DONOR,62af368ecfc7fdc30e7e7a9a68c4909b57566b5581ac287b7107bab370545d5e,1655649934,2,p11_f06_fp_div;p11_f07_fp_abs;p11_f11_fp_sin_cordic;p11_f12_fp_cos_cordic,12,4,16,planned_frozen
p09_reuse100,dev,p09,p11,1.00,16,16,0,1.00,p09|1.00|20261008,92a771ba8a54a7c675f50f3deffd0b13097919223bfbcdb267b8adc9f3a81df9,2460447162,1,p09_f01_avl_init;p09_f02_avl_height;p09_f03_avl_balance_factor;p09_f04_avl_rotate_right;p09_f05_avl_rotate_left;p09_f06_avl_insert_internal;p09_f07_avl_insert;p09_f08_avl_min_node;p09_f09_avl_delete_internal;p09_f10_avl_delete;p09_f11_avl_search;p09_f12_avl_inorder;p09_f13_avl_preorder;p09_f14_avl_count;p09_f15_avl_is_balanced;p09_f16_avl_clear,p09|p11|1.00|20261008|DONOR,1e69e04e5400f03503fa329b714340fd07336c25ccf1011493310d714be33f3f,510255182,1,,16,0,16,planned_frozen
p10_reuse000,dev,p10,p12,0.00,16,0,16,0.00,p10|0.00|20261008,b43a1d949434f882f5c399de0119b066e983527db21c5c13f8a6003577224119,3023707540,1,,p10|p12|0.00|20261008|DONOR,8342a35c4e4f66d293770fdfae9b65f5e06035c639e157af58135a5e69ab39c2,2202182492,1,p12_f01_dag_init;p12_f02_dag_add_edge;p12_f03_dag_compute_indegrees;p12_f04_dag_compute_outdegrees;p12_f05_dag_kahn_toposort;p12_f06_dag_has_cycle;p12_f07_dag_longest_path;p12_f08_dag_shortest_path;p12_f09_dag_count_ancestors;p12_f10_dag_count_descendants;p12_f11_dag_assign_levels;p12_f12_dag_transitive_reduction;p12_f13_dag_find_sources;p12_f14_dag_find_sinks;p12_f15_dag_is_reachable;p12_f16_dag_clear,0,16,16,planned_frozen
p10_reuse025,dev,p10,p12,0.25,16,4,12,0.25,p10|0.25|20261008,a307b89ea1d6dfa70055c7049ee51518cffc97063c8030f94f1f2f77200acf7e,2735192222,2,p10_f01_nfa_init;p10_f04_nfa_set_match;p10_f06_nfa_concat;p10_f11_nfa_epsilon_closure,p10|p12|0.25|20261008|DONOR,014d18231a1d6628284a4f956a7f927fd0d8496e06a85ef5a1d57e851768aeab,21829667,1,p12_f01_dag_init;p12_f02_dag_add_edge;p12_f03_dag_compute_indegrees;p12_f04_dag_compute_outdegrees;p12_f05_dag_kahn_toposort;p12_f06_dag_has_cycle;p12_f07_dag_longest_path;p12_f09_dag_count_ancestors;p12_f13_dag_find_sources;p12_f14_dag_find_sinks;p12_f15_dag_is_reachable;p12_f16_dag_clear,4,12,16,planned_frozen
p10_reuse050,dev,p10,p12,0.50,16,8,8,0.50,p10|0.50|20261008,8150fa0e1f41b3021a73e13fe806c52fc3aac45af50626813bffbda2941725cc,2169567758,5,p10_f01_nfa_init;p10_f02_nfa_add_state;p10_f03_nfa_set_transition;p10_f04_nfa_set_match;p10_f06_nfa_concat;p10_f07_nfa_alternate;p10_f15_nfa_active_count;p10_f16_nfa_reset,p10|p12|0.50|20261008|DONOR,5b929de42e560704a0c22d75ca03cfb8e068aae58717bf35d530c525e7445abe,1536335332,4,p12_f01_dag_init;p12_f02_dag_add_edge;p12_f03_dag_compute_indegrees;p12_f04_dag_compute_outdegrees;p12_f05_dag_kahn_toposort;p12_f08_dag_shortest_path;p12_f13_dag_find_sources;p12_f15_dag_is_reachable,8,8,16,planned_frozen
p10_reuse075,dev,p10,p12,0.75,16,12,4,0.75,p10|0.75|20261008,cfc8c0700c20f8f8087734b81623d89ca92c7165893e052388b9430501958bce,3486040176,1,p10_f01_nfa_init;p10_f02_nfa_add_state;p10_f03_nfa_set_transition;p10_f04_nfa_set_match;p10_f05_nfa_create_literal;p10_f06_nfa_concat;p10_f08_nfa_star;p10_f11_nfa_epsilon_closure;p10_f12_nfa_step;p10_f13_nfa_simulate;p10_f14_nfa_match_prefix;p10_f16_nfa_reset,p10|p12|0.75|20261008|DONOR,1a3758fcc3e81023c3dcfe18bcbea5758e78864dc0fbc3df5df8164160abdb40,439834876,29,p12_f01_dag_init;p12_f03_dag_compute_indegrees;p12_f05_dag_kahn_toposort;p12_f11_dag_assign_levels,12,4,16,planned_frozen
p10_reuse100,dev,p10,p12,1.00,16,16,0,1.00,p10|1.00|20261008,6ef83ccac8b4b41ff882558b8eee20d1ce2f4d6592cea66b3ef6f1ad8ea0cf53,1861762250,1,p10_f01_nfa_init;p10_f02_nfa_add_state;p10_f03_nfa_set_transition;p10_f04_nfa_set_match;p10_f05_nfa_create_literal;p10_f06_nfa_concat;p10_f07_nfa_alternate;p10_f08_nfa_star;p10_f09_nfa_plus;p10_f10_nfa_optional;p10_f11_nfa_epsilon_closure;p10_f12_nfa_step;p10_f13_nfa_simulate;p10_f14_nfa_match_prefix;p10_f15_nfa_active_count;p10_f16_nfa_reset,p10|p12|1.00|20261008|DONOR,7f1bcfcdaaf519b48f18a4be1b0daa990cbdf52dabb7d2f1fd87e230f91a28b6,2132529101,1,,16,0,16,planned_frozen
p11_reuse000,dev,p11,p13,0.00,16,0,16,0.00,p11|0.00|20261008,60ab9774b3271b281961ccc25fcaf5a94f485ffd74dada75d91827faa974ee20,1621858164,1,,p11|p13|0.00|20261008|DONOR,39a35f240cbd5d795a7f8428ff95ea25a549b71e24175f07b249a11471e0b5e2,967008036,1,p13_f01_slip_encode;p13_f02_slip_decode;p13_f03_cobs_encode;p13_f04_cobs_decode;p13_f05_fcs16_compute;p13_f06_fcs16_verify;p13_f07_pack_header;p13_f08_unpack_header;p13_f09_bit_stuff_encode;p13_f10_bit_stuff_decode;p13_f11_frame_checksum_valid;p13_f12_byte_swap16;p13_f13_byte_swap32;p13_f14_parse_tlv_field;p13_f15_frame_buf_append;p13_f16_frame_buf_reset,0,16,16,planned_frozen
p11_reuse025,dev,p11,p13,0.25,16,4,12,0.25,p11|0.25|20261008,9be005fc2fb4f007c6c8fd5a677d92cbbbea23f9991baf0938997668d7721f0e,2615150076,2,p11_f01_fp_from_int;p11_f04_fp_sub;p11_f12_fp_cos_cordic;p11_f15_fp_clamp,p11|p13|0.25|20261008|DONOR,6c45e8f9bc56acf08bb698753269383861a455173ecd69867b0c63591fbf4ef7,1816520953,2,p13_f01_slip_encode;p13_f02_slip_decode;p13_f03_cobs_encode;p13_f04_cobs_decode;p13_f05_fcs16_compute;p13_f09_bit_stuff_encode;p13_f10_bit_stuff_decode;p13_f12_byte_swap16;p13_f13_byte_swap32;p13_f14_parse_tlv_field;p13_f15_frame_buf_append;p13_f16_frame_buf_reset,4,12,16,planned_frozen
p11_reuse050,dev,p11,p13,0.50,16,8,8,0.50,p11|0.50|20261008,bc845e4db011cf19c2a8537bbb690918b044c1d8f2398df2b7187efb973000f3,3162791501,17,p11_f02_fp_to_int;p11_f03_fp_add;p11_f04_fp_sub;p11_f05_fp_mul;p11_f06_fp_div;p11_f07_fp_abs;p11_f08_fp_sqrt;p11_f14_fp_lerp,p11|p13|0.50|20261008|DONOR,9ec14abed27db0d1cfe197abc65667453c08ec495ff2331bac1eb0930577c6ff,2663467710,1,p13_f01_slip_encode;p13_f02_slip_decode;p13_f03_cobs_encode;p13_f05_fcs16_compute;p13_f10_bit_stuff_decode;p13_f12_byte_swap16;p13_f14_parse_tlv_field;p13_f15_frame_buf_append,8,8,16,planned_frozen
p11_reuse075,dev,p11,p13,0.75,16,12,4,0.75,p11|0.75|20261008,7ea6f14ed303569169b7e0da7495c116f6989e2edd24e93a217d88911e531691,2124869966,3,p11_f01_fp_from_int;p11_f03_fp_add;p11_f04_fp_sub;p11_f05_fp_mul;p11_f06_fp_div;p11_f07_fp_abs;p11_f09_fp_exp_taylor;p11_f11_fp_sin_cordic;p11_f13_fp_atan2_cordic;p11_f14_fp_lerp;p11_f15_fp_clamp;p11_f16_fp_poly_eval,p11|p13|0.75|20261008|DONOR,6ba2d2cf4aeb34aacc8ee3e9e3a63bc788558947595edff384148bd8f6de111f,1805832911,1,p13_f02_slip_decode;p13_f03_cobs_encode;p13_f13_byte_swap32;p13_f14_parse_tlv_field,12,4,16,planned_frozen
p11_reuse100,dev,p11,p13,1.00,16,16,0,1.00,p11|1.00|20261008,fd383e0924c877f7888590182a1fe69628ceb37180e62d7db092189b52d0344c,4248321545,1,p11_f01_fp_from_int;p11_f02_fp_to_int;p11_f03_fp_add;p11_f04_fp_sub;p11_f05_fp_mul;p11_f06_fp_div;p11_f07_fp_abs;p11_f08_fp_sqrt;p11_f09_fp_exp_taylor;p11_f10_fp_ln_approx;p11_f11_fp_sin_cordic;p11_f12_fp_cos_cordic;p11_f13_fp_atan2_cordic;p11_f14_fp_lerp;p11_f15_fp_clamp;p11_f16_fp_poly_eval,p11|p13|1.00|20261008|DONOR,848498e7b0821800588aa3df559a5eb8600bfad70a41b74827e34d2cf25e4540,2223282407,1,,16,0,16,planned_frozen
p12_reuse000,dev,p12,p14,0.00,16,0,16,0.00,p12|0.00|20261008,ffd5957577f80b1e0a19f1aede6c00b8940613d0c46286801267dbe7b91669fb,4292187509,1,,p12|p14|0.00|20261008|DONOR,374fffff9b95861573d0a163575d341a0df4148c41e3a5ec3b6ad75a004eb37c,927989759,1,p14_f01_bm_init;p14_f02_bm_set_bit;p14_f03_bm_clear_bit;p14_f04_bm_test_bit;p14_f05_bm_toggle_bit;p14_f06_bm_popcount;p14_f07_bm_find_first_set;p14_f08_bm_find_first_zero;p14_f09_bm_find_next_set;p14_f10_bm_bitwise_and;p14_f11_bm_bitwise_or;p14_f12_bm_bitwise_xor;p14_f13_bm_bitwise_not;p14_f14_bm_fill_range;p14_f15_bm_clear_range;p14_f16_bm_jaccard_similarity,0,16,16,planned_frozen
p12_reuse025,dev,p12,p14,0.25,16,4,12,0.25,p12|0.25|20261008,ddfb50c4f8ae99ac1ccf3dc7a89cca5bd887a2f301e08100c0b14e1cc1526b6f,3724234948,2,p12_f02_dag_add_edge;p12_f10_dag_count_descendants;p12_f12_dag_transitive_reduction;p12_f15_dag_is_reachable,p12|p14|0.25|20261008|DONOR,909787f15eebf992137fa26b0411b1cbc35dcccbca6f5831c84491232f7e02f8,2425849841,13,p14_f02_bm_set_bit;p14_f03_bm_clear_bit;p14_f04_bm_test_bit;p14_f05_bm_toggle_bit;p14_f06_bm_popcount;p14_f09_bm_find_next_set;p14_f10_bm_bitwise_and;p14_f11_bm_bitwise_or;p14_f12_bm_bitwise_xor;p14_f13_bm_bitwise_not;p14_f14_bm_fill_range;p14_f16_bm_jaccard_similarity,4,12,16,planned_frozen
p12_reuse050,dev,p12,p14,0.50,16,8,8,0.50,p12|0.50|20261008,dc99387f0017110ac4c8a3261dc3e5c7e37b3eec5426676e725fb2248b89879c,3701028991,12,p12_f03_dag_compute_indegrees;p12_f04_dag_compute_outdegrees;p12_f05_dag_kahn_toposort;p12_f07_dag_longest_path;p12_f08_dag_shortest_path;p12_f10_dag_count_descendants;p12_f11_dag_assign_levels;p12_f13_dag_find_sources,p12|p14|0.50|20261008|DONOR,2b42927e6b339de0400562e2efabb91f74f1e941ab57f1a68415ea13b0989a5b,725783166,11,p14_f03_bm_clear_bit;p14_f04_bm_test_bit;p14_f05_bm_toggle_bit;p14_f06_bm_popcount;p14_f07_bm_find_first_set;p14_f10_bm_bitwise_and;p14_f11_bm_bitwise_or;p14_f15_bm_clear_range,8,8,16,planned_frozen
p12_reuse075,dev,p12,p14,0.75,16,12,4,0.75,p12|0.75|20261008,5f8107c459699a04d6aab5b46b30bf2a2e64db5f9c967553250415b1ebb54ba3,1602291652,3,p12_f01_dag_init;p12_f02_dag_add_edge;p12_f03_dag_compute_indegrees;p12_f04_dag_compute_outdegrees;p12_f05_dag_kahn_toposort;p12_f07_dag_longest_path;p12_f08_dag_shortest_path;p12_f09_dag_count_ancestors;p12_f10_dag_count_descendants;p12_f12_dag_transitive_reduction;p12_f13_dag_find_sources;p12_f14_dag_find_sinks,p12|p14|0.75|20261008|DONOR,4ba35ea6fc96ea30b41a1b3a19127fdcd410a6e8a4bc03afaff81cf61b86daa5,1268997798,3,p14_f01_bm_init;p14_f05_bm_toggle_bit;p14_f06_bm_popcount;p14_f12_bm_bitwise_xor,12,4,16,planned_frozen
p12_reuse100,dev,p12,p14,1.00,16,16,0,1.00,p12|1.00|20261008,4ea9c6d5f19ccf17db20d0e11c195fe0cb27bde3dda278dc0ec5c7394e673858,1319749333,1,p12_f01_dag_init;p12_f02_dag_add_edge;p12_f03_dag_compute_indegrees;p12_f04_dag_compute_outdegrees;p12_f05_dag_kahn_toposort;p12_f06_dag_has_cycle;p12_f07_dag_longest_path;p12_f08_dag_shortest_path;p12_f09_dag_count_ancestors;p12_f10_dag_count_descendants;p12_f11_dag_assign_levels;p12_f12_dag_transitive_reduction;p12_f13_dag_find_sources;p12_f14_dag_find_sinks;p12_f15_dag_is_reachable;p12_f16_dag_clear,p12|p14|1.00|20261008|DONOR,24f490b77c44b424b514879fb8a2cf0cb487395adc809721df4f73d007eee388,620007607,1,,16,0,16,planned_frozen
p13_reuse000,dev,p13,p08,0.00,16,0,16,0.00,p13|0.00|20261008,a06c27a7d9d4b37c6c70450dd55a109df3c953a7dfccec36ef6dfef86a23ca04,2691442599,1,,p13|p08|0.00|20261008|DONOR,ae1d828b20d962d64c2a38a70393028832a7b555977daea7194be8bfe85c4334,2921169547,1,p08_f01_adler32;p08_f02_siphash_round;p08_f03_siphash24;p08_f04_half_siphash;p08_f05_djb2_hash;p08_f06_sdbm_hash;p08_f07_rabin_karp_rolling;p08_f08_jenkins_lookup2;p08_f09_knuth_multiplicative;p08_f10_rot13_cipher;p08_f11_rotate_mix32;p08_f12_crc16_usb;p08_f13_poly1305_clamp;p08_f14_chash_simple;p08_f15_hash_mix32;p08_f16_checksum_fold64_to_32,0,16,16,planned_frozen
p13_reuse025,dev,p13,p08,0.25,16,4,12,0.25,p13|0.25|20261008,2393b232b3b94719c7a74b47e963cffa69006770d08057da7ab4dc4d6dc695e0,596881970,3,p13_f02_slip_decode;p13_f12_byte_swap16;p13_f13_byte_swap32;p13_f14_parse_tlv_field,p13|p08|0.25|20261008|DONOR,3063916084b95e6d13a683f3c091f332d1bde391510380add50257e1f7347cf5,811831648,1,p08_f01_adler32;p08_f02_siphash_round;p08_f03_siphash24;p08_f04_half_siphash;p08_f06_sdbm_hash;p08_f08_jenkins_lookup2;p08_f09_knuth_multiplicative;p08_f10_rot13_cipher;p08_f13_poly1305_clamp;p08_f14_chash_simple;p08_f15_hash_mix32;p08_f16_checksum_fold64_to_32,4,12,16,planned_frozen
p13_reuse050,dev,p13,p08,0.50,16,8,8,0.50,p13|0.50|20261008,0f34a60ef24795c55318b0123cda735cf8f63d7fcfae0c722ee6dcbfe7b6073d,255108622,1,p13_f01_slip_encode;p13_f03_cobs_encode;p13_f05_fcs16_compute;p13_f06_fcs16_verify;p13_f09_bit_stuff_encode;p13_f14_parse_tlv_field;p13_f15_frame_buf_append;p13_f16_frame_buf_reset,p13|p08|0.50|20261008|DONOR,6c2265a4842549256a020c85a7612d980b1fd9ffdbabf761ecbd249e9d6033b1,1814193572,1,p08_f01_adler32;p08_f04_half_siphash;p08_f06_sdbm_hash;p08_f09_knuth_multiplicative;p08_f11_rotate_mix32;p08_f12_crc16_usb;p08_f15_hash_mix32;p08_f16_checksum_fold64_to_32,8,8,16,planned_frozen
p13_reuse075,dev,p13,p08,0.75,16,12,4,0.75,p13|0.75|20261008,be98245424bb7f49ad96f72099830c8c6b46cd4ede1d261d5c5fb04bb6759e40,3197641812,2,p13_f03_cobs_encode;p13_f04_cobs_decode;p13_f05_fcs16_compute;p13_f06_fcs16_verify;p13_f07_pack_header;p13_f09_bit_stuff_encode;p13_f10_bit_stuff_decode;p13_f11_frame_checksum_valid;p13_f12_byte_swap16;p13_f13_byte_swap32;p13_f14_parse_tlv_field;p13_f16_frame_buf_reset,p13|p08|0.75|20261008|DONOR,523d0a20f4d7afb36247378c0435bd9f8ed6a5c75c352faa8657bd286e54b32f,1379732000,1,p08_f01_adler32;p08_f02_siphash_round;p08_f08_jenkins_lookup2;p08_f13_poly1305_clamp,12,4,16,planned_frozen
p13_reuse100,dev,p13,p08,1.00,16,16,0,1.00,p13|1.00|20261008,3f593d6139d36254b2a28857fd145d73c36ae15f1ac59551b953457243503f09,1062813025,1,p13_f01_slip_encode;p13_f02_slip_decode;p13_f03_cobs_encode;p13_f04_cobs_decode;p13_f05_fcs16_compute;p13_f06_fcs16_verify;p13_f07_pack_header;p13_f08_unpack_header;p13_f09_bit_stuff_encode;p13_f10_bit_stuff_decode;p13_f11_frame_checksum_valid;p13_f12_byte_swap16;p13_f13_byte_swap32;p13_f14_parse_tlv_field;p13_f15_frame_buf_append;p13_f16_frame_buf_reset,p13|p08|1.00|20261008|DONOR,516accdb2d72523c8bfd53904290a538925d35233b322d1eb8eef8dcfb54d917,1365953755,1,,16,0,16,planned_frozen
p14_reuse000,dev,p14,p09,0.00,16,0,16,0.00,p14|0.00|20261008,64b9e8cf6902774368d9b9b85a221d0be1f396f907a85096a685c130a1fae34e,1689905359,1,,p14|p09|0.00|20261008|DONOR,f31893e903cc80e60b2d01397941feb7296c6214a5c5cce9e50c526cca56c754,4078474217,1,p09_f01_avl_init;p09_f02_avl_height;p09_f03_avl_balance_factor;p09_f04_avl_rotate_right;p09_f05_avl_rotate_left;p09_f06_avl_insert_internal;p09_f07_avl_insert;p09_f08_avl_min_node;p09_f09_avl_delete_internal;p09_f10_avl_delete;p09_f11_avl_search;p09_f12_avl_inorder;p09_f13_avl_preorder;p09_f14_avl_count;p09_f15_avl_is_balanced;p09_f16_avl_clear,0,16,16,planned_frozen
p14_reuse025,dev,p14,p09,0.25,16,4,12,0.25,p14|0.25|20261008,aef31298800f140b46990a3784bac0946b51cea81fd5af560064889861708d10,2935165592,1,p14_f05_bm_toggle_bit;p14_f06_bm_popcount;p14_f11_bm_bitwise_or;p14_f12_bm_bitwise_xor,p14|p09|0.25|20261008|DONOR,96ed2760ec22ddb8994b2be910fec50d70a6b27a57944b0d781e4278f64019fc,2532124512,1,p09_f01_avl_init;p09_f02_avl_height;p09_f03_avl_balance_factor;p09_f04_avl_rotate_right;p09_f05_avl_rotate_left;p09_f08_avl_min_node;p09_f09_avl_delete_internal;p09_f10_avl_delete;p09_f11_avl_search;p09_f14_avl_count;p09_f15_avl_is_balanced;p09_f16_avl_clear,4,12,16,planned_frozen
p14_reuse050,dev,p14,p09,0.50,16,8,8,0.50,p14|0.50|20261008,f1fdcd847564f4af6d1b78c1861185689660f098891aa44a60834378ff68b611,4059942276,12,p14_f02_bm_set_bit;p14_f03_bm_clear_bit;p14_f04_bm_test_bit;p14_f08_bm_find_first_zero;p14_f09_bm_find_next_set;p14_f10_bm_bitwise_and;p14_f12_bm_bitwise_xor;p14_f14_bm_fill_range,p14|p09|0.50|20261008|DONOR,4e406a85b7b3f318bf7e634277e6071f3bfdabe012fe20edd4a706a8a42b326c,1312844421,131,p09_f01_avl_init;p09_f02_avl_height;p09_f04_avl_rotate_right;p09_f08_avl_min_node;p09_f11_avl_search;p09_f12_avl_inorder;p09_f13_avl_preorder;p09_f14_avl_count,8,8,16,planned_frozen
p14_reuse075,dev,p14,p09,0.75,16,12,4,0.75,p14|0.75|20261008,c9d89063d89a3ffb32bb7206bb6e12480ac97249f5f341cfd6735cdde2032197,3386413155,4,p14_f01_bm_init;p14_f02_bm_set_bit;p14_f03_bm_clear_bit;p14_f04_bm_test_bit;p14_f06_bm_popcount;p14_f07_bm_find_first_set;p14_f08_bm_find_first_zero;p14_f09_bm_find_next_set;p14_f11_bm_bitwise_or;p14_f12_bm_bitwise_xor;p14_f13_bm_bitwise_not;p14_f14_bm_fill_range,p14|p09|0.75|20261008|DONOR,f6a06f0f3d4db437320813c495258d62af8a766f7035abd89b025c6116156e31,4137709327,3,p09_f01_avl_init;p09_f02_avl_height;p09_f11_avl_search;p09_f13_avl_preorder,12,4,16,planned_frozen
p14_reuse100,dev,p14,p09,1.00,16,16,0,1.00,p14|1.00|20261008,61f5b2e7e7cee51882cb9a193fc1118e36ddd8591d77a2204897dcbafb47ed68,1643492071,1,p14_f01_bm_init;p14_f02_bm_set_bit;p14_f03_bm_clear_bit;p14_f04_bm_test_bit;p14_f05_bm_toggle_bit;p14_f06_bm_popcount;p14_f07_bm_find_first_set;p14_f08_bm_find_first_zero;p14_f09_bm_find_next_set;p14_f10_bm_bitwise_and;p14_f11_bm_bitwise_or;p14_f12_bm_bitwise_xor;p14_f13_bm_bitwise_not;p14_f14_bm_fill_range;p14_f15_bm_clear_range;p14_f16_bm_jaccard_similarity,p14|p09|1.00|20261008|DONOR,b920a125387ace46e880c925da97f858f59c9f30bd36f95f3698e3d0f047a765,3105923365,1,,16,0,16,planned_frozen
p15_reuse000,sealed_test,p15,p21,0.00,16,0,16,0.00,p15|0.00|20261008,fae266cbe9b3416e79ca6842be1c47e99bd1ae503e39a2f9e1f6604556e5a030,4209141451,1,,p15|p21|0.00|20261008|DONOR,63650032bf8717f92fd8a721f4d27ca4e4d2d79f0600c63d92a24ce6e049040e,1667563570,1,p21_f01_log_init;p21_f02_log_append;p21_f03_log_get_by_seq;p21_f04_log_get_latest;p21_f05_log_get_oldest;p21_f06_log_count;p21_f07_log_filter_level;p21_f08_log_search_substring;p21_f09_log_checksum;p21_f10_log_verify_checksum;p21_f11_rle_compress;p21_f12_rle_decompress;p21_f13_log_filter_timestamp;p21_f14_log_truncate_older;p21_f15_log_export_stats;p21_f16_log_clear,0,16,16,planned_frozen
p15_reuse025,sealed_test,p15,p21,0.25,16,4,12,0.25,p15|0.25|20261008,99de4e77357c4500fba6d2c881c280a339fada7b8551a4fddb01018ff7fb3ac9,2581483127,2,p15_f03_fnv1_64;p15_f09_super_fast_hash;p15_f11_dek_hash;p15_f15_hash_combine64,p15|p21|0.25|20261008|DONOR,ed19decf498769c6099695ac616e716ec98b0c60f3a8abf963faa0126b13ab24,3977895631,1,p21_f02_log_append;p21_f03_log_get_by_seq;p21_f04_log_get_latest;p21_f05_log_get_oldest;p21_f06_log_count;p21_f07_log_filter_level;p21_f08_log_search_substring;p21_f09_log_checksum;p21_f10_log_verify_checksum;p21_f11_rle_compress;p21_f12_rle_decompress;p21_f15_log_export_stats,4,12,16,planned_frozen
p15_reuse050,sealed_test,p15,p21,0.50,16,8,8,0.50,p15|0.50|20261008,f44c2f05cad7d57749b36da2f91bf05a49a6f9140734b97c53d645b03b23f663,4098633477,2,p15_f01_fnv1_32;p15_f02_fnv1a_32;p15_f03_fnv1_64;p15_f04_fnv1a_64;p15_f09_super_fast_hash;p15_f14_crc24_ble;p15_f15_hash_combine64;p15_f16_checksum_parity_byte,p15|p21|0.50|20261008|DONOR,f95cdaa911f5a073b62411fcd9cf093b42a47c1721f26e5e8c1fd1719c5e270a,4183612073,1,p21_f01_log_init;p21_f02_log_append;p21_f04_log_get_latest;p21_f07_log_filter_level;p21_f08_log_search_substring;p21_f13_log_filter_timestamp;p21_f15_log_export_stats;p21_f16_log_clear,8,8,16,planned_frozen
p15_reuse075,sealed_test,p15,p21,0.75,16,12,4,0.75,p15|0.75|20261008,b1b0b2d60539fffa4970f6905424a782a639814dd8d81e5ea1fa90b0452caaa0,2981147350,1,p15_f01_fnv1_32;p15_f03_fnv1_64;p15_f04_fnv1a_64;p15_f06_murmur3_32_fmix;p15_f08_jenkins_one_at_a_time;p15_f09_super_fast_hash;p15_f10_elf_hash;p15_f11_dek_hash;p15_f13_ap_hash;p15_f14_crc24_ble;p15_f15_hash_combine64;p15_f16_checksum_parity_byte,p15|p21|0.75|20261008|DONOR,193bf27e631bc5bcaa60eab5fcc6115d30b40291a24d41afbd2288a03108c174,423359102,1,p21_f01_log_init;p21_f06_log_count;p21_f09_log_checksum;p21_f12_rle_decompress,12,4,16,planned_frozen
p15_reuse100,sealed_test,p15,p21,1.00,16,16,0,1.00,p15|1.00|20261008,7a7ca76e04acaf414b9931021415fb334bf24c2471e4a474e7f642fb045b4af8,2054989678,1,p15_f01_fnv1_32;p15_f02_fnv1a_32;p15_f03_fnv1_64;p15_f04_fnv1a_64;p15_f05_murmur3_32_scramble;p15_f06_murmur3_32_fmix;p15_f07_murmur3_32;p15_f08_jenkins_one_at_a_time;p15_f09_super_fast_hash;p15_f10_elf_hash;p15_f11_dek_hash;p15_f12_bp_hash;p15_f13_ap_hash;p15_f14_crc24_ble;p15_f15_hash_combine64;p15_f16_checksum_parity_byte,p15|p21|1.00|20261008|DONOR,379774adb41d72d3f8adcd284f2b6c44fd233180ace6637ca2cd384fe03e5bdf,932672685,1,,16,0,16,planned_frozen
p16_reuse000,sealed_test,p16,p15,0.00,16,0,16,0.00,p16|0.00|20261008,cc9d8dfd77f7b1b4ee70ca9bfff29d0bafbc1e300a7623ec4c8eff37fb653aca,3432877565,1,,p16|p15|0.00|20261008|DONOR,b5a860a7899b25f194e5bab303f178c7b1e60e3ba80728beda8e16885dc6f34d,3047710887,1,p15_f01_fnv1_32;p15_f02_fnv1a_32;p15_f03_fnv1_64;p15_f04_fnv1a_64;p15_f05_murmur3_32_scramble;p15_f06_murmur3_32_fmix;p15_f07_murmur3_32;p15_f08_jenkins_one_at_a_time;p15_f09_super_fast_hash;p15_f10_elf_hash;p15_f11_dek_hash;p15_f12_bp_hash;p15_f13_ap_hash;p15_f14_crc24_ble;p15_f15_hash_combine64;p15_f16_checksum_parity_byte,0,16,16,planned_frozen
p16_reuse025,sealed_test,p16,p15,0.25,16,4,12,0.25,p16|0.25|20261008,2d82be7a4c08c1e4d3fb6d2625423a3474ff3f36950ee83b009637b097705133,763543162,1,p16_f01_btree_init;p16_f03_btree_node_is_full;p16_f11_btree_depth;p16_f13_btree_max_key,p16|p15|0.25|20261008|DONOR,c9dd36221be4c5774b20cda14f48291474a3a7589c7886116281fa7f3bbd097d,3386717730,1,p15_f01_fnv1_32;p15_f02_fnv1a_32;p15_f03_fnv1_64;p15_f04_fnv1a_64;p15_f05_murmur3_32_scramble;p15_f06_murmur3_32_fmix;p15_f08_jenkins_one_at_a_time;p15_f09_super_fast_hash;p15_f10_elf_hash;p15_f13_ap_hash;p15_f15_hash_combine64;p15_f16_checksum_parity_byte,4,12,16,planned_frozen
p16_reuse050,sealed_test,p16,p15,0.50,16,8,8,0.50,p16|0.50|20261008,0684ceb74f46a35493917386749250e21154cfbd7d69b87348157a49efaf6f47,109366967,2,p16_f01_btree_init;p16_f02_btree_alloc_node;p16_f03_btree_node_is_full;p16_f05_btree_split_child;p16_f06_btree_insert_nonfull;p16_f07_btree_insert;p16_f09_btree_traverse;p16_f11_btree_depth,p16|p15|0.50|20261008|DONOR,36b2544d23dfd641392c91678279370e1aeeccf7ee93ca4292f626ebc15829e3,917656653,5,p15_f02_fnv1a_32;p15_f04_fnv1a_64;p15_f05_murmur3_32_scramble;p15_f06_murmur3_32_fmix;p15_f08_jenkins_one_at_a_time;p15_f09_super_fast_hash;p15_f13_ap_hash;p15_f15_hash_combine64,8,8,16,planned_frozen
p16_reuse075,sealed_test,p16,p15,0.75,16,12,4,0.75,p16|0.75|20261008,563775f2951c3f346c7fa0a25d1d7c128fa62432167b986f7702cce0d2e8cb3f,1446475250,4,p16_f02_btree_alloc_node;p16_f03_btree_node_is_full;p16_f04_btree_find_key_idx;p16_f05_btree_split_child;p16_f06_btree_insert_nonfull;p16_f09_btree_traverse;p16_f10_btree_count_keys;p16_f11_btree_depth;p16_f12_btree_min_key;p16_f13_btree_max_key;p16_f15_btree_is_valid_node;p16_f16_btree_clear,p16|p15|0.75|20261008|DONOR,af6967995392190382c7efb609f8e6bf898f0771ab595988a19dc1a1ddb7c359,2942920601,1,p15_f02_fnv1a_32;p15_f04_fnv1a_64;p15_f13_ap_hash;p15_f15_hash_combine64,12,4,16,planned_frozen
p16_reuse100,sealed_test,p16,p15,1.00,16,16,0,1.00,p16|1.00|20261008,c831e42b9de20138ac7db9c46520a113482144bf0557d40c92d87fac8bc466d5,3358712875,1,p16_f01_btree_init;p16_f02_btree_alloc_node;p16_f03_btree_node_is_full;p16_f04_btree_find_key_idx;p16_f05_btree_split_child;p16_f06_btree_insert_nonfull;p16_f07_btree_insert;p16_f08_btree_search;p16_f09_btree_traverse;p16_f10_btree_count_keys;p16_f11_btree_depth;p16_f12_btree_min_key;p16_f13_btree_max_key;p16_f14_btree_contains;p16_f15_btree_is_valid_node;p16_f16_btree_clear,p16|p15|1.00|20261008|DONOR,31afc05281944870edee0d2eb2d1efed1cd2c2ba91fbabcfb72ad4ad4e1a79dd,833601618,1,,16,0,16,planned_frozen
p17_reuse000,sealed_test,p17,p16,0.00,16,0,16,0.00,p17|0.00|20261008,0edd543bdcc7efac74555a458af9736ab22e8c9b178f1cb6af8582a545ca62b0,249386043,1,,p17|p16|0.00|20261008|DONOR,53159cc7504aeea9a90241ebf39415901fddf79c49fae4c0c29e0e957e94c7eb,1393925319,1,p16_f01_btree_init;p16_f02_btree_alloc_node;p16_f03_btree_node_is_full;p16_f04_btree_find_key_idx;p16_f05_btree_split_child;p16_f06_btree_insert_nonfull;p16_f07_btree_insert;p16_f08_btree_search;p16_f09_btree_traverse;p16_f10_btree_count_keys;p16_f11_btree_depth;p16_f12_btree_min_key;p16_f13_btree_max_key;p16_f14_btree_contains;p16_f15_btree_is_valid_node;p16_f16_btree_clear,0,16,16,planned_frozen
p17_reuse025,sealed_test,p17,p16,0.25,16,4,12,0.25,p17|0.25|20261008,11db9835a1484bdf261c25c493d5c06d5f48122026c41909b79691c6a2dd13fb,299604021,5,p17_f01_tok_init;p17_f03_parse_string;p17_f04_parse_number;p17_f09_validate_brackets,p17|p16|0.25|20261008|DONOR,8fb9f995279e15003f60a48feab20accfd7833f80776886af0c21a1a920c5847,2411329941,8,p16_f01_btree_init;p16_f02_btree_alloc_node;p16_f03_btree_node_is_full;p16_f04_btree_find_key_idx;p16_f08_btree_search;p16_f09_btree_traverse;p16_f10_btree_count_keys;p16_f11_btree_depth;p16_f13_btree_max_key;p16_f14_btree_contains;p16_f15_btree_is_valid_node;p16_f16_btree_clear,4,12,16,planned_frozen
p17_reuse050,sealed_test,p17,p16,0.50,16,8,8,0.50,p17|0.50|20261008,7863bd4d49f4329917619f9c2a4e42059a91504c06d8f9af9b6ef92abad36ab7,2019802445,5,p17_f01_tok_init;p17_f02_skip_whitespace;p17_f05_parse_literal;p17_f09_validate_brackets;p17_f13_extract_string_value;p17_f14_is_valid_number;p17_f15_parse_integer;p17_f16_tok_reset,p17|p16|0.50|20261008|DONOR,0415104a0ce384c741086ce399463aa1a871df54943d5624af59e049651089fe,68489290,2,p16_f01_btree_init;p16_f02_btree_alloc_node;p16_f03_btree_node_is_full;p16_f04_btree_find_key_idx;p16_f05_btree_split_child;p16_f09_btree_traverse;p16_f13_btree_max_key;p16_f15_btree_is_valid_node,8,8,16,planned_frozen
p17_reuse075,sealed_test,p17,p16,0.75,16,12,4,0.75,p17|0.75|20261008,3aa55bf4e9b62c749245d54871f56b34e00820d5e9460d12887970c2fce390b9,983915508,4,p17_f01_tok_init;p17_f02_skip_whitespace;p17_f03_parse_string;p17_f04_parse_number;p17_f05_parse_literal;p17_f06_next_token;p17_f08_consume_expected;p17_f09_validate_brackets;p17_f10_minify_json;p17_f12_find_key_in_object;p17_f14_is_valid_number;p17_f16_tok_reset,p17|p16|0.75|20261008|DONOR,5664d2fca6f2ad73c4a8c258a750e1f02be993bd2486625177b000e0a6b06f82,1449448188,1,p16_f01_btree_init;p16_f04_btree_find_key_idx;p16_f11_btree_depth;p16_f15_btree_is_valid_node,12,4,16,planned_frozen
p17_reuse100,sealed_test,p17,p16,1.00,16,16,0,1.00,p17|1.00|20261008,e67458f5e2bb61949b8e681d8a33ad805c2233d99879e2fac770305e1e471863,3866384629,1,p17_f01_tok_init;p17_f02_skip_whitespace;p17_f03_parse_string;p17_f04_parse_number;p17_f05_parse_literal;p17_f06_next_token;p17_f07_peek_token;p17_f08_consume_expected;p17_f09_validate_brackets;p17_f10_minify_json;p17_f11_count_tokens_by_type;p17_f12_find_key_in_object;p17_f13_extract_string_value;p17_f14_is_valid_number;p17_f15_parse_integer;p17_f16_tok_reset,p17|p16|1.00|20261008|DONOR,a8e7713ebb64cf7a5f819ce0019c0ea2b822bfe0228d7f0b69d730cd29daea3b,2833740094,1,,16,0,16,planned_frozen
p18_reuse000,sealed_test,p18,p17,0.00,16,0,16,0.00,p18|0.00|20261008,442a774199aca164f80d280a73cc4696b42cfa20ae186539e29024a5cc0f0722,1143633729,1,,p18|p17|0.00|20261008|DONOR,59a061a668268c95f16d5a16265d48ed91e1c2be4849d0f9650e9c3af6fef071,1503682982,1,p17_f01_tok_init;p17_f02_skip_whitespace;p17_f03_parse_string;p17_f04_parse_number;p17_f05_parse_literal;p17_f06_next_token;p17_f07_peek_token;p17_f08_consume_expected;p17_f09_validate_brackets;p17_f10_minify_json;p17_f11_count_tokens_by_type;p17_f12_find_key_in_object;p17_f13_extract_string_value;p17_f14_is_valid_number;p17_f15_parse_integer;p17_f16_tok_reset,0,16,16,planned_frozen
p18_reuse025,sealed_test,p18,p17,0.25,16,4,12,0.25,p18|0.25|20261008,65f0147b33a0447cb8976ce708644822a3000c555597cf4bdd2a8c3fd3fb372f,1710232699,3,p18_f01_vec_mean;p18_f02_vec_variance;p18_f13_vec_median;p18_f14_vec_quantile,p18|p17|0.25|20261008|DONOR,5021b26414d8274b70b96092eb385feb27c5aec265472406ec83da9fd265d15e,1344385636,2,p17_f01_tok_init;p17_f02_skip_whitespace;p17_f03_parse_string;p17_f04_parse_number;p17_f05_parse_literal;p17_f06_next_token;p17_f08_consume_expected;p17_f09_validate_brackets;p17_f10_minify_json;p17_f11_count_tokens_by_type;p17_f14_is_valid_number;p17_f15_parse_integer,4,12,16,planned_frozen
p18_reuse050,sealed_test,p18,p17,0.50,16,8,8,0.50,p18|0.50|20261008,b7edf952252aa0b729c13f98dee0ddfecdf2ed6cbd40a325a6a546acd0b90a50,3085826386,17,p18_f01_vec_mean;p18_f02_vec_variance;p18_f04_vec_min_max;p18_f05_vec_dot_product;p18_f07_vec_l2_norm;p18_f12_vec_histogram;p18_f14_vec_quantile;p18_f16_vec_scale_add,p18|p17|0.50|20261008|DONOR,7a36cdd41a062b46948942f0e736986f8a7aab26fa32fdae485988867279e014,2050411988,90,p17_f01_tok_init;p17_f02_skip_whitespace;p17_f03_parse_string;p17_f04_parse_number;p17_f05_parse_literal;p17_f10_minify_json;p17_f13_extract_string_value;p17_f15_parse_integer,8,8,16,planned_frozen
p18_reuse075,sealed_test,p18,p17,0.75,16,12,4,0.75,p18|0.75|20261008,a5a985741e0b0af3616e6a10a3c69fe3192dc7f2cf2a5ca55bd905a436d3d488,2779350388,4,p18_f01_vec_mean;p18_f02_vec_variance;p18_f03_vec_stddev;p18_f05_vec_dot_product;p18_f07_vec_l2_norm;p18_f09_vec_normalize;p18_f10_vec_pearson_corr;p18_f11_vec_z_score;p18_f12_vec_histogram;p18_f13_vec_median;p18_f15_vec_covariance;p18_f16_vec_scale_add,p18|p17|0.75|20261008|DONOR,92a5ef0ea4ba57593fa194ef4ffc48ef0216fd617372d4522fed82a220ac27e6,2460348174,1,p17_f01_tok_init;p17_f05_parse_literal;p17_f13_extract_string_value;p17_f15_parse_integer,12,4,16,planned_frozen
p18_reuse100,sealed_test,p18,p17,1.00,16,16,0,1.00,p18|1.00|20261008,aed654b2f2a2d4e1874f1d83f524b7a5f03d3059ee20e497611ba6a0083bc605,2933281970,1,p18_f01_vec_mean;p18_f02_vec_variance;p18_f03_vec_stddev;p18_f04_vec_min_max;p18_f05_vec_dot_product;p18_f06_vec_l1_norm;p18_f07_vec_l2_norm;p18_f08_vec_cosine_similarity;p18_f09_vec_normalize;p18_f10_vec_pearson_corr;p18_f11_vec_z_score;p18_f12_vec_histogram;p18_f13_vec_median;p18_f14_vec_quantile;p18_f15_vec_covariance;p18_f16_vec_scale_add,p18|p17|1.00|20261008|DONOR,e0d63ca87d52489f877796c2f66b9dc022de209ae164b9cb44fb4e77f744f48a,3772136616,1,,16,0,16,planned_frozen
p19_reuse000,sealed_test,p19,p18,0.00,16,0,16,0.00,p19|0.00|20261008,7595203a04e88f0d4b925d1187db09857596db89117412ba11863e1272239d80,1972707386,1,,p19|p18|0.00|20261008|DONOR,77bead34c71c44226055b1390795fef89c364c6e45f8b9e3353c2d50b9aae651,2008984884,1,p18_f01_vec_mean;p18_f02_vec_variance;p18_f03_vec_stddev;p18_f04_vec_min_max;p18_f05_vec_dot_product;p18_f06_vec_l1_norm;p18_f07_vec_l2_norm;p18_f08_vec_cosine_similarity;p18_f09_vec_normalize;p18_f10_vec_pearson_corr;p18_f11_vec_z_score;p18_f12_vec_histogram;p18_f13_vec_median;p18_f14_vec_quantile;p18_f15_vec_covariance;p18_f16_vec_scale_add,0,16,16,planned_frozen
p19_reuse025,sealed_test,p19,p18,0.25,16,4,12,0.25,p19|0.25|20261008,39be873e4671c03fe93d4723f2db9abd105057a52e49636ed1d219fe5b993f4d,968787774,1,p19_f01_sp_init;p19_f03_dijkstra;p19_f11_eccentricity;p19_f16_sp_clear,p19|p18|0.25|20261008|DONOR,5de7bbbd72d5d0f2d41edf9ed2b8b8bb03eb365a9d4d49b7c759026f1ea7b660,1575467965,5,p18_f01_vec_mean;p18_f02_vec_variance;p18_f03_vec_stddev;p18_f05_vec_dot_product;p18_f07_vec_l2_norm;p18_f08_vec_cosine_similarity;p18_f09_vec_normalize;p18_f10_vec_pearson_corr;p18_f13_vec_median;p18_f14_vec_quantile;p18_f15_vec_covariance;p18_f16_vec_scale_add,4,12,16,planned_frozen
p19_reuse050,sealed_test,p19,p18,0.50,16,8,8,0.50,p19|0.50|20261008,82585c51361c61cf63399867deb0bff9748dfb49d5e25376506c9fb0f70ebd53,2186828881,2,p19_f01_sp_init;p19_f03_dijkstra;p19_f04_bellman_ford;p19_f05_floyd_warshall;p19_f06_reconstruct_path;p19_f08_bidirectional_dijkstra;p19_f11_eccentricity;p19_f15_is_bipartite,p19|p18|0.50|20261008|DONOR,4989c39f3759e1f3531d63aa29688ed0b23146c43f917279ad098cddc3ea26e1,1233765279,16,p18_f01_vec_mean;p18_f04_vec_min_max;p18_f05_vec_dot_product;p18_f07_vec_l2_norm;p18_f09_vec_normalize;p18_f10_vec_pearson_corr;p18_f14_vec_quantile;p18_f16_vec_scale_add,8,8,16,planned_frozen
p19_reuse075,sealed_test,p19,p18,0.75,16,12,4,0.75,p19|0.75|20261008,d518cd3a242e0d9adbdfafa778330f8c9459f140d467401af63b0cc31ddf260a,3575172410,1,p19_f01_sp_init;p19_f02_sp_add_edge;p19_f03_dijkstra;p19_f04_bellman_ford;p19_f05_floyd_warshall;p19_f07_has_negative_cycle;p19_f09_prim_mst;p19_f10_kruskal_mst;p19_f11_eccentricity;p19_f12_graph_diameter;p19_f14_count_connected_components;p19_f16_sp_clear,p19|p18|0.75|20261008|DONOR,bd16162c72aa34804f101027cf62ff5d350e75b6c74dcbe55d316376e8469e50,3172341292,17,p18_f01_vec_mean;p18_f02_vec_variance;p18_f06_vec_l1_norm;p18_f16_vec_scale_add,12,4,16,planned_frozen
p19_reuse100,sealed_test,p19,p18,1.00,16,16,0,1.00,p19|1.00|20261008,abc67ee2135812500538c1daf50f515d43c29ef8448b08b739bafa9d36742147,2881912546,1,p19_f01_sp_init;p19_f02_sp_add_edge;p19_f03_dijkstra;p19_f04_bellman_ford;p19_f05_floyd_warshall;p19_f06_reconstruct_path;p19_f07_has_negative_cycle;p19_f08_bidirectional_dijkstra;p19_f09_prim_mst;p19_f10_kruskal_mst;p19_f11_eccentricity;p19_f12_graph_diameter;p19_f13_graph_radius;p19_f14_count_connected_components;p19_f15_is_bipartite;p19_f16_sp_clear,p19|p18|1.00|20261008|DONOR,796b1d2410c2236f6d4725e7ed0a54701b657325c814c16896dc29b92f581bf6,2037062948,1,,16,0,16,planned_frozen
p20_reuse000,sealed_test,p20,p19,0.00,16,0,16,0.00,p20|0.00|20261008,5015e4f51b52cde1d4bafb1c91b092e061f049849e0850c412b57423b6fd2414,1343612149,1,,p20|p19|0.00|20261008|DONOR,cba31d9d845a01c60ed5de10dbea91c17d51c53df4a3f56983cfb44a8c2b291e,3416464797,1,p19_f01_sp_init;p19_f02_sp_add_edge;p19_f03_dijkstra;p19_f04_bellman_ford;p19_f05_floyd_warshall;p19_f06_reconstruct_path;p19_f07_has_negative_cycle;p19_f08_bidirectional_dijkstra;p19_f09_prim_mst;p19_f10_kruskal_mst;p19_f11_eccentricity;p19_f12_graph_diameter;p19_f13_graph_radius;p19_f14_count_connected_components;p19_f15_is_bipartite;p19_f16_sp_clear,0,16,16,planned_frozen
p20_reuse025,sealed_test,p20,p19,0.25,16,4,12,0.25,p20|0.25|20261008,2e1f9e73706d04d2cbe625f72927e831a1810b8c1f328a5bbc9301d3f7b87306,773824115,1,p20_f03_ring_is_full;p20_f06_ring_write_byte;p20_f09_ring_read_slice;p20_f11_ring_discard,p20|p19|0.25|20261008|DONOR,ab11c0c689291ade7bd747c1ccbc3b213d9032574ced6995e96d93aa7bff1eb9,2870067398,4,p19_f01_sp_init;p19_f02_sp_add_edge;p19_f03_dijkstra;p19_f04_bellman_ford;p19_f05_floyd_warshall;p19_f06_reconstruct_path;p19_f07_has_negative_cycle;p19_f09_prim_mst;p19_f11_eccentricity;p19_f14_count_connected_components;p19_f15_is_bipartite;p19_f16_sp_clear,4,12,16,planned_frozen
p20_reuse050,sealed_test,p20,p19,0.50,16,8,8,0.50,p20|0.50|20261008,f6ce634fcccb89fb6721e412d5ec0d732760ba4b3929fbe9ee2aa7373cf06da5,4140720975,1,p20_f01_ring_init;p20_f04_ring_available;p20_f06_ring_write_byte;p20_f07_ring_read_byte;p20_f11_ring_discard;p20_f12_ring_find_marker;p20_f13_ring_linearize;p20_f16_ring_clear,p20|p19|0.50|20261008|DONOR,2922794cca0d77de860956ddbf88ef28dc4c31bcd781ac6fc80d34798a9ae80d,690125132,4,p19_f03_dijkstra;p19_f04_bellman_ford;p19_f05_floyd_warshall;p19_f07_has_negative_cycle;p19_f09_prim_mst;p19_f11_eccentricity;p19_f12_graph_diameter;p19_f13_graph_radius,8,8,16,planned_frozen
p20_reuse075,sealed_test,p20,p19,0.75,16,12,4,0.75,p20|0.75|20261008,903f12cd92a9aabdcb494a266173617f5fcaf5727216191a41059a3476664b5c,2420052685,1,p20_f01_ring_init;p20_f02_ring_is_empty;p20_f03_ring_is_full;p20_f04_ring_available;p20_f08_ring_write_slice;p20_f09_ring_read_slice;p20_f10_ring_peek_byte;p20_f11_ring_discard;p20_f12_ring_find_marker;p20_f13_ring_linearize;p20_f15_ring_checksum;p20_f16_ring_clear,p20|p19|0.75|20261008|DONOR,ecf1e9fe50d4585f3c604b73b8c967b0539b82c7bc92291a444e25bcef632a6d,3975277054,22,p19_f03_dijkstra;p19_f04_bellman_ford;p19_f07_has_negative_cycle;p19_f15_is_bipartite,12,4,16,planned_frozen
p20_reuse100,sealed_test,p20,p19,1.00,16,16,0,1.00,p20|1.00|20261008,5794b7626ff28a948b8f5d42e82a8e201e8cf80d6b8cb62cf9a4cd391b2809e5,1469364066,1,p20_f01_ring_init;p20_f02_ring_is_empty;p20_f03_ring_is_full;p20_f04_ring_available;p20_f05_ring_free_space;p20_f06_ring_write_byte;p20_f07_ring_read_byte;p20_f08_ring_write_slice;p20_f09_ring_read_slice;p20_f10_ring_peek_byte;p20_f11_ring_discard;p20_f12_ring_find_marker;p20_f13_ring_linearize;p20_f14_ring_high_watermark;p20_f15_ring_checksum;p20_f16_ring_clear,p20|p19|1.00|20261008|DONOR,16bdc9512a52f01a8417ea01bf94961f644010a4b9176cf7ffebc8bb32cc7d8e,381536593,1,,16,0,16,planned_frozen
p21_reuse000,sealed_test,p21,p20,0.00,16,0,16,0.00,p21|0.00|20261008,87fb0f9f023c0f9154c38876befc19837678047db4a9d8f9153154d8276f8262,2281377695,1,,p21|p20|0.00|20261008|DONOR,0fa854d6fdae4fc903a8bba57af6d99f5b6e7b3858160fe14c5ef6bddad7ceea,262690006,1,p20_f01_ring_init;p20_f02_ring_is_empty;p20_f03_ring_is_full;p20_f04_ring_available;p20_f05_ring_free_space;p20_f06_ring_write_byte;p20_f07_ring_read_byte;p20_f08_ring_write_slice;p20_f09_ring_read_slice;p20_f10_ring_peek_byte;p20_f11_ring_discard;p20_f12_ring_find_marker;p20_f13_ring_linearize;p20_f14_ring_high_watermark;p20_f15_ring_checksum;p20_f16_ring_clear,0,16,16,planned_frozen
p21_reuse025,sealed_test,p21,p20,0.25,16,4,12,0.25,p21|0.25|20261008,42c181f0b51dd2441867c849699f4e1707e190ede1b41cb1fe4fde8801719e47,1119977968,1,p21_f07_log_filter_level;p21_f08_log_search_substring;p21_f09_log_checksum;p21_f14_log_truncate_older,p21|p20|0.25|20261008|DONOR,462f1e73ed4c5100986cdd03cc58de4b9f83983eb516a69b4b0a17395a1afea0,1177493107,1,p20_f01_ring_init;p20_f02_ring_is_empty;p20_f03_ring_is_full;p20_f04_ring_available;p20_f05_ring_free_space;p20_f06_ring_write_byte;p20_f07_ring_read_byte;p20_f08_ring_write_slice;p20_f10_ring_peek_byte;p20_f11_ring_discard;p20_f14_ring_high_watermark;p20_f16_ring_clear,4,12,16,planned_frozen
p21_reuse050,sealed_test,p21,p20,0.50,16,8,8,0.50,p21|0.50|20261008,9a0b48665c27e664ccfd66e5d55cd13195bec3afb1ab8a795640d4341a6b8221,2584430694,3,p21_f01_log_init;p21_f03_log_get_by_seq;p21_f04_log_get_latest;p21_f05_log_get_oldest;p21_f07_log_filter_level;p21_f09_log_checksum;p21_f11_rle_compress;p21_f12_rle_decompress,p21|p20|0.50|20261008|DONOR,3f23e01780fa5c76073809c402b8b999766c2e4299ccf18bdaea841ad01c21b8,1059315735,1,p20_f04_ring_available;p20_f06_ring_write_byte;p20_f07_ring_read_byte;p20_f08_ring_write_slice;p20_f10_ring_peek_byte;p20_f13_ring_linearize;p20_f14_ring_high_watermark;p20_f15_ring_checksum,8,8,16,planned_frozen
p21_reuse075,sealed_test,p21,p20,0.75,16,12,4,0.75,p21|0.75|20261008,e34d3251a3fd158e9f8a30191a808da479622b7e27d0cc53907a6387a08e704d,3813487185,1,p21_f01_log_init;p21_f02_log_append;p21_f04_log_get_latest;p21_f05_log_get_oldest;p21_f06_log_count;p21_f07_log_filter_level;p21_f08_log_search_substring;p21_f09_log_checksum;p21_f12_rle_decompress;p21_f13_log_filter_timestamp;p21_f14_log_truncate_older;p21_f16_log_clear,p21|p20|0.75|20261008|DONOR,152a9cf606ddbea1dede5fc062877fd6fa7528931de8dde055964982e49e088a,355114230,1,p20_f01_ring_init;p20_f08_ring_write_slice;p20_f11_ring_discard;p20_f14_ring_high_watermark,12,4,16,planned_frozen
p21_reuse100,sealed_test,p21,p20,1.00,16,16,0,1.00,p21|1.00|20261008,46376b38daea56c70c30abd7b80f35c552a9f4270a6c3eb4cddf2043d156b57d,1178037048,1,p21_f01_log_init;p21_f02_log_append;p21_f03_log_get_by_seq;p21_f04_log_get_latest;p21_f05_log_get_oldest;p21_f06_log_count;p21_f07_log_filter_level;p21_f08_log_search_substring;p21_f09_log_checksum;p21_f10_log_verify_checksum;p21_f11_rle_compress;p21_f12_rle_decompress;p21_f13_log_filter_timestamp;p21_f14_log_truncate_older;p21_f15_log_export_stats;p21_f16_log_clear,p21|p20|1.00|20261008|DONOR,16da3c24f77c9c6772b156651294cd8e57da6afcc91b531834612d7b8637d274,383400996,1,,16,0,16,planned_frozen
