program_id,program_name,split,domain,role,governance_status
p01,p01_crc_fletcher,train,crypto_checksum,uniqueness_reference_corpus,locked_reference_train
p02,p02_binary_heap,train,data_structures,uniqueness_reference_corpus,locked_reference_train
p03,p03_string_token,train,string_text,uniqueness_reference_corpus,locked_reference_train
p04,p04_matrix_linear,train,numerical_math,uniqueness_reference_corpus,locked_reference_train
p05,p05_graph_traversal,train,graph_algorithms,uniqueness_reference_corpus,locked_reference_train
p06,p06_packet_tlv,train,network_packet,uniqueness_reference_corpus,locked_reference_train
p07,p07_slab_allocator,train,system_memory,uniqueness_reference_corpus,locked_reference_train
p08,p08_adler_siphash,dev,crypto_checksum,background_null_calibration_and_hyperparameter_tuning,open_dev_partition
p09,p09_avl_tree,dev,data_structures,background_null_calibration_and_hyperparameter_tuning,open_dev_partition
p10,p10_regex_nfa,dev,string_text,background_null_calibration_and_hyperparameter_tuning,open_dev_partition
p11,p11_fixed_point,dev,numerical_math,background_null_calibration_and_hyperparameter_tuning,open_dev_partition
p12,p12_topological_dag,dev,graph_algorithms,background_null_calibration_and_hyperparameter_tuning,open_dev_partition
p13,p13_slip_framing,dev,network_packet,background_null_calibration_and_hyperparameter_tuning,open_dev_partition
p14,p14_bitmap_index,dev,system_memory,background_null_calibration_and_hyperparameter_tuning,open_dev_partition
p15,p15_fnv_murmur,sealed_test,crypto_checksum,independent_blind_evaluation_strictly_sealed,strictly_sealed_offline
p16,p16_b_tree_node,sealed_test,data_structures,independent_blind_evaluation_strictly_sealed,strictly_sealed_offline
p17,p17_json_tokenizer,sealed_test,string_text,independent_blind_evaluation_strictly_sealed,strictly_sealed_offline
p18,p18_stats_vector,sealed_test,numerical_math,independent_blind_evaluation_strictly_sealed,strictly_sealed_offline
p19,p19_shortest_path,sealed_test,graph_algorithms,independent_blind_evaluation_strictly_sealed,strictly_sealed_offline
p20,p20_ring_frame,sealed_test,network_packet,independent_blind_evaluation_strictly_sealed,strictly_sealed_offline
p21,p21_circular_log,sealed_test,system_memory,independent_blind_evaluation_strictly_sealed,strictly_sealed_offline
